#0 building with "default" instance using docker driver

#1 [internal] load build definition from Dockerfile.erlang-asan
#1 transferring dockerfile: 1.24kB done
#1 DONE 0.0s

#2 [internal] load metadata for docker.io/library/debian:bookworm-slim
#2 DONE 1.0s

#3 [internal] load .dockerignore
#3 transferring context: 218B done
#3 DONE 0.0s

#4 [1/5] FROM docker.io/library/debian:bookworm-slim@sha256:b4aa902587c2e61ce789849cb54c332b0400fe27b1ee33af4669e1f7e7c3e22f
#4 resolve docker.io/library/debian:bookworm-slim@sha256:b4aa902587c2e61ce789849cb54c332b0400fe27b1ee33af4669e1f7e7c3e22f 0.0s done
#4 DONE 0.0s

#5 [2/5] RUN apt-get update && apt-get install -y     build-essential     autoconf     m4     libncurses-dev     libssl-dev     unixodbc-dev     libgmp3-dev     libwxgtk3.2-dev     libwxgtk-webview3.2-dev     libsctp-dev     wget     git     && rm -rf /var/lib/apt/lists/*
#5 CACHED

#6 [3/5] WORKDIR /build
#6 CACHED

#7 [4/5] RUN wget https://github.com/erlang/otp/releases/download/OTP-26.2.5.12/otp_src_26.2.5.12.tar.gz &&     tar -xzf otp_src_26.2.5.12.tar.gz &&     cd otp_src_26.2.5.12 &&     export CFLAGS="-fsanitize=address -fno-omit-frame-pointer -g -O1" &&     export LDFLAGS="-fsanitize=address" &&     export ASAN_OPTIONS="detect_leaks=0" &&     ./configure --prefix=/usr/local --enable-jit --without-javac --without-odbc &&     make -j$(nproc) &&     make install &&     cd / && rm -rf /build
#7 0.219 --2025-12-06 18:27:20--  https://github.com/erlang/otp/releases/download/OTP-26.2.5.12/otp_src_26.2.5.12.tar.gz
#7 0.227 Resolving github.com (github.com)... 20.26.156.215
#7 0.250 Connecting to github.com (github.com)|20.26.156.215|:443... connected.
#7 0.378 HTTP request sent, awaiting response... 302 Found
#7 0.593 Location: https://release-assets.githubusercontent.com/github-production-release-asset/374927/b0804ccd-bd65-4e46-8cb9-8df233b91457?sp=r&sv=2018-11-09&sr=b&spr=https&se=2025-12-06T19%3A20%3A44Z&rscd=attachment%3B+filename%3Dotp_src_26.2.5.12.tar.gz&rsct=application%2Foctet-stream&skoid=96c2d410-5711-43a1-aedd-ab1947aa7ab0&sktid=398a6654-997b-47e9-b12b-9515b896b4de&skt=2025-12-06T18%3A20%3A20Z&ske=2025-12-06T19%3A20%3A44Z&sks=b&skv=2018-11-09&sig=YgtEHr2ESI5bc20wO3mIqs8b2oOyLlWC7fJ%2FJOYmFGc%3D&jwt=eyJ0eXAiOiJKV1QiLCJhbGciOiJIUzI1NiJ9.eyJpc3MiOiJnaXRodWIuY29tIiwiYXVkIjoicmVsZWFzZS1hc3NldHMuZ2l0aHVidXNlcmNvbnRlbnQuY29tIiwia2V5Ijoia2V5MSIsImV4cCI6MTc2NTA0OTI0MSwibmJmIjoxNzY1MDQ1NjQxLCJwYXRoIjoicmVsZWFzZWFzc2V0cHJvZHVjdGlvbi5ibG9iLmNvcmUud2luZG93cy5uZXQifQ.fsmZD8IAJRXLPX6AFJuQHw7Vkk4JppDdcxYgmxVgBsM&response-content-disposition=attachment%3B%20filename%3Dotp_src_26.2.5.12.tar.gz&response-content-type=application%2Foctet-stream [following]
#7 0.593 --2025-12-06 18:27:21--  https://release-assets.githubusercontent.com/github-production-release-asset/374927/b0804ccd-bd65-4e46-8cb9-8df233b91457?sp=r&sv=2018-11-09&sr=b&spr=https&se=2025-12-06T19%3A20%3A44Z&rscd=attachment%3B+filename%3Dotp_src_26.2.5.12.tar.gz&rsct=application%2Foctet-stream&skoid=96c2d410-5711-43a1-aedd-ab1947aa7ab0&sktid=398a6654-997b-47e9-b12b-9515b896b4de&skt=2025-12-06T18%3A20%3A20Z&ske=2025-12-06T19%3A20%3A44Z&sks=b&skv=2018-11-09&sig=YgtEHr2ESI5bc20wO3mIqs8b2oOyLlWC7fJ%2FJOYmFGc%3D&jwt=eyJ0eXAiOiJKV1QiLCJhbGciOiJIUzI1NiJ9.eyJpc3MiOiJnaXRodWIuY29tIiwiYXVkIjoicmVsZWFzZS1hc3NldHMuZ2l0aHVidXNlcmNvbnRlbnQuY29tIiwia2V5Ijoia2V5MSIsImV4cCI6MTc2NTA0OTI0MSwibmJmIjoxNzY1MDQ1NjQxLCJwYXRoIjoicmVsZWFzZWFzc2V0cHJvZHVjdGlvbi5ibG9iLmNvcmUud2luZG93cy5uZXQifQ.fsmZD8IAJRXLPX6AFJuQHw7Vkk4JppDdcxYgmxVgBsM&response-content-disposition=attachment%3B%20filename%3Dotp_src_26.2.5.12.tar.gz&response-content-type=application%2Foctet-stream
#7 0.593 Resolving release-assets.githubusercontent.com (release-assets.githubusercontent.com)... 185.199.108.133, 185.199.111.133, 185.199.109.133, ...
#7 0.623 Connecting to release-assets.githubusercontent.com (release-assets.githubusercontent.com)|185.199.108.133|:443... connected.
#7 0.712 HTTP request sent, awaiting response... 200 OK
#7 0.861 Length: 106263911 (101M) [application/octet-stream]
#7 0.867 Saving to: 'otp_src_26.2.5.12.tar.gz'
#7 0.870 
#7 0.870      0K .......... .......... .......... .......... ..........  0%  927K 1m52s
#7 0.921     50K .......... .......... .......... .......... ..........  0% 2.17M 79s
#7 0.943    100K .......... .......... .......... .......... ..........  0% 1.27M 79s
#7 0.981    150K .......... .......... .......... .......... ..........  0% 2.26M 71s
#7 1.003    200K .......... .......... .......... .......... ..........  0% 4.79M 61s
#7 1.013    250K .......... .......... .......... .......... ..........  0% 1.83M 60s
#7 1.040    300K .......... .......... .......... .......... ..........  0% 4.97M 54s
#7 1.050    350K .......... .......... .......... .......... ..........  0% 1.20M 58s
#7 1.094    400K .......... .......... .......... .......... ..........  0% 2.26M 56s
#7 1.112    450K .......... .......... .......... .......... ..........  0% 2.39M 55s
#7 1.133    500K .......... .......... .......... .......... ..........  0% 2.42M 54s
#7 1.153    550K .......... .......... .......... .......... ..........  0% 1.67M 54s
#7 1.182    600K .......... .......... .......... .......... ..........  0% 2.70M 53s
#7 1.200    650K .......... .......... .......... .......... ..........  0% 6.77M 50s
#7 1.207    700K .......... .......... .......... .......... ..........  0% 11.7M 47s
#7 1.211    750K .......... .......... .......... .......... ..........  0% 6.61M 45s
#7 1.220    800K .......... .......... .......... .......... ..........  0% 4.26M 44s
#7 1.230    850K .......... .......... .......... .......... ..........  0% 3.23M 43s
#7 1.245    900K .......... .......... .......... .......... ..........  0% 4.59M 42s
#7 1.256    950K .......... .......... .......... .......... ..........  0% 4.03M 41s
#7 1.268   1000K .......... .......... .......... .......... ..........  1% 5.29M 40s
#7 1.277   1050K .......... .......... .......... .......... ..........  1% 5.45M 39s
#7 1.286   1100K .......... .......... .......... .......... ..........  1% 5.25M 38s
#7 1.296   1150K .......... .......... .......... .......... ..........  1% 11.8M 37s
#7 1.306   1200K .......... .......... .......... .......... ..........  1% 4.59M 36s
#7 1.310   1250K .......... .......... .......... .......... ..........  1% 7.32M 36s
#7 1.317   1300K .......... .......... .......... .......... ..........  1% 11.7M 34s
#7 1.321   1350K .......... .......... .......... .......... ..........  1% 7.98M 34s
#7 1.327   1400K .......... .......... .......... .......... ..........  1% 11.4M 33s
#7 1.332   1450K .......... .......... .......... .......... ..........  1% 6.46M 32s
#7 1.339   1500K .......... .......... .......... .......... ..........  1% 6.48M 32s
#7 1.347   1550K .......... .......... .......... .......... ..........  1% 11.3M 31s
#7 1.352   1600K .......... .......... .......... .......... ..........  1% 7.23M 30s
#7 1.358   1650K .......... .......... .......... .......... ..........  1% 6.51M 30s
#7 1.365   1700K .......... .......... .......... .......... ..........  1% 11.7M 29s
#7 1.369   1750K .......... .......... .......... .......... ..........  1% 6.78M 29s
#7 1.377   1800K .......... .......... .......... .......... ..........  1% 5.83M 29s
#7 1.385   1850K .......... .......... .......... .......... ..........  1% 4.85M 28s
#7 1.395   1900K .......... .......... .......... .......... ..........  1% 11.5M 28s
#7 1.399   1950K .......... .......... .......... .......... ..........  1% 11.2M 27s
#7 1.405   2000K .......... .......... .......... .......... ..........  1% 3.69M 27s
#7 1.417   2050K .......... .......... .......... .......... ..........  2% 11.9M 27s
#7 1.421   2100K .......... .......... .......... .......... ..........  2% 8.34M 26s
#7 1.427   2150K .......... .......... .......... .......... ..........  2% 11.7M 26s
#7 1.431   2200K .......... .......... .......... .......... ..........  2% 10.9M 26s
#7 1.435   2250K .......... .......... .......... .......... ..........  2% 11.3M 25s
#7 1.440   2300K .......... .......... .......... .......... ..........  2% 7.97M 25s
#7 1.446   2350K .......... .......... .......... .......... ..........  2% 4.66M 25s
#7 1.458   2400K .......... .......... .......... .......... ..........  2% 8.73M 25s
#7 1.462   2450K .......... .......... .......... .......... ..........  2% 7.91M 24s
#7 1.468   2500K .......... .......... .......... .......... ..........  2% 6.74M 24s
#7 1.475   2550K .......... .......... .......... .......... ..........  2% 11.7M 24s
#7 1.480   2600K .......... .......... .......... .......... ..........  2% 9.17M 24s
#7 1.485   2650K .......... .......... .......... .......... ..........  2% 11.3M 23s
#7 1.489   2700K .......... .......... .......... .......... ..........  2% 11.7M 23s
#7 1.493   2750K .......... .......... .......... .......... ..........  2% 7.90M 23s
#7 1.504   2800K .......... .......... .......... .......... ..........  2% 4.75M 23s
#7 1.510   2850K .......... .......... .......... .......... ..........  2% 5.92M 23s
#7 1.518   2900K .......... .......... .......... .......... ..........  2% 11.3M 22s
#7 1.522   2950K .......... .......... .......... .......... ..........  2% 9.15M 22s
#7 1.528   3000K .......... .......... .......... .......... ..........  2% 5.68M 22s
#7 1.536   3050K .......... .......... .......... .......... ..........  2% 11.3M 22s
#7 1.541   3100K .......... .......... .......... .......... ..........  3% 8.94M 22s
#7 1.546   3150K .......... .......... .......... .......... ..........  3% 11.8M 21s
#7 1.553   3200K .......... .......... .......... .......... ..........  3% 5.15M 21s
#7 1.560   3250K .......... .......... .......... .......... ..........  3% 6.87M 21s
#7 1.567   3300K .......... .......... .......... .......... ..........  3% 11.8M 21s
#7 1.571   3350K .......... .......... .......... .......... ..........  3% 7.08M 21s
#7 1.578   3400K .......... .......... .......... .......... ..........  3% 6.96M 21s
#7 1.585   3450K .......... .......... .......... .......... ..........  3% 12.0M 21s
#7 1.589   3500K .......... .......... .......... .......... ..........  3% 7.05M 21s
#7 1.596   3550K .......... .......... .......... .......... ..........  3% 12.0M 20s
#7 1.601   3600K .......... .......... .......... .......... ..........  3% 6.52M 20s
#7 1.607   3650K .......... .......... .......... .......... ..........  3% 11.3M 20s
#7 1.612   3700K .......... .......... .......... .......... ..........  3% 9.24M 20s
#7 1.617   3750K .......... .......... .......... .......... ..........  3% 4.32M 20s
#7 1.628   3800K .......... .......... .......... .......... ..........  3% 8.74M 20s
#7 1.634   3850K .......... .......... .......... .......... ..........  3% 8.81M 20s
#7 1.639   3900K .......... .......... .......... .......... ..........  3% 5.17M 20s
#7 1.649   3950K .......... .......... .......... .......... ..........  3% 6.72M 20s
#7 1.658   4000K .......... .......... .......... .......... ..........  3% 8.73M 20s
#7 1.662   4050K .......... .......... .......... .......... ..........  3% 7.41M 19s
#7 1.668   4100K .......... .......... .......... .......... ..........  3% 11.2M 19s
#7 1.673   4150K .......... .......... .......... .......... ..........  4% 7.20M 19s
#7 1.680   4200K .......... .......... .......... .......... ..........  4% 8.83M 19s
#7 1.685   4250K .......... .......... .......... .......... ..........  4% 11.4M 19s
#7 1.689   4300K .......... .......... .......... .......... ..........  4% 6.14M 19s
#7 1.697   4350K .......... .......... .......... .......... ..........  4% 11.4M 19s
#7 1.704   4400K .......... .......... .......... .......... ..........  4% 3.81M 19s
#7 1.714   4450K .......... .......... .......... .......... ..........  4% 11.9M 19s
#7 1.718   4500K .......... .......... .......... .......... ..........  4% 11.3M 19s
#7 1.723   4550K .......... .......... .......... .......... ..........  4% 8.24M 19s
#7 1.729   4600K .......... .......... .......... .......... ..........  4% 6.63M 19s
#7 1.736   4650K .......... .......... .......... .......... ..........  4% 6.45M 18s
#7 1.744   4700K .......... .......... .......... .......... ..........  4% 10.4M 18s
#7 1.748   4750K .......... .......... .......... .......... ..........  4% 5.47M 18s
#7 1.759   4800K .......... .......... .......... .......... ..........  4% 7.03M 18s
#7 1.764   4850K .......... .......... .......... .......... ..........  4% 10.5M 18s
#7 1.769   4900K .......... .......... .......... .......... ..........  4% 5.68M 18s
#7 1.777   4950K .......... .......... .......... .......... ..........  4% 6.04M 18s
#7 1.786   5000K .......... .......... .......... .......... ..........  4% 11.6M 18s
#7 1.790   5050K .......... .......... .......... .......... ..........  4% 7.57M 18s
#7 1.796   5100K .......... .......... .......... .......... ..........  4% 11.4M 18s
#7 1.801   5150K .......... .......... .......... .......... ..........  5% 7.54M 18s
#7 1.808   5200K .......... .......... .......... .......... ..........  5% 6.51M 18s
#7 1.815   5250K .......... .......... .......... .......... ..........  5% 11.4M 18s
#7 1.819   5300K .......... .......... .......... .......... ..........  5% 5.68M 18s
#7 1.827   5350K .......... .......... .......... .......... ..........  5% 5.71M 18s
#7 1.836   5400K .......... .......... .......... .......... ..........  5% 11.4M 18s
#7 1.840   5450K .......... .......... .......... .......... ..........  5% 10.2M 17s
#7 1.845   5500K .......... .......... .......... .......... ..........  5% 5.16M 17s
#7 1.855   5550K .......... .......... .......... .......... ..........  5% 11.5M 17s
#7 1.860   5600K .......... .......... .......... .......... ..........  5% 7.46M 17s
#7 1.865   5650K .......... .......... .......... .......... ..........  5% 11.4M 17s
#7 1.870   5700K .......... .......... .......... .......... ..........  5% 9.81M 17s
#7 1.875   5750K .......... .......... .......... .......... ..........  5% 11.4M 17s
#7 1.879   5800K .......... .......... .......... .......... ..........  5% 6.11M 17s
#7 1.887   5850K .......... .......... .......... .......... ..........  5% 11.5M 17s
#7 1.891   5900K .......... .......... .......... .......... ..........  5% 7.00M 17s
#7 1.898   5950K .......... .......... .......... .......... ..........  5% 7.60M 17s
#7 1.908   6000K .......... .......... .......... .......... ..........  5% 4.40M 17s
#7 1.916   6050K .......... .......... .......... .......... ..........  5% 11.3M 17s
#7 1.920   6100K .......... .......... .......... .......... ..........  5% 8.76M 17s
#7 1.925   6150K .......... .......... .......... .......... ..........  5% 11.8M 17s
#7 1.930   6200K .......... .......... .......... .......... ..........  6% 7.67M 17s
#7 1.936   6250K .......... .......... .......... .......... ..........  6% 4.97M 17s
#7 1.946   6300K .......... .......... .......... .......... ..........  6% 12.4M 17s
#7 1.950   6350K .......... .......... .......... .......... ..........  6% 5.82M 17s
#7 1.960   6400K .......... .......... .......... .......... ..........  6% 7.83M 17s
#7 1.964   6450K .......... .......... .......... .......... ..........  6% 9.71M 17s
#7 1.969   6500K .......... .......... .......... .......... ..........  6% 5.96M 16s
#7 1.978   6550K .......... .......... .......... .......... ..........  6% 11.4M 16s
#7 1.982   6600K .......... .......... .......... .......... ..........  6% 9.07M 16s
#7 1.987   6650K .......... .......... .......... .......... ..........  6% 11.4M 16s
#7 1.992   6700K .......... .......... .......... .......... ..........  6% 7.58M 16s
#7 1.998   6750K .......... .......... .......... .......... ..........  6% 11.7M 16s
#7 2.005   6800K .......... .......... .......... .......... ..........  6% 5.94M 16s
#7 2.010   6850K .......... .......... .......... .......... ..........  6% 7.23M 16s
#7 2.017   6900K .......... .......... .......... .......... ..........  6% 4.81M 16s
#7 2.027   6950K .......... .......... .......... .......... ..........  6% 5.85M 16s
#7 2.036   7000K .......... .......... .......... .......... ..........  6% 11.6M 16s
#7 2.040   7050K .......... .......... .......... .......... ..........  6% 11.4M 16s
#7 2.044   7100K .......... .......... .......... .......... ..........  6% 4.79M 16s
#7 2.054   7150K .......... .......... .......... .......... ..........  6% 11.7M 16s
#7 2.060   7200K .......... .......... .......... .......... ..........  6% 4.86M 16s
#7 2.069   7250K .......... .......... .......... .......... ..........  7% 11.4M 16s
#7 2.073   7300K .......... .......... .......... .......... ..........  7% 8.38M 16s
#7 2.079   7350K .......... .......... .......... .......... ..........  7% 9.19M 16s
#7 2.084   7400K .......... .......... .......... .......... ..........  7% 8.05M 16s
#7 2.090   7450K .......... .......... .......... .......... ..........  7% 6.37M 16s
#7 2.098   7500K .......... .......... .......... .......... ..........  7% 10.5M 16s
#7 2.102   7550K .......... .......... .......... .......... ..........  7% 7.70M 16s
#7 2.110   7600K .......... .......... .......... .......... ..........  7% 5.35M 16s
#7 2.118   7650K .......... .......... .......... .......... ..........  7% 11.3M 16s
#7 2.122   7700K .......... .......... .......... .......... ..........  7% 7.22M 16s
#7 2.129   7750K .......... .......... .......... .......... ..........  7% 6.74M 16s
#7 2.136   7800K .......... .......... .......... .......... ..........  7% 11.3M 16s
#7 2.140   7850K .......... .......... .......... .......... ..........  7% 7.50M 16s
#7 2.147   7900K .......... .......... .......... .......... ..........  7% 11.6M 15s
#7 2.151   7950K .......... .......... .......... .......... ..........  7% 8.59M 15s
#7 2.158   8000K .......... .......... .......... .......... ..........  7% 8.74M 15s
#7 2.162   8050K .......... .......... .......... .......... ..........  7% 8.65M 15s
#7 2.168   8100K .......... .......... .......... .......... ..........  7% 8.19M 15s
#7 2.174   8150K .......... .......... .......... .......... ..........  7% 9.39M 15s
#7 2.179   8200K .......... .......... .......... .......... ..........  7% 9.11M 15s
#7 2.185   8250K .......... .......... .......... .......... ..........  7% 11.4M 15s
#7 2.189   8300K .......... .......... .......... .......... ..........  8% 6.00M 15s
#7 2.197   8350K .......... .......... .......... .......... ..........  8% 11.4M 15s
#7 2.203   8400K .......... .......... .......... .......... ..........  8% 6.76M 15s
#7 2.209   8450K .......... .......... .......... .......... ..........  8% 6.01M 15s
#7 2.217   8500K .......... .......... .......... .......... ..........  8% 11.3M 15s
#7 2.221   8550K .......... .......... .......... .......... ..........  8% 8.73M 15s
#7 2.227   8600K .......... .......... .......... .......... ..........  8% 11.6M 15s
#7 2.231   8650K .......... .......... .......... .......... ..........  8% 11.4M 15s
#7 2.235   8700K .......... .......... .......... .......... ..........  8% 5.66M 15s
#7 2.244   8750K .......... .......... .......... .......... ..........  8% 9.87M 15s
#7 2.250   8800K .......... .......... .......... .......... ..........  8% 6.81M 15s
#7 2.256   8850K .......... .......... .......... .......... ..........  8% 11.4M 15s
#7 2.260   8900K .......... .......... .......... .......... ..........  8% 8.21M 15s
#7 2.266   8950K .......... .......... .......... .......... ..........  8% 11.3M 15s
#7 2.270   9000K .......... .......... .......... .......... ..........  8% 6.89M 15s
#7 2.278   9050K .......... .......... .......... .......... ..........  8% 11.6M 15s
#7 2.282   9100K .......... .......... .......... .......... ..........  8% 8.39M 15s
#7 2.288   9150K .......... .......... .......... .......... ..........  8% 6.88M 15s
#7 2.296   9200K .......... .......... .......... .......... ..........  8% 8.76M 15s
#7 2.300   9250K .......... .......... .......... .......... ..........  8% 7.28M 15s
#7 2.307   9300K .......... .......... .......... .......... ..........  9% 11.0M 15s
#7 2.311   9350K .......... .......... .......... .......... ..........  9% 7.74M 15s
#7 2.318   9400K .......... .......... .......... .......... ..........  9% 11.3M 15s
#7 2.322   9450K .......... .......... .......... .......... ..........  9% 7.26M 15s
#7 2.329   9500K .......... .......... .......... .......... ..........  9% 7.92M 14s
#7 2.335   9550K .......... .......... .......... .......... ..........  9% 11.4M 14s
#7 2.341   9600K .......... .......... .......... .......... ..........  9% 7.23M 14s
#7 2.346   9650K .......... .......... .......... .......... ..........  9% 11.4M 14s
#7 2.350   9700K .......... .......... .......... .......... ..........  9% 8.87M 14s
#7 2.356   9750K .......... .......... .......... .......... ..........  9% 11.7M 14s
#7 2.360   9800K .......... .......... .......... .......... ..........  9% 11.3M 14s
#7 2.364   9850K .......... .......... .......... .......... ..........  9% 11.4M 14s
#7 2.368   9900K .......... .......... .......... .......... ..........  9% 11.7M 14s
#7 2.373   9950K .......... .......... .......... .......... ..........  9% 5.07M 14s
#7 2.386  10000K .......... .......... .......... .......... ..........  9% 5.79M 14s
#7 2.391  10050K .......... .......... .......... .......... ..........  9% 6.12M 14s
#7 2.399  10100K .......... .......... .......... .......... ..........  9% 8.46M 14s
#7 2.405  10150K .......... .......... .......... .......... ..........  9% 11.7M 14s
#7 2.409  10200K .......... .......... .......... .......... ..........  9% 6.12M 14s
#7 2.417  10250K .......... .......... .......... .......... ..........  9% 8.02M 14s
#7 2.424  10300K .......... .......... .......... .......... ..........  9% 8.50M 14s
#7 2.428  10350K .......... .......... .......... .......... .......... 10% 6.77M 14s
#7 2.436  10400K .......... .......... .......... .......... .......... 10% 4.85M 14s
#7 2.446  10450K .......... .......... .......... .......... .......... 10% 10.2M 14s
#7 2.451  10500K .......... .......... .......... .......... .......... 10% 9.66M 14s
#7 2.456  10550K .......... .......... .......... .......... .......... 10% 9.66M 14s
#7 2.464  10600K .......... .......... .......... .......... .......... 10% 6.13M 14s
#7 2.469  10650K .......... .......... .......... .......... .......... 10% 11.3M 14s
#7 2.473  10700K .......... .......... .......... .......... .......... 10% 6.25M 14s
#7 2.481  10750K .......... .......... .......... .......... .......... 10% 9.25M 14s
#7 2.486  10800K .......... .......... .......... .......... .......... 10% 11.2M 14s
#7 2.490  10850K .......... .......... .......... .......... .......... 10% 4.90M 14s
#7 2.500  10900K .......... .......... .......... .......... .......... 10% 11.2M 14s
#7 2.505  10950K .......... .......... .......... .......... .......... 10% 8.24M 14s
#7 2.512  11000K .......... .......... .......... .......... .......... 10% 7.94M 14s
#7 2.517  11050K .......... .......... .......... .......... .......... 10% 11.6M 14s
#7 2.521  11100K .......... .......... .......... .......... .......... 10% 6.34M 14s
#7 2.529  11150K .......... .......... .......... .......... .......... 10% 5.79M 14s
#7 2.537  11200K .......... .......... .......... .......... .......... 10% 5.60M 14s
#7 2.546  11250K .......... .......... .......... .......... .......... 10% 11.4M 14s
#7 2.550  11300K .......... .......... .......... .......... .......... 10% 8.66M 14s
#7 2.556  11350K .......... .......... .......... .......... .......... 10% 11.7M 14s
#7 2.561  11400K .......... .......... .......... .......... .......... 11% 5.41M 14s
#7 2.569  11450K .......... .......... .......... .......... .......... 11% 8.89M 14s
#7 2.574  11500K .......... .......... .......... .......... .......... 11% 11.6M 14s
#7 2.579  11550K .......... .......... .......... .......... .......... 11% 7.16M 14s
#7 2.585  11600K .......... .......... .......... .......... .......... 11% 11.7M 14s
#7 2.590  11650K .......... .......... .......... .......... .......... 11% 11.3M 14s
#7 2.594  11700K .......... .......... .......... .......... .......... 11% 8.79M 14s
#7 2.600  11750K .......... .......... .......... .......... .......... 11% 6.17M 14s
#7 2.609  11800K .......... .......... .......... .......... .......... 11% 5.70M 14s
#7 2.616  11850K .......... .......... .......... .......... .......... 11% 10.1M 14s
#7 2.621  11900K .......... .......... .......... .......... .......... 11% 7.54M 14s
#7 2.627  11950K .......... .......... .......... .......... .......... 11% 11.3M 13s
#7 2.632  12000K .......... .......... .......... .......... .......... 11% 8.77M 13s
#7 2.637  12050K .......... .......... .......... .......... .......... 11% 11.7M 13s
#7 2.641  12100K .......... .......... .......... .......... .......... 11% 6.32M 13s
#7 2.649  12150K .......... .......... .......... .......... .......... 11% 8.82M 13s
#7 2.656  12200K .......... .......... .......... .......... .......... 11% 7.25M 13s
#7 2.661  12250K .......... .......... .......... .......... .......... 11% 7.38M 13s
#7 2.668  12300K .......... .......... .......... .......... .......... 11% 11.4M 13s
#7 2.672  12350K .......... .......... .......... .......... .......... 11% 6.55M 13s
#7 2.680  12400K .......... .......... .......... .......... .......... 11% 10.6M 13s
#7 2.684  12450K .......... .......... .......... .......... .......... 12% 11.3M 13s
#7 2.689  12500K .......... .......... .......... .......... .......... 12% 7.76M 13s
#7 2.695  12550K .......... .......... .......... .......... .......... 12% 7.91M 13s
#7 2.704  12600K .......... .......... .......... .......... .......... 12% 6.51M 13s
#7 2.709  12650K .......... .......... .......... .......... .......... 12% 6.20M 13s
#7 2.716  12700K .......... .......... .......... .......... .......... 12% 6.48M 13s
#7 2.724  12750K .......... .......... .......... .......... .......... 12% 12.3M 13s
#7 2.728  12800K .......... .......... .......... .......... .......... 12% 7.09M 13s
#7 2.735  12850K .......... .......... .......... .......... .......... 12% 11.4M 13s
#7 2.739  12900K .......... .......... .......... .......... .......... 12% 9.92M 13s
#7 2.744  12950K .......... .......... .......... .......... .......... 12% 8.64M 13s
#7 2.751  13000K .......... .......... .......... .......... .......... 12% 5.30M 13s
#7 2.759  13050K .......... .......... .......... .......... .......... 12% 11.7M 13s
#7 2.763  13100K .......... .......... .......... .......... .......... 12% 10.1M 13s
#7 2.768  13150K .......... .......... .......... .......... .......... 12% 11.4M 13s
#7 2.772  13200K .......... .......... .......... .......... .......... 12% 10.1M 13s
#7 2.777  13250K .......... .......... .......... .......... .......... 12% 11.4M 13s
#7 2.781  13300K .......... .......... .......... .......... .......... 12% 9.11M 13s
#7 2.787  13350K .......... .......... .......... .......... .......... 12% 11.7M 13s
#7 2.794  13400K .......... .......... .......... .......... .......... 12% 6.48M 13s
#7 2.798  13450K .......... .......... .......... .......... .......... 13% 7.71M 13s
#7 2.805  13500K .......... .......... .......... .......... .......... 13% 10.1M 13s
#7 2.810  13550K .......... .......... .......... .......... .......... 13% 7.62M 13s
#7 2.816  13600K .......... .......... .......... .......... .......... 13% 9.38M 13s
#7 2.821  13650K .......... .......... .......... .......... .......... 13% 8.05M 13s
#7 2.827  13700K .......... .......... .......... .......... .......... 13% 10.2M 13s
#7 2.832  13750K .......... .......... .......... .......... .......... 13% 9.01M 13s
#7 2.839  13800K .......... .......... .......... .......... .......... 13% 7.44M 13s
#7 2.844  13850K .......... .......... .......... .......... .......... 13% 8.91M 13s
#7 2.849  13900K .......... .......... .......... .......... .......... 13% 7.03M 13s
#7 2.856  13950K .......... .......... .......... .......... .......... 13% 5.68M 13s
#7 2.865  14000K .......... .......... .......... .......... .......... 13% 11.3M 13s
#7 2.869  14050K .......... .......... .......... .......... .......... 13% 7.89M 13s
#7 2.876  14100K .......... .......... .......... .......... .......... 13% 11.3M 13s
#7 2.880  14150K .......... .......... .......... .......... .......... 13% 10.8M 13s
#7 2.887  14200K .......... .......... .......... .......... .......... 13% 7.34M 13s
#7 2.891  14250K .......... .......... .......... .......... .......... 13% 7.43M 13s
#7 2.898  14300K .......... .......... .......... .......... .......... 13% 11.3M 13s
#7 2.902  14350K .......... .......... .......... .......... .......... 13% 8.39M 13s
#7 2.908  14400K .......... .......... .......... .......... .......... 13% 11.2M 13s
#7 2.912  14450K .......... .......... .......... .......... .......... 13% 7.29M 13s
#7 2.919  14500K .......... .......... .......... .......... .......... 14% 9.12M 13s
#7 2.924  14550K .......... .......... .......... .......... .......... 14% 9.93M 13s
#7 2.930  14600K .......... .......... .......... .......... .......... 14% 6.07M 13s
#7 2.937  14650K .......... .......... .......... .......... .......... 14% 5.75M 13s
#7 2.946  14700K .......... .......... .......... .......... .......... 14% 10.4M 13s
#7 2.950  14750K .......... .......... .......... .......... .......... 14% 7.73M 13s
#7 2.957  14800K .......... .......... .......... .......... .......... 14% 11.6M 13s
#7 2.961  14850K .......... .......... .......... .......... .......... 14% 8.02M 13s
#7 2.967  14900K .......... .......... .......... .......... .......... 14% 9.67M 13s
#7 2.972  14950K .......... .......... .......... .......... .......... 14% 8.18M 12s
#7 2.979  15000K .......... .......... .......... .......... .......... 14% 5.42M 12s
#7 2.987  15050K .......... .......... .......... .......... .......... 14% 11.7M 12s
#7 2.991  15100K .......... .......... .......... .......... .......... 14% 11.3M 12s
#7 2.995  15150K .......... .......... .......... .......... .......... 14% 11.4M 12s
#7 3.000  15200K .......... .......... .......... .......... .......... 14% 10.2M 12s
#7 3.004  15250K .......... .......... .......... .......... .......... 14% 8.98M 12s
#7 3.010  15300K .......... .......... .......... .......... .......... 14% 8.89M 12s
#7 3.015  15350K .......... .......... .......... .......... .......... 14% 4.68M 12s
#7 3.027  15400K .......... .......... .......... .......... .......... 14% 8.62M 12s
#7 3.031  15450K .......... .......... .......... .......... .......... 14% 10.8M 12s
#7 3.036  15500K .......... .......... .......... .......... .......... 14% 11.6M 12s
#7 3.040  15550K .......... .......... .......... .......... .......... 15% 7.03M 12s
#7 3.047  15600K .......... .......... .......... .......... .......... 15% 7.19M 12s
#7 3.054  15650K .......... .......... .......... .......... .......... 15% 11.8M 12s
#7 3.058  15700K .......... .......... .......... .......... .......... 15% 6.46M 12s
#7 3.066  15750K .......... .......... .......... .......... .......... 15% 11.3M 12s
#7 3.071  15800K .......... .......... .......... .......... .......... 15% 6.26M 12s
#7 3.078  15850K .......... .......... .......... .......... .......... 15% 8.93M 12s
#7 3.083  15900K .......... .......... .......... .......... .......... 15% 6.72M 12s
#7 3.090  15950K .......... .......... .......... .......... .......... 15% 7.38M 12s
#7 3.097  16000K .......... .......... .......... .......... .......... 15% 5.65M 12s
#7 3.106  16050K .......... .......... .......... .......... .......... 15% 11.7M 12s
#7 3.110  16100K .......... .......... .......... .......... .......... 15% 7.71M 12s
#7 3.116  16150K .......... .......... .......... .......... .......... 15% 11.4M 12s
#7 3.124  16200K .......... .......... .......... .......... .......... 15% 5.78M 12s
#7 3.129  16250K .......... .......... .......... .......... .......... 15% 7.36M 12s
#7 3.136  16300K .......... .......... .......... .......... .......... 15% 11.4M 12s
#7 3.140  16350K .......... .......... .......... .......... .......... 15% 7.75M 12s
#7 3.146  16400K .......... .......... .......... .......... .......... 15% 11.3M 12s
#7 3.150  16450K .......... .......... .......... .......... .......... 15% 8.17M 12s
#7 3.156  16500K .......... .......... .......... .......... .......... 15% 11.7M 12s
#7 3.161  16550K .......... .......... .......... .......... .......... 15% 7.11M 12s
#7 3.169  16600K .......... .......... .......... .......... .......... 16% 6.13M 12s
#7 3.175  16650K .......... .......... .......... .......... .......... 16% 5.52M 12s
#7 3.184  16700K .......... .......... .......... .......... .......... 16% 11.4M 12s
#7 3.189  16750K .......... .......... .......... .......... .......... 16% 7.99M 12s
#7 3.195  16800K .......... .......... .......... .......... .......... 16% 11.6M 12s
#7 3.199  16850K .......... .......... .......... .......... .......... 16% 11.4M 12s
#7 3.203  16900K .......... .......... .......... .......... .......... 16% 11.4M 12s
#7 3.208  16950K .......... .......... .......... .......... .......... 16% 11.7M 12s
#7 3.213  17000K .......... .......... .......... .......... .......... 16% 7.64M 12s
#7 3.218  17050K .......... .......... .......... .......... .......... 16% 11.6M 12s
#7 3.222  17100K .......... .......... .......... .......... .......... 16% 11.3M 12s
#7 3.227  17150K .......... .......... .......... .......... .......... 16% 11.4M 12s
#7 3.231  17200K .......... .......... .......... .......... .......... 16% 11.6M 12s
#7 3.235  17250K .......... .......... .......... .......... .......... 16% 11.3M 12s
#7 3.239  17300K .......... .......... .......... .......... .......... 16% 11.4M 12s
#7 3.244  17350K .......... .......... .......... .......... .......... 16% 11.6M 12s
#7 3.249  17400K .......... .......... .......... .......... .......... 16% 5.26M 12s
#7 3.257  17450K .......... .......... .......... .......... .......... 16% 11.3M 12s
#7 3.261  17500K .......... .......... .......... .......... .......... 16% 9.52M 12s
#7 3.267  17550K .......... .......... .......... .......... .......... 16% 11.3M 12s
#7 3.271  17600K .......... .......... .......... .......... .......... 17% 10.4M 12s
#7 3.276  17650K .......... .......... .......... .......... .......... 17% 11.7M 12s
#7 3.280  17700K .......... .......... .......... .......... .......... 17% 11.3M 12s
#7 3.284  17750K .......... .......... .......... .......... .......... 17% 7.17M 12s
#7 3.292  17800K .......... .......... .......... .......... .......... 17% 8.70M 12s
#7 3.297  17850K .......... .......... .......... .......... .......... 17% 11.3M 12s
#7 3.301  17900K .......... .......... .......... .......... .......... 17% 11.3M 12s
#7 3.305  17950K .......... .......... .......... .......... .......... 17% 11.7M 12s
#7 3.309  18000K .......... .......... .......... .......... .......... 17% 11.3M 12s
#7 3.314  18050K .......... .......... .......... .......... .......... 17% 11.4M 12s
#7 3.318  18100K .......... .......... .......... .......... .......... 17% 11.6M 12s
#7 3.322  18150K .......... .......... .......... .......... .......... 17% 11.0M 12s
#7 3.328  18200K .......... .......... .......... .......... .......... 17% 8.75M 12s
#7 3.332  18250K .......... .......... .......... .......... .......... 17% 11.3M 12s
#7 3.336  18300K .......... .......... .......... .......... .......... 17% 11.4M 12s
#7 3.341  18350K .......... .......... .......... .......... .......... 17% 11.6M 11s
#7 3.345  18400K .......... .......... .......... .......... .......... 17% 11.3M 11s
#7 3.349  18450K .......... .......... .......... .......... .......... 17% 11.3M 11s
#7 3.354  18500K .......... .......... .......... .......... .......... 17% 11.7M 11s
#7 3.358  18550K .......... .......... .......... .......... .......... 17% 11.4M 11s
#7 3.363  18600K .......... .......... .......... .......... .......... 17% 8.53M 11s
#7 3.368  18650K .......... .......... .......... .......... .......... 18% 11.6M 11s
#7 3.372  18700K .......... .......... .......... .......... .......... 18% 11.4M 11s
#7 3.376  18750K .......... .......... .......... .......... .......... 18% 11.3M 11s
#7 3.381  18800K .......... .......... .......... .......... .......... 18% 11.6M 11s
#7 3.385  18850K .......... .......... .......... .......... .......... 18% 11.4M 11s
#7 3.389  18900K .......... .......... .......... .......... .......... 18% 11.4M 11s
#7 3.393  18950K .......... .......... .......... .......... .......... 18% 11.6M 11s
#7 3.399  19000K .......... .......... .......... .......... .......... 18% 8.55M 11s
#7 3.403  19050K .......... .......... .......... .......... .......... 18% 11.7M 11s
#7 3.407  19100K .......... .......... .......... .......... .......... 18% 11.4M 11s
#7 3.412  19150K .......... .......... .......... .......... .......... 18% 11.3M 11s
#7 3.416  19200K .......... .......... .......... .......... .......... 18% 11.6M 11s
#7 3.420  19250K .......... .......... .......... .......... .......... 18% 11.3M 11s
#7 3.425  19300K .......... .......... .......... .......... .......... 18% 11.4M 11s
#7 3.429  19350K .......... .......... .......... .......... .......... 18% 11.7M 11s
#7 3.434  19400K .......... .......... .......... .......... .......... 18% 8.55M 11s
#7 3.439  19450K .......... .......... .......... .......... .......... 18% 11.3M 11s
#7 3.443  19500K .......... .......... .......... .......... .......... 18% 11.6M 11s
#7 3.447  19550K .......... .......... .......... .......... .......... 18% 11.4M 11s
#7 3.452  19600K .......... .......... .......... .......... .......... 18% 11.3M 11s
#7 3.456  19650K .......... .......... .......... .......... .......... 18% 11.8M 11s
#7 3.460  19700K .......... .......... .......... .......... .......... 19% 11.4M 11s
#7 3.464  19750K .......... .......... .......... .......... .......... 19% 11.3M 11s
#7 3.470  19800K .......... .......... .......... .......... .......... 19% 8.71M 11s
#7 3.474  19850K .......... .......... .......... .......... .......... 19% 11.4M 11s
#7 3.479  19900K .......... .......... .......... .......... .......... 19% 11.4M 11s
#7 3.483  19950K .......... .......... .......... .......... .......... 19% 11.7M 11s
#7 3.487  20000K .......... .......... .......... .......... .......... 19% 11.3M 11s
#7 3.491  20050K .......... .......... .......... .......... .......... 19% 11.4M 11s
#7 3.496  20100K .......... .......... .......... .......... .......... 19% 11.6M 11s
#7 3.500  20150K .......... .......... .......... .......... .......... 19% 11.3M 11s
#7 3.506  20200K .......... .......... .......... .......... .......... 19% 8.75M 11s
#7 3.510  20250K .......... .......... .......... .......... .......... 19% 11.3M 11s
#7 3.514  20300K .......... .......... .......... .......... .......... 19% 11.3M 11s
#7 3.518  20350K .......... .......... .......... .......... .......... 19% 11.7M 11s
#7 3.523  20400K .......... .......... .......... .......... .......... 19% 11.3M 11s
#7 3.527  20450K .......... .......... .......... .......... .......... 19% 1.87M 11s
#7 3.553  20500K .......... .......... .......... .......... .......... 19% 11.8M 11s
#7 3.557  20550K .......... .......... .......... .......... .......... 19% 11.3M 11s
#7 3.561  20600K .......... .......... .......... .......... .......... 19% 9.75M 11s
#7 3.566  20650K .......... .......... .......... .......... .......... 19% 14.0M 11s
#7 3.570  20700K .......... .......... .......... .......... .......... 19% 11.4M 11s
#7 3.574  20750K .......... .......... .......... .......... .......... 20% 9.47M 11s
#7 3.579  20800K .......... .......... .......... .......... .......... 20% 12.0M 11s
#7 3.583  20850K .......... .......... .......... .......... .......... 20% 11.1M 11s
#7 3.588  20900K .......... .......... .......... .......... .......... 20% 9.92M 11s
#7 3.593  20950K .......... .......... .......... .......... .......... 20% 13.5M 11s
#7 3.598  21000K .......... .......... .......... .......... .......... 20% 8.56M 11s
#7 3.602  21050K .......... .......... .......... .......... .......... 20% 11.4M 11s
#7 3.606  21100K .......... .......... .......... .......... .......... 20% 14.5M 11s
#7 3.610  21150K .......... .......... .......... .......... .......... 20% 8.55M 11s
#7 3.616  21200K .......... .......... .......... .......... .......... 20% 12.3M 11s
#7 3.619  21250K .......... .......... .......... .......... .......... 20% 11.4M 11s
#7 3.624  21300K .......... .......... .......... .......... .......... 20% 10.7M 11s
#7 3.628  21350K .......... .......... .......... .......... .......... 20% 11.7M 11s
#7 3.632  21400K .......... .......... .......... .......... .......... 20% 11.6M 11s
#7 3.637  21450K .......... .......... .......... .......... .......... 20% 11.9M 11s
#7 3.641  21500K .......... .......... .......... .......... .......... 20% 12.3M 11s
#7 3.645  21550K .......... .......... .......... .......... .......... 20% 9.96M 11s
#7 3.650  21600K .......... .......... .......... .......... .......... 20% 12.1M 11s
#7 3.654  21650K .......... .......... .......... .......... .......... 20% 11.0M 11s
#7 3.658  21700K .......... .......... .......... .......... .......... 20% 11.9M 11s
#7 3.662  21750K .......... .......... .......... .......... .......... 21% 11.2M 11s
#7 3.667  21800K .......... .......... .......... .......... .......... 21% 12.2M 11s
#7 3.671  21850K .......... .......... .......... .......... .......... 21% 11.9M 10s
#7 3.675  21900K .......... .......... .......... .......... .......... 21% 9.77M 10s
#7 3.680  21950K .......... .......... .......... .......... .......... 21% 11.9M 10s
#7 3.684  22000K .......... .......... .......... .......... .......... 21% 11.6M 10s
#7 3.688  22050K .......... .......... .......... .......... .......... 21% 11.9M 10s
#7 3.692  22100K .......... .......... .......... .......... .......... 21% 11.5M 10s
#7 3.696  22150K .......... .......... .......... .......... .......... 21% 12.5M 10s
#7 3.700  22200K .......... .......... .......... .......... .......... 21% 11.9M 10s
#7 3.704  22250K .......... .......... .......... .......... .......... 21% 12.3M 10s
#7 3.710  22300K .......... .......... .......... .......... .......... 21% 8.94M 10s
#7 3.714  22350K .......... .......... .......... .......... .......... 21% 10.8M 10s
#7 3.718  22400K .......... .......... .......... .......... .......... 21% 12.9M 10s
#7 3.722  22450K .......... .......... .......... .......... .......... 21% 11.9M 10s
#7 3.726  22500K .......... .......... .......... .......... .......... 21% 12.2M 10s
#7 3.730  22550K .......... .......... .......... .......... .......... 21% 9.08M 10s
#7 3.736  22600K .......... .......... .......... .......... .......... 21% 11.3M 10s
#7 3.740  22650K .......... .......... .......... .......... .......... 21% 10.9M 10s
#7 3.744  22700K .......... .......... .......... .......... .......... 21% 9.50M 10s
#7 3.750  22750K .......... .......... .......... .......... .......... 21% 11.7M 10s
#7 3.754  22800K .......... .......... .......... .......... .......... 22% 12.2M 10s
#7 3.758  22850K .......... .......... .......... .......... .......... 22% 11.9M 10s
#7 3.762  22900K .......... .......... .......... .......... .......... 22% 11.9M 10s
#7 3.766  22950K .......... .......... .......... .......... .......... 22% 12.1M 10s
#7 3.770  23000K .......... .......... .......... .......... .......... 22% 11.9M 10s
#7 3.774  23050K .......... .......... .......... .......... .......... 22% 5.12M 10s
#7 3.784  23100K .......... .......... .......... .......... .......... 22% 11.6M 10s
#7 3.788  23150K .......... .......... .......... .......... .......... 22% 8.95M 10s
#7 3.793  23200K .......... .......... .......... .......... .......... 22% 11.9M 10s
#7 3.797  23250K .......... .......... .......... .......... .......... 22% 12.3M 10s
#7 3.801  23300K .......... .......... .......... .......... .......... 22% 11.8M 10s
#7 3.805  23350K .......... .......... .......... .......... .......... 22% 11.8M 10s
#7 3.810  23400K .......... .......... .......... .......... .......... 22% 12.2M 10s
#7 3.814  23450K .......... .......... .......... .......... .......... 22% 11.9M 10s
#7 3.818  23500K .......... .......... .......... .......... .......... 22% 11.9M 10s
#7 3.822  23550K .......... .......... .......... .......... .......... 22% 9.16M 10s
#7 3.827  23600K .......... .......... .......... .......... .......... 22% 11.9M 10s
#7 3.831  23650K .......... .......... .......... .......... .......... 22% 11.9M 10s
#7 3.835  23700K .......... .......... .......... .......... .......... 22% 12.3M 10s
#7 3.839  23750K .......... .......... .......... .......... .......... 22% 11.9M 10s
#7 3.843  23800K .......... .......... .......... .......... .......... 22% 11.9M 10s
#7 3.848  23850K .......... .......... .......... .......... .......... 23% 12.1M 10s
#7 3.852  23900K .......... .......... .......... .......... .......... 23% 11.9M 10s
#7 3.856  23950K .......... .......... .......... .......... .......... 23% 9.10M 10s
#7 3.861  24000K .......... .......... .......... .......... .......... 23% 10.6M 10s
#7 3.866  24050K .......... .......... .......... .......... .......... 23% 11.8M 10s
#7 3.870  24100K .......... .......... .......... .......... .......... 23% 9.41M 10s
#7 3.875  24150K .......... .......... .......... .......... .......... 23% 11.8M 10s
#7 3.879  24200K .......... .......... .......... .......... .......... 23% 11.8M 10s
#7 3.883  24250K .......... .......... .......... .......... .......... 23% 12.3M 10s
#7 3.887  24300K .......... .......... .......... .......... .......... 23% 11.9M 10s
#7 3.891  24350K .......... .......... .......... .......... .......... 23% 8.95M 10s
#7 3.897  24400K .......... .......... .......... .......... .......... 23% 12.2M 10s
#7 3.901  24450K .......... .......... .......... .......... .......... 23% 11.9M 10s
#7 3.905  24500K .......... .......... .......... .......... .......... 23% 11.9M 10s
#7 3.909  24550K .......... .......... .......... .......... .......... 23% 12.2M 10s
#7 3.913  24600K .......... .......... .......... .......... .......... 23% 12.0M 10s
#7 3.917  24650K .......... .......... .......... .......... .......... 23% 11.8M 10s
#7 3.921  24700K .......... .......... .......... .......... .......... 23% 12.2M 10s
#7 3.925  24750K .......... .......... .......... .......... .......... 23% 8.92M 10s
#7 3.931  24800K .......... .......... .......... .......... .......... 23% 11.7M 10s
#7 3.935  24850K .......... .......... .......... .......... .......... 23% 12.2M 10s
#7 3.939  24900K .......... .......... .......... .......... .......... 24% 9.68M 10s
#7 3.944  24950K .......... .......... .......... .......... .......... 24% 12.0M 10s
#7 3.948  25000K .......... .......... .......... .......... .......... 24% 11.2M 10s
#7 3.952  25050K .......... .......... .......... .......... .......... 24% 9.07M 10s
#7 3.958  25100K .......... .......... .......... .......... .......... 24% 12.3M 10s
#7 3.962  25150K .......... .......... .......... .......... .......... 24% 8.92M 10s
#7 3.967  25200K .......... .......... .......... .......... .......... 24% 11.9M 10s
#7 3.971  25250K .......... .......... .......... .......... .......... 24% 12.2M 10s
#7 3.975  25300K .......... .......... .......... .......... .......... 24% 11.8M 10s
#7 3.979  25350K .......... .......... .......... .......... .......... 24% 7.83M 10s
#7 3.985  25400K .......... .......... .......... .......... .......... 24% 12.2M 10s
#7 3.990  25450K .......... .......... .......... .......... .......... 24% 11.9M 10s
#7 3.994  25500K .......... .......... .......... .......... .......... 24% 11.9M 10s
#7 3.998  25550K .......... .......... .......... .......... .......... 24% 8.97M 10s
#7 4.003  25600K .......... .......... .......... .......... .......... 24% 11.9M 10s
#7 4.007  25650K .......... .......... .......... .......... .......... 24% 11.9M 10s
#7 4.011  25700K .......... .......... .......... .......... .......... 24% 8.65M 10s
#7 4.017  25750K .......... .......... .......... .......... .......... 24% 11.8M 10s
#7 4.021  25800K .......... .......... .......... .......... .......... 24% 11.9M 10s
#7 4.025  25850K .......... .......... .......... .......... .......... 24% 12.3M 10s
#7 4.029  25900K .......... .......... .......... .......... .......... 25% 10.6M 9s
#7 4.034  25950K .......... .......... .......... .......... .......... 25% 8.04M 9s
#7 4.040  26000K .......... .......... .......... .......... .......... 25% 11.4M 9s
#7 4.044  26050K .......... .......... .......... .......... .......... 25% 11.9M 9s
#7 4.048  26100K .......... .......... .......... .......... .......... 25% 12.3M 9s
#7 4.052  26150K .......... .......... .......... .......... .......... 25% 10.8M 9s
#7 4.057  26200K .......... .......... .......... .......... .......... 25% 11.9M 9s
#7 4.061  26250K .......... .......... .......... .......... .......... 25% 6.52M 9s
#7 4.068  26300K .......... .......... .......... .......... .......... 25% 11.9M 9s
#7 4.073  26350K .......... .......... .......... .......... .......... 25% 8.96M 9s
#7 4.078  26400K .......... .......... .......... .......... .......... 25% 12.2M 9s
#7 4.082  26450K .......... .......... .......... .......... .......... 25% 11.4M 9s
#7 4.086  26500K .......... .......... .......... .......... .......... 25% 11.8M 9s
#7 4.090  26550K .......... .......... .......... .......... .......... 25% 10.2M 9s
#7 4.095  26600K .......... .......... .......... .......... .......... 25% 11.8M 9s
#7 4.099  26650K .......... .......... .......... .......... .......... 25% 9.31M 9s
#7 4.105  26700K .......... .......... .......... .......... .......... 25% 12.2M 9s
#7 4.109  26750K .......... .......... .......... .......... .......... 25% 5.50M 9s
#7 4.117  26800K .......... .......... .......... .......... .......... 25% 11.8M 9s
#7 4.122  26850K .......... .......... .......... .......... .......... 25% 12.3M 9s
#7 4.126  26900K .......... .......... .......... .......... .......... 25% 11.9M 9s
#7 4.130  26950K .......... .......... .......... .......... .......... 26% 11.8M 9s
#7 4.134  27000K .......... .......... .......... .......... .......... 26% 12.2M 9s
#7 4.138  27050K .......... .......... .......... .......... .......... 26% 6.32M 9s
#7 4.146  27100K .......... .......... .......... .......... .......... 26% 12.1M 9s
#7 4.150  27150K .......... .......... .......... .......... .......... 26% 9.14M 9s
#7 4.155  27200K .......... .......... .......... .......... .......... 26% 11.9M 9s
#7 4.159  27250K .......... .......... .......... .......... .......... 26% 12.2M 9s
#7 4.163  27300K .......... .......... .......... .......... .......... 26% 11.9M 9s
#7 4.167  27350K .......... .......... .......... .......... .......... 26% 11.8M 9s
#7 4.171  27400K .......... .......... .......... .......... .......... 26% 12.3M 9s
#7 4.175  27450K .......... .......... .......... .......... .......... 26% 11.9M 9s
#7 4.179  27500K .......... .......... .......... .......... .......... 26% 12.0M 9s
#7 4.183  27550K .......... .......... .......... .......... .......... 26% 9.11M 9s
#7 4.189  27600K .......... .......... .......... .......... .......... 26% 7.41M 9s
#7 4.195  27650K .......... .......... .......... .......... .......... 26% 12.6M 9s
#7 4.199  27700K .......... .......... .......... .......... .......... 26% 12.2M 9s
#7 4.203  27750K .......... .......... .......... .......... .......... 26% 11.9M 9s
#7 4.207  27800K .......... .......... .......... .......... .......... 26% 11.9M 9s
#7 4.212  27850K .......... .......... .......... .......... .......... 26% 12.3M 9s
#7 4.215  27900K .......... .......... .......... .......... .......... 26% 11.9M 9s
#7 4.220  27950K .......... .......... .......... .......... .......... 26% 8.66M 9s
#7 4.225  28000K .......... .......... .......... .......... .......... 27% 11.6M 9s
#7 4.229  28050K .......... .......... .......... .......... .......... 27% 11.3M 9s
#7 4.234  28100K .......... .......... .......... .......... .......... 27% 11.4M 9s
#7 4.238  28150K .......... .......... .......... .......... .......... 27% 11.7M 9s
#7 4.242  28200K .......... .......... .......... .......... .......... 27% 11.3M 9s
#7 4.247  28250K .......... .......... .......... .......... .......... 27% 11.3M 9s
#7 4.251  28300K .......... .......... .......... .......... .......... 27% 11.6M 9s
#7 4.255  28350K .......... .......... .......... .......... .......... 27% 8.54M 9s
#7 4.261  28400K .......... .......... .......... .......... .......... 27% 11.5M 9s
#7 4.265  28450K .......... .......... .......... .......... .......... 27% 11.8M 9s
#7 4.269  28500K .......... .......... .......... .......... .......... 27% 12.0M 9s
#7 4.273  28550K .......... .......... .......... .......... .......... 27% 12.1M 9s
#7 4.277  28600K .......... .......... .......... .......... .......... 27% 11.8M 9s
#7 4.281  28650K .......... .......... .......... .......... .......... 27% 11.9M 9s
#7 4.286  28700K .......... .......... .......... .......... .......... 27% 12.2M 9s
#7 4.290  28750K .......... .......... .......... .......... .......... 27% 5.54M 9s
#7 4.298  28800K .......... .......... .......... .......... .......... 27% 11.8M 9s
#7 4.302  28850K .......... .......... .......... .......... .......... 27% 12.0M 9s
#7 4.307  28900K .......... .......... .......... .......... .......... 27% 11.5M 9s
#7 4.311  28950K .......... .......... .......... .......... .......... 27% 11.3M 9s
#7 4.315  29000K .......... .......... .......... .......... .......... 27% 11.7M 9s
#7 4.319  29050K .......... .......... .......... .......... .......... 28% 11.4M 9s
#7 4.324  29100K .......... .......... .......... .......... .......... 28% 11.3M 9s
#7 4.328  29150K .......... .......... .......... .......... .......... 28% 8.69M 9s
#7 4.334  29200K .......... .......... .......... .......... .......... 28% 11.4M 9s
#7 4.338  29250K .......... .......... .......... .......... .......... 28% 11.7M 9s
#7 4.342  29300K .......... .......... .......... .......... .......... 28% 11.3M 9s
#7 4.346  29350K .......... .......... .......... .......... .......... 28% 11.4M 9s
#7 4.351  29400K .......... .......... .......... .......... .......... 28% 12.2M 9s
#7 4.355  29450K .......... .......... .......... .......... .......... 28% 11.9M 9s
#7 4.359  29500K .......... .......... .......... .......... .......... 28% 11.9M 9s
#7 4.363  29550K .......... .......... .......... .......... .......... 28% 9.14M 9s
#7 4.368  29600K .......... .......... .......... .......... .......... 28% 11.9M 9s
#7 4.372  29650K .......... .......... .......... .......... .......... 28% 11.9M 9s
#7 4.376  29700K .......... .......... .......... .......... .......... 28% 12.2M 9s
#7 4.380  29750K .......... .......... .......... .......... .......... 28% 11.8M 9s
#7 4.384  29800K .......... .......... .......... .......... .......... 28% 11.9M 9s
#7 4.389  29850K .......... .......... .......... .......... .......... 28% 12.3M 9s
#7 4.393  29900K .......... .......... .......... .......... .......... 28% 11.9M 9s
#7 4.397  29950K .......... .......... .......... .......... .......... 28% 8.97M 9s
#7 4.402  30000K .......... .......... .......... .......... .......... 28% 12.2M 9s
#7 4.406  30050K .......... .......... .......... .......... .......... 29% 11.9M 9s
#7 4.410  30100K .......... .......... .......... .......... .......... 29% 11.7M 9s
#7 4.414  30150K .......... .......... .......... .......... .......... 29% 12.1M 9s
#7 4.418  30200K .......... .......... .......... .......... .......... 29% 10.6M 9s
#7 4.423  30250K .......... .......... .......... .......... .......... 29% 11.9M 9s
#7 4.427  30300K .......... .......... .......... .......... .......... 29% 12.3M 9s
#7 4.431  30350K .......... .......... .......... .......... .......... 29% 8.95M 9s
#7 4.437  30400K .......... .......... .......... .......... .......... 29% 12.2M 9s
#7 4.441  30450K .......... .......... .......... .......... .......... 29% 12.0M 9s
#7 4.445  30500K .......... .......... .......... .......... .......... 29% 11.8M 9s
#7 4.449  30550K .......... .......... .......... .......... .......... 29% 9.06M 9s
#7 4.454  30600K .......... .......... .......... .......... .......... 29% 11.9M 9s
#7 4.458  30650K .......... .......... .......... .......... .......... 29% 10.4M 9s
#7 4.463  30700K .......... .......... .......... .......... .......... 29% 12.0M 9s
#7 4.467  30750K .......... .......... .......... .......... .......... 29% 9.49M 9s
#7 4.472  30800K .......... .......... .......... .......... .......... 29% 9.69M 9s
#7 4.477  30850K .......... .......... .......... .......... .......... 29% 11.9M 9s
#7 4.481  30900K .......... .......... .......... .......... .......... 29% 12.3M 9s
#7 4.485  30950K .......... .......... .......... .......... .......... 29% 11.9M 9s
#7 4.489  31000K .......... .......... .......... .......... .......... 29% 11.9M 8s
#7 4.494  31050K .......... .......... .......... .......... .......... 29% 10.4M 8s
#7 4.498  31100K .......... .......... .......... .......... .......... 30% 11.8M 8s
#7 4.502  31150K .......... .......... .......... .......... .......... 30% 11.9M 8s
#7 4.506  31200K .......... .......... .......... .......... .......... 30% 12.3M 8s
#7 4.510  31250K .......... .......... .......... .......... .......... 30% 10.2M 8s
#7 4.517  31300K .......... .......... .......... .......... .......... 30% 8.89M 8s
#7 4.521  31350K .......... .......... .......... .......... .......... 30% 12.0M 8s
#7 4.525  31400K .......... .......... .......... .......... .......... 30% 12.1M 8s
#7 4.529  31450K .......... .......... .......... .......... .......... 30% 11.4M 8s
#7 4.533  31500K .......... .......... .......... .......... .......... 30% 12.0M 8s
#7 4.537  31550K .......... .......... .......... .......... .......... 30% 6.65M 8s
#7 4.544  31600K .......... .......... .......... .......... .......... 30% 11.9M 8s
#7 4.549  31650K .......... .......... .......... .......... .......... 30% 12.3M 8s
#7 4.554  31700K .......... .......... .......... .......... .......... 30% 8.97M 8s
#7 4.558  31750K .......... .......... .......... .......... .......... 30% 12.3M 8s
#7 4.562  31800K .......... .......... .......... .......... .......... 30% 11.8M 8s
#7 4.566  31850K .......... .......... .......... .......... .......... 30% 11.9M 8s
#7 4.570  31900K .......... .......... .......... .......... .......... 30% 12.2M 8s
#7 4.574  31950K .......... .......... .......... .......... .......... 30% 11.9M 8s
#7 4.578  32000K .......... .......... .......... .......... .......... 30% 11.9M 8s
#7 4.582  32050K .......... .......... .......... .......... .......... 30% 12.2M 8s
#7 4.588  32100K .......... .......... .......... .......... .......... 30% 8.95M 8s
#7 4.592  32150K .......... .......... .......... .......... .......... 31% 11.9M 8s
#7 4.596  32200K .......... .......... .......... .......... .......... 31% 12.2M 8s
#7 4.600  32250K .......... .......... .......... .......... .......... 31% 11.9M 8s
#7 4.604  32300K .......... .......... .......... .......... .......... 31% 11.8M 8s
#7 4.608  32350K .......... .......... .......... .......... .......... 31% 12.1M 8s
#7 4.612  32400K .......... .......... .......... .......... .......... 31% 11.9M 8s
#7 4.616  32450K .......... .......... .......... .......... .......... 31% 11.8M 8s
#7 4.623  32500K .......... .......... .......... .......... .......... 31% 8.01M 8s
#7 4.627  32550K .......... .......... .......... .......... .......... 31% 11.9M 8s
#7 4.631  32600K .......... .......... .......... .......... .......... 31% 12.0M 8s
#7 4.635  32650K .......... .......... .......... .......... .......... 31% 12.1M 8s
#7 4.639  32700K .......... .......... .......... .......... .......... 31% 11.1M 8s
#7 4.643  32750K .......... .......... .......... .......... .......... 31% 11.9M 8s
#7 4.647  32800K .......... .......... .......... .......... .......... 31% 12.3M 8s
#7 4.651  32850K .......... .......... .......... .......... .......... 31% 11.9M 8s
#7 4.657  32900K .......... .......... .......... .......... .......... 31% 9.12M 8s
#7 4.661  32950K .......... .......... .......... .......... .......... 31% 9.02M 8s
#7 4.666  33000K .......... .......... .......... .......... .......... 31% 11.9M 8s
#7 4.670  33050K .......... .......... .......... .......... .......... 31% 12.2M 8s
#7 4.674  33100K .......... .......... .......... .......... .......... 31% 11.8M 8s
#7 4.678  33150K .......... .......... .......... .......... .......... 31% 11.9M 8s
#7 4.682  33200K .......... .......... .......... .......... .......... 32% 12.2M 8s
#7 4.686  33250K .......... .......... .......... .......... .......... 32% 11.9M 8s
#7 4.692  33300K .......... .......... .......... .......... .......... 32% 8.33M 8s
#7 4.696  33350K .......... .......... .......... .......... .......... 32% 12.2M 8s
#7 4.700  33400K .......... .......... .......... .......... .......... 32% 11.9M 8s
#7 4.704  33450K .......... .......... .......... .......... .......... 32% 11.9M 8s
#7 4.709  33500K .......... .......... .......... .......... .......... 32% 9.67M 8s
#7 4.714  33550K .......... .......... .......... .......... .......... 32% 11.9M 8s
#7 4.718  33600K .......... .......... .......... .......... .......... 32% 11.9M 8s
#7 4.722  33650K .......... .......... .......... .......... .......... 32% 12.3M 8s
#7 4.727  33700K .......... .......... .......... .......... .......... 32% 9.16M 8s
#7 4.731  33750K .......... .......... .......... .......... .......... 32% 12.8M 8s
#7 4.735  33800K .......... .......... .......... .......... .......... 32% 12.4M 8s
#7 4.739  33850K .......... .......... .......... .......... .......... 32% 5.96M 8s
#7 4.747  33900K .......... .......... .......... .......... .......... 32% 12.8M 8s
#7 4.751  33950K .......... .......... .......... .......... .......... 32% 12.4M 8s
#7 4.755  34000K .......... .......... .......... .......... .......... 32% 12.5M 8s
#7 4.759  34050K .......... .......... .......... .......... .......... 32% 12.7M 8s
#7 4.764  34100K .......... .......... .......... .......... .......... 32% 9.34M 8s
#7 4.768  34150K .......... .......... .......... .......... .......... 32% 7.80M 8s
#7 4.774  34200K .......... .......... .......... .......... .......... 33% 12.2M 8s
#7 4.778  34250K .......... .......... .......... .......... .......... 33% 8.72M 8s
#7 4.784  34300K .......... .......... .......... .......... .......... 33% 11.8M 8s
#7 4.788  34350K .......... .......... .......... .......... .......... 33% 12.3M 8s
#7 4.792  34400K .......... .......... .......... .......... .......... 33% 11.9M 8s
#7 4.796  34450K .......... .......... .......... .......... .......... 33% 11.9M 8s
#7 4.801  34500K .......... .......... .......... .......... .......... 33% 9.17M 8s
#7 4.805  34550K .......... .......... .......... .......... .......... 33% 11.9M 8s
#7 4.809  34600K .......... .......... .......... .......... .......... 33% 11.5M 8s
#7 4.814  34650K .......... .......... .......... .......... .......... 33% 12.7M 8s
#7 4.818  34700K .......... .......... .......... .......... .......... 33% 12.3M 8s
#7 4.821  34750K .......... .......... .......... .......... .......... 33% 6.97M 8s
#7 4.828  34800K .......... .......... .......... .......... .......... 33% 8.32M 8s
#7 4.834  34850K .......... .......... .......... .......... .......... 33% 12.2M 8s
#7 4.840  34900K .......... .......... .......... .......... .......... 33% 7.39M 8s
#7 4.845  34950K .......... .......... .......... .......... .......... 33% 12.4M 8s
#7 4.849  35000K .......... .......... .......... .......... .......... 33% 6.14M 8s
#7 4.857  35050K .......... .......... .......... .......... .......... 33% 12.2M 8s
#7 4.861  35100K .......... .......... .......... .......... .......... 33% 11.8M 8s
#7 4.865  35150K .......... .......... .......... .......... .......... 33% 11.9M 8s
#7 4.869  35200K .......... .......... .......... .......... .......... 33% 12.3M 8s
#7 4.873  35250K .......... .......... .......... .......... .......... 34% 11.9M 8s
#7 4.879  35300K .......... .......... .......... .......... .......... 34% 8.94M 8s
#7 4.883  35350K .......... .......... .......... .......... .......... 34% 12.2M 8s
#7 4.887  35400K .......... .......... .......... .......... .......... 34% 11.9M 8s
#7 4.891  35450K .......... .......... .......... .......... .......... 34% 9.52M 8s
#7 4.896  35500K .......... .......... .......... .......... .......... 34% 12.7M 8s
#7 4.900  35550K .......... .......... .......... .......... .......... 34% 12.4M 8s
#7 4.904  35600K .......... .......... .......... .......... .......... 34% 12.5M 8s
#7 4.908  35650K .......... .......... .......... .......... .......... 34% 9.78M 8s
#7 4.914  35700K .......... .......... .......... .......... .......... 34% 9.66M 8s
#7 4.918  35750K .......... .......... .......... .......... .......... 34% 12.4M 8s
#7 4.922  35800K .......... .......... .......... .......... .......... 34% 12.9M 8s
#7 4.925  35850K .......... .......... .......... .......... .......... 34% 12.3M 8s
#7 4.929  35900K .......... .......... .......... .......... .......... 34% 11.7M 8s
#7 4.933  35950K .......... .......... .......... .......... .......... 34% 10.6M 8s
#7 4.938  36000K .......... .......... .......... .......... .......... 34% 9.38M 8s
#7 4.943  36050K .......... .......... .......... .......... .......... 34% 12.2M 8s
#7 4.949  36100K .......... .......... .......... .......... .......... 34% 6.86M 8s
#7 4.954  36150K .......... .......... .......... .......... .......... 34% 11.9M 8s
#7 4.958  36200K .......... .......... .......... .......... .......... 34% 10.0M 8s
#7 4.963  36250K .......... .......... .......... .......... .......... 34% 12.1M 8s
#7 4.967  36300K .......... .......... .......... .......... .......... 35% 6.99M 8s
#7 4.974  36350K .......... .......... .......... .......... .......... 35% 12.1M 8s
#7 4.978  36400K .......... .......... .......... .......... .......... 35% 8.60M 8s
#7 4.984  36450K .......... .......... .......... .......... .......... 35% 11.9M 8s
#7 4.990  36500K .......... .......... .......... .......... .......... 35% 6.15M 8s
#7 4.996  36550K .......... .......... .......... .......... .......... 35% 12.0M 8s
#7 5.000  36600K .......... .......... .......... .......... .......... 35% 11.9M 8s
#7 5.004  36650K .......... .......... .......... .......... .......... 35% 12.3M 8s
#7 5.008  36700K .......... .......... .......... .......... .......... 35% 11.8M 8s
#7 5.012  36750K .......... .......... .......... .......... .......... 35% 9.55M 8s
#7 5.018  36800K .......... .......... .......... .......... .......... 35% 5.42M 8s
#7 5.027  36850K .......... .......... .......... .......... .......... 35% 11.4M 8s
#7 5.035  36900K .......... .......... .......... .......... .......... 35% 5.56M 8s
#7 5.040  36950K .......... .......... .......... .......... .......... 35% 11.7M 8s
#7 5.044  37000K .......... .......... .......... .......... .......... 35% 11.4M 8s
#7 5.048  37050K .......... .......... .......... .......... .......... 35% 6.18M 8s
#7 5.056  37100K .......... .......... .......... .......... .......... 35% 8.87M 8s
#7 5.062  37150K .......... .......... .......... .......... .......... 35% 4.39M 8s
#7 5.073  37200K .......... .......... .......... .......... .......... 35% 11.7M 8s
#7 5.077  37250K .......... .......... .......... .......... .......... 35% 11.4M 8s
#7 5.083  37300K .......... .......... .......... .......... .......... 35% 3.14M 8s
#7 5.097  37350K .......... .......... .......... .......... .......... 36% 11.7M 8s
#7 5.101  37400K .......... .......... .......... .......... .......... 36% 9.35M 8s
#7 5.106  37450K .......... .......... .......... .......... .......... 36% 11.3M 7s
#7 5.110  37500K .......... .......... .......... .......... .......... 36% 5.85M 7s
#7 5.119  37550K .......... .......... .......... .......... .......... 36% 11.3M 7s
#7 5.123  37600K .......... .......... .......... .......... .......... 36% 11.4M 7s
#7 5.127  37650K .......... .......... .......... .......... .......... 36% 11.5M 7s
#7 5.133  37700K .......... .......... .......... .......... .......... 36% 8.52M 7s
#7 5.137  37750K .......... .......... .......... .......... .......... 36% 11.4M 7s
#7 5.142  37800K .......... .......... .......... .......... .......... 36% 11.6M 7s
#7 5.146  37850K .......... .......... .......... .......... .......... 36% 11.4M 7s
#7 5.150  37900K .......... .......... .......... .......... .......... 36% 11.2M 7s
#7 5.154  37950K .......... .......... .......... .......... .......... 36% 11.7M 7s
#7 5.159  38000K .......... .......... .......... .......... .......... 36% 11.3M 7s
#7 5.163  38050K .......... .......... .......... .......... .......... 36% 11.3M 7s
#7 5.169  38100K .......... .......... .......... .......... .......... 36% 8.72M 7s
#7 5.173  38150K .......... .......... .......... .......... .......... 36% 11.0M 7s
#7 5.177  38200K .......... .......... .......... .......... .......... 36% 11.6M 7s
#7 5.181  38250K .......... .......... .......... .......... .......... 36% 11.4M 7s
#7 5.186  38300K .......... .......... .......... .......... .......... 36% 11.3M 7s
#7 5.190  38350K .......... .......... .......... .......... .......... 37% 11.7M 7s
#7 5.194  38400K .......... .......... .......... .......... .......... 37% 5.16M 7s
#7 5.204  38450K .......... .......... .......... .......... .......... 37%  339M 7s
#7 5.204  38500K .......... .......... .......... .......... .......... 37% 10.6M 7s
#7 5.208  38550K .......... .......... .......... .......... .......... 37% 11.4M 7s
#7 5.213  38600K .......... .......... .......... .......... .......... 37% 11.4M 7s
#7 5.217  38650K .......... .......... .......... .......... .......... 37% 11.6M 7s
#7 5.221  38700K .......... .......... .......... .......... .......... 37% 11.3M 7s
#7 5.226  38750K .......... .......... .......... .......... .......... 37% 11.4M 7s
#7 5.230  38800K .......... .......... .......... .......... .......... 37% 11.6M 7s
#7 5.234  38850K .......... .......... .......... .......... .......... 37% 11.2M 7s
#7 5.240  38900K .......... .......... .......... .......... .......... 37% 8.48M 7s
#7 5.244  38950K .......... .......... .......... .......... .......... 37% 11.8M 7s
#7 5.248  39000K .......... .......... .......... .......... .......... 37% 11.2M 7s
#7 5.253  39050K .......... .......... .......... .......... .......... 37% 11.4M 7s
#7 5.257  39100K .......... .......... .......... .......... .......... 37% 11.5M 7s
#7 5.261  39150K .......... .......... .......... .......... .......... 37% 10.4M 7s
#7 5.266  39200K .......... .......... .......... .......... .......... 37% 11.4M 7s
#7 5.270  39250K .......... .......... .......... .......... .......... 37% 11.7M 7s
#7 5.276  39300K .......... .......... .......... .......... .......... 37% 8.95M 7s
#7 5.280  39350K .......... .......... .......... .......... .......... 37% 12.1M 7s
#7 5.284  39400K .......... .......... .......... .......... .......... 38% 11.9M 7s
#7 5.288  39450K .......... .......... .......... .......... .......... 38% 11.9M 7s
#7 5.292  39500K .......... .......... .......... .......... .......... 38% 12.2M 7s
#7 5.296  39550K .......... .......... .......... .......... .......... 38% 11.8M 7s
#7 5.300  39600K .......... .......... .......... .......... .......... 38% 11.6M 7s
#7 5.304  39650K .......... .......... .......... .......... .......... 38% 11.9M 7s
#7 5.310  39700K .......... .......... .......... .......... .......... 38% 8.98M 7s
#7 5.314  39750K .......... .......... .......... .......... .......... 38% 11.4M 7s
#7 5.318  39800K .......... .......... .......... .......... .......... 38% 12.3M 7s
#7 5.322  39850K .......... .......... .......... .......... .......... 38% 12.0M 7s
#7 5.326  39900K .......... .......... .......... .......... .......... 38% 11.8M 7s
#7 5.330  39950K .......... .......... .......... .......... .......... 38% 9.28M 7s
#7 5.336  40000K .......... .......... .......... .......... .......... 38% 12.0M 7s
#7 5.340  40050K .......... .......... .......... .......... .......... 38% 11.8M 7s
#7 5.345  40100K .......... .......... .......... .......... .......... 38% 9.12M 7s
#7 5.349  40150K .......... .......... .......... .......... .......... 38% 10.3M 7s
#7 5.354  40200K .......... .......... .......... .......... .......... 38% 11.9M 7s
#7 5.358  40250K .......... .......... .......... .......... .......... 38% 12.3M 7s
#7 5.362  40300K .......... .......... .......... .......... .......... 38% 11.8M 7s
#7 5.366  40350K .......... .......... .......... .......... .......... 38% 11.9M 7s
#7 5.370  40400K .......... .......... .......... .......... .......... 38% 10.6M 7s
#7 5.375  40450K .......... .......... .......... .......... .......... 39% 11.9M 7s
#7 5.380  40500K .......... .......... .......... .......... .......... 39% 9.07M 7s
#7 5.384  40550K .......... .......... .......... .......... .......... 39% 11.9M 7s
#7 5.389  40600K .......... .......... .......... .......... .......... 39% 11.8M 7s
#7 5.393  40650K .......... .......... .......... .......... .......... 39% 12.1M 7s
#7 5.397  40700K .......... .......... .......... .......... .......... 39% 12.0M 7s
#7 5.401  40750K .......... .......... .......... .......... .......... 39% 11.9M 7s
#7 5.405  40800K .......... .......... .......... .......... .......... 39% 12.1M 7s
#7 5.409  40850K .......... .......... .......... .......... .......... 39% 11.0M 7s
#7 5.414  40900K .......... .......... .......... .......... .......... 39% 10.3M 7s
#7 5.418  40950K .......... .......... .......... .......... .......... 39% 7.32M 7s
#7 5.425  41000K .......... .......... .......... .......... .......... 39% 12.2M 7s
#7 5.429  41050K .......... .......... .......... .......... .......... 39% 12.2M 7s
#7 5.433  41100K .......... .......... .......... .......... .......... 39% 11.9M 7s
#7 5.437  41150K .......... .......... .......... .......... .......... 39% 8.06M 7s
#7 5.443  41200K .......... .......... .......... .......... .......... 39% 11.7M 7s
#7 5.447  41250K .......... .......... .......... .......... .......... 39% 11.3M 7s
#7 5.451  41300K .......... .......... .......... .......... .......... 39% 11.1M 7s
#7 5.456  41350K .......... .......... .......... .......... .......... 39% 11.3M 7s
#7 5.460  41400K .......... .......... .......... .......... .......... 39% 9.90M 7s
#7 5.465  41450K .......... .......... .......... .......... .......... 39% 11.7M 7s
#7 5.469  41500K .......... .......... .......... .......... .......... 40% 11.4M 7s
#7 5.475  41550K .......... .......... .......... .......... .......... 40% 8.54M 7s
#7 5.479  41600K .......... .......... .......... .......... .......... 40% 11.6M 7s
#7 5.483  41650K .......... .......... .......... .......... .......... 40% 11.8M 7s
#7 5.488  41700K .......... .......... .......... .......... .......... 40% 11.9M 7s
#7 5.492  41750K .......... .......... .......... .......... .......... 40% 12.3M 7s
#7 5.496  41800K .......... .......... .......... .......... .......... 40% 11.8M 7s
#7 5.500  41850K .......... .......... .......... .......... .......... 40% 11.9M 7s
#7 5.504  41900K .......... .......... .......... .......... .......... 40% 12.2M 7s
#7 5.509  41950K .......... .......... .......... .......... .......... 40% 8.66M 7s
#7 5.514  42000K .......... .......... .......... .......... .......... 40% 11.9M 7s
#7 5.518  42050K .......... .......... .......... .......... .......... 40% 12.2M 7s
#7 5.522  42100K .......... .......... .......... .......... .......... 40% 11.9M 7s
#7 5.526  42150K .......... .......... .......... .......... .......... 40% 11.8M 7s
#7 5.530  42200K .......... .......... .......... .......... .......... 40% 10.4M 7s
#7 5.535  42250K .......... .......... .......... .......... .......... 40% 11.9M 7s
#7 5.539  42300K .......... .......... .......... .......... .......... 40% 11.9M 7s
#7 5.544  42350K .......... .......... .......... .......... .......... 40% 9.17M 7s
#7 5.548  42400K .......... .......... .......... .......... .......... 40% 11.4M 7s
#7 5.552  42450K .......... .......... .......... .......... .......... 40% 12.2M 7s
#7 5.556  42500K .......... .......... .......... .......... .......... 41% 11.9M 7s
#7 5.561  42550K .......... .......... .......... .......... .......... 41% 11.7M 7s
#7 5.565  42600K .......... .......... .......... .......... .......... 41% 12.2M 7s
#7 5.569  42650K .......... .......... .......... .......... .......... 41% 12.6M 7s
#7 5.573  42700K .......... .......... .......... .......... .......... 41% 4.49M 7s
#7 5.585  42750K .......... .......... .......... .......... .......... 41% 9.28M 7s
#7 5.589  42800K .......... .......... .......... .......... .......... 41% 12.2M 7s
#7 5.593  42850K .......... .......... .......... .......... .......... 41% 12.7M 7s
#7 5.597  42900K .......... .......... .......... .......... .......... 41% 12.8M 7s
#7 5.600  42950K .......... .......... .......... .......... .......... 41% 12.3M 7s
#7 5.604  43000K .......... .......... .......... .......... .......... 41% 12.4M 7s
#7 5.608  43050K .......... .......... .......... .......... .......... 41% 10.6M 7s
#7 5.613  43100K .......... .......... .......... .......... .......... 41% 12.1M 7s
#7 5.625  43150K .......... .......... .......... .......... .......... 41% 4.22M 7s
#7 5.629  43200K .......... .......... .......... .......... .......... 41% 10.5M 7s
#7 5.633  43250K .......... .......... .......... .......... .......... 41% 11.9M 7s
#7 5.637  43300K .......... .......... .......... .......... .......... 41% 12.2M 7s
#7 5.641  43350K .......... .......... .......... .......... .......... 41% 11.8M 7s
#7 5.645  43400K .......... .......... .......... .......... .......... 41% 11.9M 7s
#7 5.649  43450K .......... .......... .......... .......... .......... 41% 12.1M 7s
#7 5.654  43500K .......... .......... .......... .......... .......... 41% 11.9M 7s
#7 5.659  43550K .......... .......... .......... .......... .......... 42% 6.85M 7s
#7 5.665  43600K .......... .......... .......... .......... .......... 42% 12.3M 7s
#7 5.669  43650K .......... .......... .......... .......... .......... 42% 11.9M 7s
#7 5.673  43700K .......... .......... .......... .......... .......... 42% 11.9M 7s
#7 5.677  43750K .......... .......... .......... .......... .......... 42% 12.1M 7s
#7 5.681  43800K .......... .......... .......... .......... .......... 42% 11.9M 7s
#7 5.685  43850K .......... .......... .......... .......... .......... 42% 11.8M 7s
#7 5.689  43900K .......... .......... .......... .......... .......... 42% 11.5M 7s
#7 5.695  43950K .......... .......... .......... .......... .......... 42% 8.94M 7s
#7 5.699  44000K .......... .......... .......... .......... .......... 42% 10.2M 7s
#7 5.704  44050K .......... .......... .......... .......... .......... 42% 12.2M 7s
#7 5.708  44100K .......... .......... .......... .......... .......... 42% 11.8M 7s
#7 5.712  44150K .......... .......... .......... .......... .......... 42% 10.2M 7s
#7 5.717  44200K .......... .......... .......... .......... .......... 42% 12.3M 7s
#7 5.720  44250K .......... .......... .......... .......... .......... 42% 11.8M 7s
#7 5.725  44300K .......... .......... .......... .......... .......... 42% 11.9M 7s
#7 5.730  44350K .......... .......... .......... .......... .......... 42% 9.13M 7s
#7 5.734  44400K .......... .......... .......... .......... .......... 42% 12.0M 7s
#7 5.738  44450K .......... .......... .......... .......... .......... 42% 7.59M 6s
#7 5.745  44500K .......... .......... .......... .......... .......... 42% 11.7M 6s
#7 5.749  44550K .......... .......... .......... .......... .......... 42% 9.56M 6s
#7 5.754  44600K .......... .......... .......... .......... .......... 43% 12.2M 6s
#7 5.758  44650K .......... .......... .......... .......... .......... 43% 11.9M 6s
#7 5.762  44700K .......... .......... .......... .......... .......... 43% 11.8M 6s
#7 5.767  44750K .......... .......... .......... .......... .......... 43% 9.17M 6s
#7 5.771  44800K .......... .......... .......... .......... .......... 43% 11.9M 6s
#7 5.776  44850K .......... .......... .......... .......... .......... 43% 7.20M 6s
#7 5.782  44900K .......... .......... .......... .......... .......... 43% 12.2M 6s
#7 5.786  44950K .......... .......... .......... .......... .......... 43% 11.8M 6s
#7 5.790  45000K .......... .......... .......... .......... .......... 43% 9.59M 6s
#7 5.796  45050K .......... .......... .......... .......... .......... 43% 12.2M 6s
#7 5.800  45100K .......... .......... .......... .......... .......... 43% 11.3M 6s
#7 5.805  45150K .......... .......... .......... .......... .......... 43% 9.05M 6s
#7 5.809  45200K .......... .......... .......... .......... .......... 43% 10.1M 6s
#7 5.814  45250K .......... .......... .......... .......... .......... 43% 11.8M 6s
#7 5.818  45300K .......... .......... .......... .......... .......... 43% 9.31M 6s
#7 5.823  45350K .......... .......... .......... .......... .......... 43% 11.2M 6s
#7 5.828  45400K .......... .......... .......... .......... .......... 43% 8.72M 6s
#7 5.833  45450K .......... .......... .......... .......... .......... 43% 11.3M 6s
#7 5.838  45500K .......... .......... .......... .......... .......... 43% 11.7M 6s
#7 5.843  45550K .......... .......... .......... .......... .......... 43% 8.48M 6s
#7 5.848  45600K .......... .......... .......... .......... .......... 43% 11.6M 6s
#7 5.852  45650K .......... .......... .......... .......... .......... 44% 11.3M 6s
#7 5.856  45700K .......... .......... .......... .......... .......... 44% 11.3M 6s
#7 5.860  45750K .......... .......... .......... .......... .......... 44% 11.3M 6s
#7 5.865  45800K .......... .......... .......... .......... .......... 44% 12.0M 6s
#7 5.869  45850K .......... .......... .......... .......... .......... 44% 11.8M 6s
#7 5.873  45900K .......... .......... .......... .......... .......... 44% 12.2M 6s
#7 5.878  45950K .......... .......... .......... .......... .......... 44% 8.95M 6s
#7 5.882  46000K .......... .......... .......... .......... .......... 44% 11.9M 6s
#7 5.887  46050K .......... .......... .......... .......... .......... 44% 12.3M 6s
#7 5.891  46100K .......... .......... .......... .......... .......... 44% 8.87M 6s
#7 5.896  46150K .......... .......... .......... .......... .......... 44% 11.8M 6s
#7 5.900  46200K .......... .......... .......... .......... .......... 44% 11.1M 6s
#7 5.905  46250K .......... .......... .......... .......... .......... 44% 11.3M 6s
#7 5.909  46300K .......... .......... .......... .......... .......... 44% 7.56M 6s
#7 5.917  46350K .......... .......... .......... .......... .......... 44% 8.65M 6s
#7 5.921  46400K .......... .......... .......... .......... .......... 44% 11.2M 6s
#7 5.925  46450K .......... .......... .......... .......... .......... 44% 11.5M 6s
#7 5.930  46500K .......... .......... .......... .......... .......... 44% 10.5M 6s
#7 5.934  46550K .......... .......... .......... .......... .......... 44% 11.2M 6s
#7 5.939  46600K .......... .......... .......... .......... .......... 44% 11.8M 6s
#7 5.943  46650K .......... .......... .......... .......... .......... 45% 11.3M 6s
#7 5.947  46700K .......... .......... .......... .......... .......... 45% 11.9M 6s
#7 5.953  46750K .......... .......... .......... .......... .......... 45% 9.12M 6s
#7 5.957  46800K .......... .......... .......... .......... .......... 45% 11.8M 6s
#7 5.961  46850K .......... .......... .......... .......... .......... 45% 11.9M 6s
#7 5.965  46900K .......... .......... .......... .......... .......... 45% 12.3M 6s
#7 5.969  46950K .......... .......... .......... .......... .......... 45% 11.9M 6s
#7 5.973  47000K .......... .......... .......... .......... .......... 45% 11.8M 6s
#7 5.977  47050K .......... .......... .......... .......... .......... 45% 12.2M 6s
#7 5.981  47100K .......... .......... .......... .......... .......... 45% 11.7M 6s
#7 5.986  47150K .......... .......... .......... .......... .......... 45% 8.97M 6s
#7 5.991  47200K .......... .......... .......... .......... .......... 45% 8.98M 6s
#7 5.996  47250K .......... .......... .......... .......... .......... 45% 11.8M 6s
#7 6.000  47300K .......... .......... .......... .......... .......... 45% 11.8M 6s
#7 6.004  47350K .......... .......... .......... .......... .......... 45% 12.1M 6s
#7 6.008  47400K .......... .......... .......... .......... .......... 45% 9.29M 6s
#7 6.014  47450K .......... .......... .......... .......... .......... 45% 11.9M 6s
#7 6.018  47500K .......... .......... .......... .......... .......... 45% 12.2M 6s
#7 6.023  47550K .......... .......... .......... .......... .......... 45% 7.22M 6s
#7 6.029  47600K .......... .......... .......... .......... .......... 45% 7.88M 6s
#7 6.035  47650K .......... .......... .......... .......... .......... 45% 11.3M 6s
#7 6.039  47700K .......... .......... .......... .......... .......... 46% 9.66M 6s
#7 6.044  47750K .......... .......... .......... .......... .......... 46% 11.6M 6s
#7 6.048  47800K .......... .......... .......... .......... .......... 46% 10.9M 6s
#7 6.053  47850K .......... .......... .......... .......... .......... 46% 11.3M 6s
#7 6.057  47900K .......... .......... .......... .......... .......... 46% 6.94M 6s
#7 6.065  47950K .......... .......... .......... .......... .......... 46% 8.53M 6s
#7 6.070  48000K .......... .......... .......... .......... .......... 46% 11.5M 6s
#7 6.074  48050K .......... .......... .......... .......... .......... 46% 12.2M 6s
#7 6.078  48100K .......... .......... .......... .......... .......... 46% 12.0M 6s
#7 6.082  48150K .......... .......... .......... .......... .......... 46% 11.8M 6s
#7 6.086  48200K .......... .......... .......... .......... .......... 46% 12.3M 6s
#7 6.090  48250K .......... .......... .......... .......... .......... 46% 11.9M 6s
#7 6.094  48300K .......... .......... .......... .......... .......... 46% 11.9M 6s
#7 6.100  48350K .......... .......... .......... .......... .......... 46% 9.13M 6s
#7 6.104  48400K .......... .......... .......... .......... .......... 46% 11.8M 6s
#7 6.108  48450K .......... .......... .......... .......... .......... 46% 5.91M 6s
#7 6.116  48500K .......... .......... .......... .......... .......... 46% 11.5M 6s
#7 6.120  48550K .......... .......... .......... .......... .......... 46% 11.2M 6s
#7 6.125  48600K .......... .......... .......... .......... .......... 46% 11.3M 6s
#7 6.129  48650K .......... .......... .......... .......... .......... 46% 8.23M 6s
#7 6.135  48700K .......... .......... .......... .......... .......... 46% 11.4M 6s
#7 6.141  48750K .......... .......... .......... .......... .......... 47% 7.60M 6s
#7 6.146  48800K .......... .......... .......... .......... .......... 47% 11.3M 6s
#7 6.150  48850K .......... .......... .......... .......... .......... 47% 11.4M 6s
#7 6.154  48900K .......... .......... .......... .......... .......... 47% 11.7M 6s
#7 6.159  48950K .......... .......... .......... .......... .......... 47% 11.3M 6s
#7 6.163  49000K .......... .......... .......... .......... .......... 47% 11.3M 6s
#7 6.167  49050K .......... .......... .......... .......... .......... 47% 11.6M 6s
#7 6.171  49100K .......... .......... .......... .......... .......... 47% 8.22M 6s
#7 6.179  49150K .......... .......... .......... .......... .......... 47% 7.63M 6s
#7 6.184  49200K .......... .......... .......... .......... .......... 47% 11.6M 6s
#7 6.188  49250K .......... .......... .......... .......... .......... 47% 8.27M 6s
#7 6.194  49300K .......... .......... .......... .......... .......... 47% 11.3M 6s
#7 6.198  49350K .......... .......... .......... .......... .......... 47% 11.7M 6s
#7 6.202  49400K .......... .......... .......... .......... .......... 47% 10.7M 6s
#7 6.207  49450K .......... .......... .......... .......... .......... 47% 11.9M 6s
#7 6.211  49500K .......... .......... .......... .......... .......... 47% 7.80M 6s
#7 6.219  49550K .......... .......... .......... .......... .......... 47% 5.63M 6s
#7 6.226  49600K .......... .......... .......... .......... .......... 47% 11.5M 6s
#7 6.230  49650K .......... .......... .......... .......... .......... 47% 11.2M 6s
#7 6.234  49700K .......... .......... .......... .......... .......... 47% 11.4M 6s
#7 6.239  49750K .......... .......... .......... .......... .......... 47% 11.3M 6s
#7 6.243  49800K .......... .......... .......... .......... .......... 48% 11.7M 6s
#7 6.247  49850K .......... .......... .......... .......... .......... 48% 11.4M 6s
#7 6.252  49900K .......... .......... .......... .......... .......... 48% 11.3M 6s
#7 6.257  49950K .......... .......... .......... .......... .......... 48% 7.36M 6s
#7 6.263  50000K .......... .......... .......... .......... .......... 48% 11.4M 6s
#7 6.267  50050K .......... .......... .......... .......... .......... 48% 11.7M 6s
#7 6.271  50100K .......... .......... .......... .......... .......... 48% 8.36M 6s
#7 6.277  50150K .......... .......... .......... .......... .......... 48% 11.3M 6s
#7 6.281  50200K .......... .......... .......... .......... .......... 48% 11.7M 6s
#7 6.285  50250K .......... .......... .......... .......... .......... 48% 11.4M 6s
#7 6.290  50300K .......... .......... .......... .......... .......... 48% 10.9M 6s
#7 6.296  50350K .......... .......... .......... .......... .......... 48% 5.42M 6s
#7 6.303  50400K .......... .......... .......... .......... .......... 48% 12.0M 6s
#7 6.307  50450K .......... .......... .......... .......... .......... 48% 7.55M 6s
#7 6.314  50500K .......... .......... .......... .......... .......... 48% 11.6M 6s
#7 6.318  50550K .......... .......... .......... .......... .......... 48% 11.3M 6s
#7 6.322  50600K .......... .......... .......... .......... .......... 48% 11.3M 6s
#7 6.326  50650K .......... .......... .......... .......... .......... 48% 11.5M 6s
#7 6.331  50700K .......... .......... .......... .......... .......... 48% 11.4M 6s
#7 6.336  50750K .......... .......... .......... .......... .......... 48% 5.62M 6s
#7 6.344  50800K .......... .......... .......... .......... .......... 49% 11.3M 6s
#7 6.348  50850K .......... .......... .......... .......... .......... 49% 11.3M 6s
#7 6.352  50900K .......... .......... .......... .......... .......... 49% 11.6M 6s
#7 6.357  50950K .......... .......... .......... .......... .......... 49% 11.3M 6s
#7 6.361  51000K .......... .......... .......... .......... .......... 49% 11.4M 6s
#7 6.365  51050K .......... .......... .......... .......... .......... 49% 11.7M 6s
#7 6.369  51100K .......... .......... .......... .......... .......... 49% 9.12M 6s
#7 6.376  51150K .......... .......... .......... .......... .......... 49% 11.1M 6s
#7 6.382  51200K .......... .......... .......... .......... .......... 49% 6.31M 6s
#7 6.387  51250K .......... .......... .......... .......... .......... 49% 10.5M 6s
#7 6.391  51300K .......... .......... .......... .......... .......... 49% 11.4M 6s
#7 6.396  51350K .......... .......... .......... .......... .......... 49% 11.6M 6s
#7 6.400  51400K .......... .......... .......... .......... .......... 49% 8.43M 6s
#7 6.406  51450K .......... .......... .......... .......... .......... 49% 11.4M 6s
#7 6.410  51500K .......... .......... .......... .......... .......... 49% 11.7M 6s
#7 6.414  51550K .......... .......... .......... .......... .......... 49% 11.4M 6s
#7 6.418  51600K .......... .......... .......... .......... .......... 49% 7.33M 6s
#7 6.425  51650K .......... .......... .......... .......... .......... 49% 11.3M 6s
#7 6.429  51700K .......... .......... .......... .......... .......... 49% 8.90M 6s
#7 6.435  51750K .......... .......... .......... .......... .......... 49% 11.7M 6s
#7 6.439  51800K .......... .......... .......... .......... .......... 49% 11.3M 6s
#7 6.443  51850K .......... .......... .......... .......... .......... 50% 5.69M 6s
#7 6.452  51900K .......... .......... .......... .......... .......... 50% 11.6M 6s
#7 6.456  51950K .......... .......... .......... .......... .......... 50% 6.65M 6s
#7 6.464  52000K .......... .......... .......... .......... .......... 50% 8.56M 6s
#7 6.469  52050K .......... .......... .......... .......... .......... 50% 10.5M 6s
#7 6.474  52100K .......... .......... .......... .......... .......... 50% 11.4M 6s
#7 6.478  52150K .......... .......... .......... .......... .......... 50% 8.02M 6s
#7 6.484  52200K .......... .......... .......... .......... .......... 50% 11.6M 6s
#7 6.489  52250K .......... .......... .......... .......... .......... 50% 9.49M 6s
#7 6.494  52300K .......... .......... .......... .......... .......... 50% 6.28M 6s
#7 6.501  52350K .......... .......... .......... .......... .......... 50% 11.7M 6s
#7 6.506  52400K .......... .......... .......... .......... .......... 50% 8.54M 6s
#7 6.511  52450K .......... .......... .......... .......... .......... 50% 10.2M 6s
#7 6.516  52500K .......... .......... .......... .......... .......... 50% 8.24M 6s
#7 6.522  52550K .......... .......... .......... .......... .......... 50% 11.4M 6s
#7 6.526  52600K .......... .......... .......... .......... .......... 50% 11.3M 5s
#7 6.531  52650K .......... .......... .......... .......... .......... 50% 11.7M 5s
#7 6.535  52700K .......... .......... .......... .......... .......... 50% 6.35M 5s
#7 6.543  52750K .......... .......... .......... .......... .......... 50% 11.3M 5s
#7 6.547  52800K .......... .......... .......... .......... .......... 50% 8.37M 5s
#7 6.553  52850K .......... .......... .......... .......... .......... 50% 11.3M 5s
#7 6.557  52900K .......... .......... .......... .......... .......... 51% 7.75M 5s
#7 6.563  52950K .......... .......... .......... .......... .......... 51% 11.4M 5s
#7 6.568  53000K .......... .......... .......... .......... .......... 51% 11.3M 5s
#7 6.572  53050K .......... .......... .......... .......... .......... 51% 11.7M 5s
#7 6.576  53100K .......... .......... .......... .......... .......... 51% 6.30M 5s
#7 6.584  53150K .......... .......... .......... .......... .......... 51% 11.3M 5s
#7 6.588  53200K .......... .......... .......... .......... .......... 51% 8.70M 5s
#7 6.594  53250K .......... .......... .......... .......... .......... 51% 11.4M 5s
#7 6.598  53300K .......... .......... .......... .......... .......... 51% 9.39M 5s
#7 6.603  53350K .......... .......... .......... .......... .......... 51% 11.8M 5s
#7 6.607  53400K .......... .......... .......... .......... .......... 51% 10.9M 5s
#7 6.612  53450K .......... .......... .......... .......... .......... 51% 5.42M 5s
#7 6.621  53500K .......... .......... .......... .......... .......... 51% 12.1M 5s
#7 6.625  53550K .......... .......... .......... .......... .......... 51% 7.60M 5s
#7 6.631  53600K .......... .......... .......... .......... .......... 51% 8.78M 5s
#7 6.637  53650K .......... .......... .......... .......... .......... 51% 10.6M 5s
#7 6.642  53700K .......... .......... .......... .......... .......... 51% 11.4M 5s
#7 6.646  53750K .......... .......... .......... .......... .......... 51% 10.8M 5s
#7 6.650  53800K .......... .......... .......... .......... .......... 51% 11.1M 5s
#7 6.655  53850K .......... .......... .......... .......... .......... 51% 8.15M 5s
#7 6.661  53900K .......... .......... .......... .......... .......... 51% 12.2M 5s
#7 6.665  53950K .......... .......... .......... .......... .......... 52% 11.3M 5s
#7 6.669  54000K .......... .......... .......... .......... .......... 52% 7.67M 5s
#7 6.675  54050K .......... .......... .......... .......... .......... 52% 11.7M 5s
#7 6.680  54100K .......... .......... .......... .......... .......... 52% 11.3M 5s
#7 6.684  54150K .......... .......... .......... .......... .......... 52% 9.50M 5s
#7 6.689  54200K .......... .......... .......... .......... .......... 52% 9.49M 5s
#7 6.694  54250K .......... .......... .......... .......... .......... 52% 7.19M 5s
#7 6.701  54300K .......... .......... .......... .......... .......... 52% 11.7M 5s
#7 6.705  54350K .......... .......... .......... .......... .......... 52% 11.6M 5s
#7 6.709  54400K .......... .......... .......... .......... .......... 52% 6.80M 5s
#7 6.717  54450K .......... .......... .......... .......... .......... 52% 11.4M 5s
#7 6.721  54500K .......... .......... .......... .......... .......... 52% 11.7M 5s
#7 6.725  54550K .......... .......... .......... .......... .......... 52% 11.3M 5s
#7 6.729  54600K .......... .......... .......... .......... .......... 52% 11.3M 5s
#7 6.734  54650K .......... .......... .......... .......... .......... 52% 11.3M 5s
#7 6.738  54700K .......... .......... .......... .......... .......... 52% 8.83M 5s
#7 6.744  54750K .......... .......... .......... .......... .......... 52% 11.3M 5s
#7 6.748  54800K .......... .......... .......... .......... .......... 52% 7.79M 5s
#7 6.754  54850K .......... .......... .......... .......... .......... 52% 11.3M 5s
#7 6.758  54900K .......... .......... .......... .......... .......... 52% 7.11M 5s
#7 6.765  54950K .......... .......... .......... .......... .......... 53% 11.3M 5s
#7 6.770  55000K .......... .......... .......... .......... .......... 53% 9.81M 5s
#7 6.775  55050K .......... .......... .......... .......... .......... 53% 11.7M 5s
#7 6.779  55100K .......... .......... .......... .......... .......... 53% 10.9M 5s
#7 6.783  55150K .......... .......... .......... .......... .......... 53% 11.3M 5s
#7 6.788  55200K .......... .......... .......... .......... .......... 53% 7.74M 5s
#7 6.794  55250K .......... .......... .......... .......... .......... 53% 11.3M 5s
#7 6.798  55300K .......... .......... .......... .......... .......... 53% 11.3M 5s
#7 6.802  55350K .......... .......... .......... .......... .......... 53% 11.7M 5s
#7 6.807  55400K .......... .......... .......... .......... .......... 53% 11.3M 5s
#7 6.811  55450K .......... .......... .......... .......... .......... 53% 11.3M 5s
#7 6.815  55500K .......... .......... .......... .......... .......... 53% 8.35M 5s
#7 6.821  55550K .......... .......... .......... .......... .......... 53% 11.5M 5s
#7 6.825  55600K .......... .......... .......... .......... .......... 53% 8.51M 5s
#7 6.831  55650K .......... .......... .......... .......... .......... 53% 9.42M 5s
#7 6.836  55700K .......... .......... .......... .......... .......... 53% 11.3M 5s
#7 6.841  55750K .......... .......... .......... .......... .......... 53% 11.4M 5s
#7 6.845  55800K .......... .......... .......... .......... .......... 53% 11.5M 5s
#7 6.849  55850K .......... .......... .......... .......... .......... 53% 8.63M 5s
#7 6.855  55900K .......... .......... .......... .......... .......... 53% 11.3M 5s
#7 6.859  55950K .......... .......... .......... .......... .......... 53% 10.1M 5s
#7 6.864  56000K .......... .......... .......... .......... .......... 54% 8.62M 5s
#7 6.870  56050K .......... .......... .......... .......... .......... 54% 9.24M 5s
#7 6.875  56100K .......... .......... .......... .......... .......... 54% 11.3M 5s
#7 6.879  56150K .......... .......... .......... .......... .......... 54% 11.3M 5s
#7 6.884  56200K .......... .......... .......... .......... .......... 54% 11.6M 5s
#7 6.888  56250K .......... .......... .......... .......... .......... 54% 6.85M 5s
#7 6.895  56300K .......... .......... .......... .......... .......... 54% 11.3M 5s
#7 6.899  56350K .......... .......... .......... .......... .......... 54% 10.3M 5s
#7 6.904  56400K .......... .......... .......... .......... .......... 54% 8.53M 5s
#7 6.910  56450K .......... .......... .......... .......... .......... 54% 11.4M 5s
#7 6.914  56500K .......... .......... .......... .......... .......... 54% 11.6M 5s
#7 6.918  56550K .......... .......... .......... .......... .......... 54% 8.28M 5s
#7 6.924  56600K .......... .......... .......... .......... .......... 54% 8.03M 5s
#7 6.930  56650K .......... .......... .......... .......... .......... 54% 11.7M 5s
#7 6.934  56700K .......... .......... .......... .......... .......... 54% 10.8M 5s
#7 6.939  56750K .......... .......... .......... .......... .......... 54% 7.74M 5s
#7 6.945  56800K .......... .......... .......... .......... .......... 54% 5.73M 5s
#7 6.954  56850K .......... .......... .......... .......... .......... 54% 11.3M 5s
#7 6.958  56900K .......... .......... .......... .......... .......... 54% 11.3M 5s
#7 6.962  56950K .......... .......... .......... .......... .......... 54% 11.7M 5s
#7 6.966  57000K .......... .......... .......... .......... .......... 54% 7.92M 5s
#7 6.973  57050K .......... .......... .......... .......... .......... 55% 11.4M 5s
#7 6.977  57100K .......... .......... .......... .......... .......... 55% 11.6M 5s
#7 6.981  57150K .......... .......... .......... .......... .......... 55% 11.4M 5s
#7 6.985  57200K .......... .......... .......... .......... .......... 55% 7.17M 5s
#7 6.992  57250K .......... .......... .......... .......... .......... 55% 11.5M 5s
#7 6.996  57300K .......... .......... .......... .......... .......... 55% 11.4M 5s
#7 7.001  57350K .......... .......... .......... .......... .......... 55% 11.7M 5s
#7 7.005  57400K .......... .......... .......... .......... .......... 55% 11.3M 5s
#7 7.009  57450K .......... .......... .......... .......... .......... 55% 9.93M 5s
#7 7.014  57500K .......... .......... .......... .......... .......... 55% 7.49M 5s
#7 7.021  57550K .......... .......... .......... .......... .......... 55% 11.9M 5s
#7 7.025  57600K .......... .......... .......... .......... .......... 55% 6.65M 5s
#7 7.032  57650K .......... .......... .......... .......... .......... 55% 11.6M 5s
#7 7.036  57700K .......... .......... .......... .......... .......... 55% 9.08M 5s
#7 7.042  57750K .......... .......... .......... .......... .......... 55% 11.4M 5s
#7 7.046  57800K .......... .......... .......... .......... .......... 55% 6.05M 5s
#7 7.054  57850K .......... .......... .......... .......... .......... 55% 11.4M 5s
#7 7.058  57900K .......... .......... .......... .......... .......... 55% 11.3M 5s
#7 7.063  57950K .......... .......... .......... .......... .......... 55% 11.7M 5s
#7 7.067  58000K .......... .......... .......... .......... .......... 55% 6.13M 5s
#7 7.075  58050K .......... .......... .......... .......... .......... 55% 11.6M 5s
#7 7.079  58100K .......... .......... .......... .......... .......... 56% 11.4M 5s
#7 7.083  58150K .......... .......... .......... .......... .......... 56% 11.3M 5s
#7 7.088  58200K .......... .......... .......... .......... .......... 56% 11.7M 5s
#7 7.092  58250K .......... .......... .......... .......... .......... 56% 11.3M 5s
#7 7.096  58300K .......... .......... .......... .......... .......... 56% 7.98M 5s
#7 7.102  58350K .......... .......... .......... .......... .......... 56% 11.7M 5s
#7 7.106  58400K .......... .......... .......... .......... .......... 56% 7.39M 5s
#7 7.113  58450K .......... .......... .......... .......... .......... 56% 11.3M 5s
#7 7.117  58500K .......... .......... .......... .......... .......... 56% 8.66M 5s
#7 7.123  58550K .......... .......... .......... .......... .......... 56% 9.76M 5s
#7 7.128  58600K .......... .......... .......... .......... .......... 56% 6.38M 5s
#7 7.136  58650K .......... .......... .......... .......... .......... 56% 10.7M 5s
#7 7.140  58700K .......... .......... .......... .......... .......... 56% 11.3M 5s
#7 7.144  58750K .......... .......... .......... .......... .......... 56% 11.3M 5s
#7 7.149  58800K .......... .......... .......... .......... .......... 56% 5.46M 5s
#7 7.158  58850K .......... .......... .......... .......... .......... 56% 11.3M 5s
#7 7.162  58900K .......... .......... .......... .......... .......... 56% 11.4M 5s
#7 7.166  58950K .......... .......... .......... .......... .......... 56% 11.7M 5s
#7 7.170  59000K .......... .......... .......... .......... .......... 56% 11.2M 5s
#7 7.175  59050K .......... .......... .......... .......... .......... 56% 11.3M 5s
#7 7.179  59100K .......... .......... .......... .......... .......... 56% 8.24M 5s
#7 7.185  59150K .......... .......... .......... .......... .......... 57% 11.4M 5s
#7 7.189  59200K .......... .......... .......... .......... .......... 57% 6.56M 5s
#7 7.197  59250K .......... .......... .......... .......... .......... 57% 11.3M 5s
#7 7.201  59300K .......... .......... .......... .......... .......... 57% 11.3M 5s
#7 7.205  59350K .......... .......... .......... .......... .......... 57% 11.7M 5s
#7 7.210  59400K .......... .......... .......... .......... .......... 57% 11.3M 5s
#7 7.214  59450K .......... .......... .......... .......... .......... 57% 11.3M 5s
#7 7.218  59500K .......... .......... .......... .......... .......... 57% 10.9M 5s
#7 7.223  59550K .......... .......... .......... .......... .......... 57% 11.4M 5s
#7 7.227  59600K .......... .......... .......... .......... .......... 57% 8.53M 5s
#7 7.233  59650K .......... .......... .......... .......... .......... 57% 11.7M 5s
#7 7.237  59700K .......... .......... .......... .......... .......... 57% 9.04M 5s
#7 7.242  59750K .......... .......... .......... .......... .......... 57% 11.4M 5s
#7 7.246  59800K .......... .......... .......... .......... .......... 57% 11.6M 5s
#7 7.251  59850K .......... .......... .......... .......... .......... 57% 11.3M 5s
#7 7.255  59900K .......... .......... .......... .......... .......... 57% 11.3M 5s
#7 7.259  59950K .......... .......... .......... .......... .......... 57% 11.7M 5s
#7 7.263  60000K .......... .......... .......... .......... .......... 57% 8.54M 5s
#7 7.269  60050K .......... .......... .......... .......... .......... 57% 9.73M 5s
#7 7.274  60100K .......... .......... .......... .......... .......... 57% 8.68M 5s
#7 7.280  60150K .......... .......... .......... .......... .......... 58% 11.4M 5s
#7 7.284  60200K .......... .......... .......... .......... .......... 58% 11.3M 5s
#7 7.288  60250K .......... .......... .......... .......... .......... 58% 9.65M 5s
#7 7.293  60300K .......... .......... .......... .......... .......... 58% 4.86M 5s
#7 7.304  60350K .......... .......... .......... .......... .......... 58% 6.79M 5s
#7 7.311  60400K .......... .......... .......... .......... .......... 58% 8.71M 5s
#7 7.316  60450K .......... .......... .......... .......... .......... 58% 6.68M 5s
#7 7.324  60500K .......... .......... .......... .......... .......... 58% 10.4M 5s
#7 7.328  60550K .......... .......... .......... .......... .......... 58% 6.74M 5s
#7 7.336  60600K .......... .......... .......... .......... .......... 58% 7.88M 5s
#7 7.342  60650K .......... .......... .......... .......... .......... 58% 10.9M 5s
#7 7.346  60700K .......... .......... .......... .......... .......... 58% 4.79M 5s
#7 7.356  60750K .......... .......... .......... .......... .......... 58% 11.4M 5s
#7 7.361  60800K .......... .......... .......... .......... .......... 58% 8.75M 5s
#7 7.366  60850K .......... .......... .......... .......... .......... 58% 9.80M 5s
#7 7.371  60900K .......... .......... .......... .......... .......... 58% 11.4M 5s
#7 7.376  60950K .......... .......... .......... .......... .......... 58% 6.53M 5s
#7 7.383  61000K .......... .......... .......... .......... .......... 58% 11.2M 5s
#7 7.387  61050K .......... .......... .......... .......... .......... 58% 9.58M 5s
#7 7.393  61100K .......... .......... .......... .......... .......... 58% 11.7M 5s
#7 7.397  61150K .......... .......... .......... .......... .......... 58% 8.67M 5s
#7 7.402  61200K .......... .......... .......... .......... .......... 59% 8.71M 5s
#7 7.408  61250K .......... .......... .......... .......... .......... 59% 9.01M 5s
#7 7.413  61300K .......... .......... .......... .......... .......... 59% 11.3M 5s
#7 7.418  61350K .......... .......... .......... .......... .......... 59% 9.96M 5s
#7 7.423  61400K .......... .......... .......... .......... .......... 59% 11.7M 5s
#7 7.427  61450K .......... .......... .......... .......... .......... 59% 12.3M 5s
#7 7.432  61500K .......... .......... .......... .......... .......... 59% 8.50M 5s
#7 7.436  61550K .......... .......... .......... .......... .......... 59% 9.82M 5s
#7 7.441  61600K .......... .......... .......... .......... .......... 59% 11.6M 4s
#7 7.446  61650K .......... .......... .......... .......... .......... 59% 11.4M 4s
#7 7.450  61700K .......... .......... .......... .......... .......... 59% 11.7M 4s
#7 7.454  61750K .......... .......... .......... .......... .......... 59% 10.8M 4s
#7 7.459  61800K .......... .......... .......... .......... .......... 59% 7.38M 4s
#7 7.465  61850K .......... .......... .......... .......... .......... 59% 11.6M 4s
#7 7.469  61900K .......... .......... .......... .......... .......... 59% 8.81M 4s
#7 7.475  61950K .......... .......... .......... .......... .......... 59% 8.35M 4s
#7 7.481  62000K .......... .......... .......... .......... .......... 59% 11.1M 4s
#7 7.485  62050K .......... .......... .......... .......... .......... 59% 11.4M 4s
#7 7.490  62100K .......... .......... .......... .......... .......... 59% 10.5M 4s
#7 7.494  62150K .......... .......... .......... .......... .......... 59% 6.30M 4s
#7 7.502  62200K .......... .......... .......... .......... .......... 59% 11.4M 4s
#7 7.506  62250K .......... .......... .......... .......... .......... 60% 11.4M 4s
#7 7.512  62300K .......... .......... .......... .......... .......... 60% 5.00M 4s
#7 7.520  62350K .......... .......... .......... .......... .......... 60% 11.7M 4s
#7 7.524  62400K .......... .......... .......... .......... .......... 60% 6.90M 4s
#7 7.532  62450K .......... .......... .......... .......... .......... 60% 11.7M 4s
#7 7.536  62500K .......... .......... .......... .......... .......... 60% 11.3M 4s
#7 7.540  62550K .......... .......... .......... .......... .......... 60% 11.4M 4s
#7 7.544  62600K .......... .......... .......... .......... .......... 60% 11.6M 4s
#7 7.548  62650K .......... .......... .......... .......... .......... 60% 11.4M 4s
#7 7.554  62700K .......... .......... .......... .......... .......... 60% 8.75M 4s
#7 7.558  62750K .......... .......... .......... .......... .......... 60% 11.3M 4s
#7 7.563  62800K .......... .......... .......... .......... .......... 60% 5.18M 4s
#7 7.572  62850K .......... .......... .......... .......... .......... 60% 6.27M 4s
#7 7.580  62900K .......... .......... .......... .......... .......... 60% 12.0M 4s
#7 7.584  62950K .......... .......... .......... .......... .......... 60% 5.73M 4s
#7 7.592  63000K .......... .......... .......... .......... .......... 60% 11.6M 4s
#7 7.597  63050K .......... .......... .......... .......... .......... 60% 11.5M 4s
#7 7.602  63100K .......... .......... .......... .......... .......... 60% 8.55M 4s
#7 7.607  63150K .......... .......... .......... .......... .......... 60% 11.7M 4s
#7 7.611  63200K .......... .......... .......... .......... .......... 60% 11.4M 4s
#7 7.615  63250K .......... .......... .......... .......... .......... 60% 9.32M 4s
#7 7.620  63300K .......... .......... .......... .......... .......... 61% 11.7M 4s
#7 7.625  63350K .......... .......... .......... .......... .......... 61% 9.23M 4s
#7 7.630  63400K .......... .......... .......... .......... .......... 61% 11.3M 4s
#7 7.634  63450K .......... .......... .......... .......... .......... 61% 11.7M 4s
#7 7.640  63500K .......... .......... .......... .......... .......... 61% 7.58M 4s
#7 7.645  63550K .......... .......... .......... .......... .......... 61% 6.46M 4s
#7 7.652  63600K .......... .......... .......... .......... .......... 61% 11.6M 4s
#7 7.657  63650K .......... .......... .......... .......... .......... 61% 9.93M 4s
#7 7.661  63700K .......... .......... .......... .......... .......... 61% 11.3M 4s
#7 7.666  63750K .......... .......... .......... .......... .......... 61% 7.01M 4s
#7 7.673  63800K .......... .......... .......... .......... .......... 61% 11.4M 4s
#7 7.677  63850K .......... .......... .......... .......... .......... 61% 8.27M 4s
#7 7.684  63900K .......... .......... .......... .......... .......... 61% 8.38M 4s
#7 7.689  63950K .......... .......... .......... .......... .......... 61% 11.4M 4s
#7 7.693  64000K .......... .......... .......... .......... .......... 61% 11.2M 4s
#7 7.697  64050K .......... .......... .......... .......... .......... 61% 8.46M 4s
#7 7.703  64100K .......... .......... .......... .......... .......... 61% 11.4M 4s
#7 7.707  64150K .......... .......... .......... .......... .......... 61% 9.91M 4s
#7 7.712  64200K .......... .......... .......... .......... .......... 61% 5.27M 4s
#7 7.722  64250K .......... .......... .......... .......... .......... 61% 5.90M 4s
#7 7.731  64300K .......... .......... .......... .......... .......... 62% 8.74M 4s
#7 7.736  64350K .......... .......... .......... .......... .......... 62% 6.58M 4s
#7 7.743  64400K .......... .......... .......... .......... .......... 62% 11.3M 4s
#7 7.747  64450K .......... .......... .......... .......... .......... 62% 4.48M 4s
#7 7.758  64500K .......... .......... .......... .......... .......... 62% 11.3M 4s
#7 7.762  64550K .......... .......... .......... .......... .......... 62% 11.4M 4s
#7 7.767  64600K .......... .......... .......... .......... .......... 62% 11.7M 4s
#7 7.771  64650K .......... .......... .......... .......... .......... 62% 11.3M 4s
#7 7.777  64700K .......... .......... .......... .......... .......... 62% 8.54M 4s
#7 7.781  64750K .......... .......... .......... .......... .......... 62% 11.7M 4s
#7 7.785  64800K .......... .......... .......... .......... .......... 62% 11.4M 4s
#7 7.789  64850K .......... .......... .......... .......... .......... 62% 11.3M 4s
#7 7.794  64900K .......... .......... .......... .......... .......... 62% 11.6M 4s
#7 7.798  64950K .......... .......... .......... .......... .......... 62% 6.65M 4s
#7 7.805  65000K .......... .......... .......... .......... .......... 62% 11.4M 4s
#7 7.810  65050K .......... .......... .......... .......... .......... 62% 9.63M 4s
#7 7.816  65100K .......... .......... .......... .......... .......... 62% 8.22M 4s
#7 7.821  65150K .......... .......... .......... .......... .......... 62% 11.7M 4s
#7 7.825  65200K .......... .......... .......... .......... .......... 62% 10.8M 4s
#7 7.829  65250K .......... .......... .......... .......... .......... 62% 11.4M 4s
#7 7.834  65300K .......... .......... .......... .......... .......... 62% 11.6M 4s
#7 7.838  65350K .......... .......... .......... .......... .......... 63% 5.30M 4s
#7 7.847  65400K .......... .......... .......... .......... .......... 63% 4.52M 4s
#7 7.858  65450K .......... .......... .......... .......... .......... 63% 6.35M 4s
#7 7.867  65500K .......... .......... .......... .......... .......... 63% 8.54M 4s
#7 7.871  65550K .......... .......... .......... .......... .......... 63% 10.1M 4s
#7 7.876  65600K .......... .......... .......... .......... .......... 63% 7.85M 4s
#7 7.882  65650K .......... .......... .......... .......... .......... 63% 11.2M 4s
#7 7.887  65700K .......... .......... .......... .......... .......... 63% 11.5M 4s
#7 7.891  65750K .......... .......... .......... .......... .......... 63% 8.51M 4s
#7 7.897  65800K .......... .......... .......... .......... .......... 63% 9.82M 4s
#7 7.902  65850K .......... .......... .......... .......... .......... 63% 7.47M 4s
#7 7.910  65900K .......... .......... .......... .......... .......... 63% 6.20M 4s
#7 7.916  65950K .......... .......... .......... .......... .......... 63% 7.94M 4s
#7 7.922  66000K .......... .......... .......... .......... .......... 63% 6.58M 4s
#7 7.930  66050K .......... .......... .......... .......... .......... 63% 11.5M 4s
#7 7.934  66100K .......... .......... .......... .......... .......... 63% 11.3M 4s
#7 7.938  66150K .......... .......... .......... .......... .......... 63% 11.7M 4s
#7 7.942  66200K .......... .......... .......... .......... .......... 63% 9.64M 4s
#7 7.947  66250K .......... .......... .......... .......... .......... 63% 9.64M 4s
#7 7.954  66300K .......... .......... .......... .......... .......... 63% 5.72M 4s
#7 7.961  66350K .......... .......... .......... .......... .......... 63% 5.30M 4s
#7 7.970  66400K .......... .......... .......... .......... .......... 64% 5.80M 4s
#7 7.979  66450K .......... .......... .......... .......... .......... 64% 11.7M 4s
#7 7.983  66500K .......... .......... .......... .......... .......... 64% 6.42M 4s
#7 7.990  66550K .......... .......... .......... .......... .......... 64% 11.4M 4s
#7 7.995  66600K .......... .......... .......... .......... .......... 64% 11.6M 4s
#7 7.999  66650K .......... .......... .......... .......... .......... 64% 11.3M 4s
#7 8.006  66700K .......... .......... .......... .......... .......... 64% 6.00M 4s
#7 8.011  66750K .......... .......... .......... .......... .......... 64% 8.43M 4s
#7 8.017  66800K .......... .......... .......... .......... .......... 64% 7.88M 4s
#7 8.023  66850K .......... .......... .......... .......... .......... 64% 11.4M 4s
#7 8.028  66900K .......... .......... .......... .......... .......... 64% 8.66M 4s
#7 8.033  66950K .......... .......... .......... .......... .......... 64% 11.3M 4s
#7 8.038  67000K .......... .......... .......... .......... .......... 64% 9.09M 4s
#7 8.043  67050K .......... .......... .......... .......... .......... 64% 6.28M 4s
#7 8.052  67100K .......... .......... .......... .......... .......... 64% 8.60M 4s
#7 8.056  67150K .......... .......... .......... .......... .......... 64% 7.69M 4s
#7 8.063  67200K .......... .......... .......... .......... .......... 64% 9.28M 4s
#7 8.068  67250K .......... .......... .......... .......... .......... 64% 10.9M 4s
#7 8.072  67300K .......... .......... .......... .......... .......... 64% 11.5M 4s
#7 8.077  67350K .......... .......... .......... .......... .......... 64% 4.87M 4s
#7 8.087  67400K .......... .......... .......... .......... .......... 64% 9.73M 4s
#7 8.092  67450K .......... .......... .......... .......... .......... 65% 11.7M 4s
#7 8.100  67500K .......... .......... .......... .......... .......... 65% 4.64M 4s
#7 8.106  67550K .......... .......... .......... .......... .......... 65% 7.14M 4s
#7 8.113  67600K .......... .......... .......... .......... .......... 65% 11.7M 4s
#7 8.117  67650K .......... .......... .......... .......... .......... 65% 11.3M 4s
#7 8.122  67700K .......... .......... .......... .......... .......... 65% 4.32M 4s
#7 8.133  67750K .......... .......... .......... .......... .......... 65% 11.8M 4s
#7 8.137  67800K .......... .......... .......... .......... .......... 65% 7.95M 4s
#7 8.143  67850K .......... .......... .......... .......... .......... 65% 11.4M 4s
#7 8.149  67900K .......... .......... .......... .......... .......... 65% 7.75M 4s
#7 8.154  67950K .......... .......... .......... .......... .......... 65% 10.1M 4s
#7 8.159  68000K .......... .......... .......... .......... .......... 65% 6.30M 4s
#7 8.167  68050K .......... .......... .......... .......... .......... 65% 10.6M 4s
#7 8.171  68100K .......... .......... .......... .......... .......... 65% 7.75M 4s
#7 8.177  68150K .......... .......... .......... .......... .......... 65% 11.2M 4s
#7 8.182  68200K .......... .......... .......... .......... .......... 65% 4.93M 4s
#7 8.192  68250K .......... .......... .......... .......... .......... 65% 11.4M 4s
#7 8.197  68300K .......... .......... .......... .......... .......... 65% 8.69M 4s
#7 8.202  68350K .......... .......... .......... .......... .......... 65% 9.61M 4s
#7 8.207  68400K .......... .......... .......... .......... .......... 65% 9.43M 4s
#7 8.212  68450K .......... .......... .......... .......... .......... 66% 11.7M 4s
#7 8.216  68500K .......... .......... .......... .......... .......... 66% 6.97M 4s
#7 8.223  68550K .......... .......... .......... .......... .......... 66% 11.3M 4s
#7 8.227  68600K .......... .......... .......... .......... .......... 66% 11.7M 4s
#7 8.232  68650K .......... .......... .......... .......... .......... 66% 5.43M 4s
#7 8.242  68700K .......... .......... .......... .......... .......... 66% 8.50M 4s
#7 8.246  68750K .......... .......... .......... .......... .......... 66% 11.0M 4s
#7 8.251  68800K .......... .......... .......... .......... .......... 66% 5.18M 4s
#7 8.260  68850K .......... .......... .......... .......... .......... 66% 6.94M 4s
#7 8.267  68900K .......... .......... .......... .......... .......... 66% 10.9M 4s
#7 8.272  68950K .......... .......... .......... .......... .......... 66% 5.82M 4s
#7 8.280  69000K .......... .......... .......... .......... .......... 66% 11.4M 4s
#7 8.284  69050K .......... .......... .......... .......... .......... 66% 7.89M 4s
#7 8.292  69100K .......... .......... .......... .......... .......... 66% 6.17M 4s
#7 8.298  69150K .......... .......... .......... .......... .......... 66% 6.31M 4s
#7 8.306  69200K .......... .......... .......... .......... .......... 66% 10.3M 4s
#7 8.311  69250K .......... .......... .......... .......... .......... 66% 5.83M 4s
#7 8.319  69300K .......... .......... .......... .......... .......... 66% 12.0M 4s
#7 8.323  69350K .......... .......... .......... .......... .......... 66% 11.7M 4s
#7 8.328  69400K .......... .......... .......... .......... .......... 66% 7.34M 4s
#7 8.334  69450K .......... .......... .......... .......... .......... 66% 11.4M 4s
#7 8.340  69500K .......... .......... .......... .......... .......... 67% 4.59M 4s
#7 8.349  69550K .......... .......... .......... .......... .......... 67% 12.0M 4s
#7 8.353  69600K .......... .......... .......... .......... .......... 67% 11.7M 4s
#7 8.357  69650K .......... .......... .......... .......... .......... 67% 10.9M 4s
#7 8.362  69700K .......... .......... .......... .......... .......... 67% 6.24M 4s
#7 8.370  69750K .......... .......... .......... .......... .......... 67% 7.65M 4s
#7 8.376  69800K .......... .......... .......... .......... .......... 67% 11.5M 4s
#7 8.380  69850K .......... .......... .......... .......... .......... 67% 6.31M 4s
#7 8.390  69900K .......... .......... .......... .......... .......... 67% 6.00M 4s
#7 8.396  69950K .......... .......... .......... .......... .......... 67% 7.73M 4s
#7 8.403  70000K .......... .......... .......... .......... .......... 67% 11.3M 4s
#7 8.407  70050K .......... .......... .......... .......... .......... 67% 11.8M 4s
#7 8.411  70100K .......... .......... .......... .......... .......... 67% 8.50M 4s
#7 8.417  70150K .......... .......... .......... .......... .......... 67% 11.3M 4s
#7 8.421  70200K .......... .......... .......... .......... .......... 67% 5.39M 4s
#7 8.430  70250K .......... .......... .......... .......... .......... 67% 8.50M 4s
#7 8.439  70300K .......... .......... .......... .......... .......... 67% 5.04M 4s
#7 8.446  70350K .......... .......... .......... .......... .......... 67% 7.37M 4s
#7 8.452  70400K .......... .......... .......... .......... .......... 67% 8.25M 4s
#7 8.458  70450K .......... .......... .......... .......... .......... 67% 11.2M 4s
#7 8.462  70500K .......... .......... .......... .......... .......... 67% 6.26M 4s
#7 8.470  70550K .......... .......... .......... .......... .......... 68% 11.3M 4s
#7 8.475  70600K .......... .......... .......... .......... .......... 68% 8.41M 4s
#7 8.480  70650K .......... .......... .......... .......... .......... 68% 5.10M 4s
#7 8.491  70700K .......... .......... .......... .......... .......... 68% 4.41M 4s
#7 8.501  70750K .......... .......... .......... .......... .......... 68% 8.64M 4s
#7 8.507  70800K .......... .......... .......... .......... .......... 68% 6.92M 4s
#7 8.514  70850K .......... .......... .......... .......... .......... 68% 11.3M 4s
#7 8.518  70900K .......... .......... .......... .......... .......... 68% 9.97M 4s
#7 8.523  70950K .......... .......... .......... .......... .......... 68% 10.1M 4s
#7 8.528  71000K .......... .......... .......... .......... .......... 68% 9.88M 4s
#7 8.533  71050K .......... .......... .......... .......... .......... 68% 11.7M 4s
#7 8.538  71100K .......... .......... .......... .......... .......... 68% 8.54M 4s
#7 8.543  71150K .......... .......... .......... .......... .......... 68% 10.1M 4s
#7 8.547  71200K .......... .......... .......... .......... .......... 68% 9.75M 4s
#7 8.552  71250K .......... .......... .......... .......... .......... 68% 8.02M 4s
#7 8.559  71300K .......... .......... .......... .......... .......... 68% 4.54M 4s
#7 8.569  71350K .......... .......... .......... .......... .......... 68% 11.6M 3s
#7 8.573  71400K .......... .......... .......... .......... .......... 68% 11.4M 3s
#7 8.578  71450K .......... .......... .......... .......... .......... 68% 11.3M 3s
#7 8.583  71500K .......... .......... .......... .......... .......... 68% 7.66M 3s
#7 8.588  71550K .......... .......... .......... .......... .......... 68% 8.17M 3s
#7 8.594  71600K .......... .......... .......... .......... .......... 69% 11.7M 3s
#7 8.599  71650K .......... .......... .......... .......... .......... 69% 7.91M 3s
#7 8.605  71700K .......... .......... .......... .......... .......... 69% 8.67M 3s
#7 8.610  71750K .......... .......... .......... .......... .......... 69% 11.6M 3s
#7 8.615  71800K .......... .......... .......... .......... .......... 69% 8.83M 3s
#7 8.620  71850K .......... .......... .......... .......... .......... 69% 11.9M 3s
#7 8.624  71900K .......... .......... .......... .......... .......... 69% 11.3M 3s
#7 8.629  71950K .......... .......... .......... .......... .......... 69% 11.3M 3s
#7 8.634  72000K .......... .......... .......... .......... .......... 69% 10.7M 3s
#7 8.637  72050K .......... .......... .......... .......... .......... 69% 9.84M 3s
#7 8.644  72100K .......... .......... .......... .......... .......... 69% 5.91M 3s
#7 8.651  72150K .......... .......... .......... .......... .......... 69% 11.7M 3s
#7 8.655  72200K .......... .......... .......... .......... .......... 69% 11.4M 3s
#7 8.659  72250K .......... .......... .......... .......... .......... 69% 11.3M 3s
#7 8.663  72300K .......... .......... .......... .......... .......... 69% 11.6M 3s
#7 8.668  72350K .......... .......... .......... .......... .......... 69% 11.4M 3s
#7 8.672  72400K .......... .......... .......... .......... .......... 69% 11.4M 3s
#7 8.676  72450K .......... .......... .......... .......... .......... 69% 11.6M 3s
#7 8.682  72500K .......... .......... .......... .......... .......... 69% 8.57M 3s
#7 8.686  72550K .......... .......... .......... .......... .......... 69% 11.8M 3s
#7 8.690  72600K .......... .......... .......... .......... .......... 70% 11.3M 3s
#7 8.695  72650K .......... .......... .......... .......... .......... 70% 11.4M 3s
#7 8.699  72700K .......... .......... .......... .......... .......... 70% 11.6M 3s
#7 8.703  72750K .......... .......... .......... .......... .......... 70% 11.4M 3s
#7 8.707  72800K .......... .......... .......... .......... .......... 70% 11.3M 3s
#7 8.712  72850K .......... .......... .......... .......... .......... 70% 11.7M 3s
#7 8.717  72900K .......... .......... .......... .......... .......... 70% 8.52M 3s
#7 8.722  72950K .......... .......... .......... .......... .......... 70% 12.4M 3s
#7 8.726  73000K .......... .......... .......... .......... .......... 70% 12.7M 3s
#7 8.729  73050K .......... .......... .......... .......... .......... 70% 12.4M 3s
#7 8.733  73100K .......... .......... .......... .......... .......... 70% 12.4M 3s
#7 8.737  73150K .......... .......... .......... .......... .......... 70% 12.8M 3s
#7 8.741  73200K .......... .......... .......... .......... .......... 70% 12.4M 3s
#7 8.745  73250K .......... .......... .......... .......... .......... 70% 12.5M 3s
#7 8.750  73300K .......... .......... .......... .......... .......... 70% 9.53M 3s
#7 8.754  73350K .......... .......... .......... .......... .......... 70% 12.4M 3s
#7 8.758  73400K .......... .......... .......... .......... .......... 70% 12.4M 3s
#7 8.762  73450K .......... .......... .......... .......... .......... 70% 13.1M 3s
#7 8.766  73500K .......... .......... .......... .......... .......... 70% 12.0M 3s
#7 8.770  73550K .......... .......... .......... .......... .......... 70% 13.0M 3s
#7 8.773  73600K .......... .......... .......... .......... .......... 70% 6.72M 3s
#7 8.781  73650K .......... .......... .......... .......... .......... 71% 13.2M 3s
#7 8.786  73700K .......... .......... .......... .......... .......... 71% 9.96M 3s
#7 8.789  73750K .......... .......... .......... .......... .......... 71% 12.6M 3s
#7 8.793  73800K .......... .......... .......... .......... .......... 71% 9.40M 3s
#7 8.798  73850K .......... .......... .......... .......... .......... 71% 13.5M 3s
#7 8.802  73900K .......... .......... .......... .......... .......... 71% 11.5M 3s
#7 8.806  73950K .......... .......... .......... .......... .......... 71% 10.3M 3s
#7 8.811  74000K .......... .......... .......... .......... .......... 71% 9.95M 3s
#7 8.816  74050K .......... .......... .......... .......... .......... 71% 8.93M 3s
#7 8.823  74100K .......... .......... .......... .......... .......... 71% 9.75M 3s
#7 8.826  74150K .......... .......... .......... .......... .......... 71% 13.5M 3s
#7 8.830  74200K .......... .......... .......... .......... .......... 71% 12.9M 3s
#7 8.834  74250K .......... .......... .......... .......... .......... 71% 8.16M 3s
#7 8.840  74300K .......... .......... .......... .......... .......... 71% 13.2M 3s
#7 8.843  74350K .......... .......... .......... .......... .......... 71% 13.0M 3s
#7 8.847  74400K .......... .......... .......... .......... .......... 71% 13.0M 3s
#7 8.851  74450K .......... .......... .......... .......... .......... 71% 13.3M 3s
#7 8.856  74500K .......... .......... .......... .......... .......... 71% 8.31M 3s
#7 8.861  74550K .......... .......... .......... .......... .......... 71% 13.4M 3s
#7 8.864  74600K .......... .......... .......... .......... .......... 71% 9.30M 3s
#7 8.869  74650K .......... .......... .......... .......... .......... 71% 13.0M 3s
#7 8.873  74700K .......... .......... .......... .......... .......... 72% 9.46M 3s
#7 8.878  74750K .......... .......... .......... .......... .......... 72% 13.3M 3s
#7 8.882  74800K .......... .......... .......... .......... .......... 72% 12.9M 3s
#7 8.886  74850K .......... .......... .......... .......... .......... 72% 12.3M 3s
#7 8.891  74900K .......... .......... .......... .......... .......... 72% 9.74M 3s
#7 8.895  74950K .......... .......... .......... .......... .......... 72% 12.3M 3s
#7 8.899  75000K .......... .......... .......... .......... .......... 72% 13.3M 3s
#7 8.902  75050K .......... .......... .......... .......... .......... 72% 9.79M 3s
#7 8.907  75100K .......... .......... .......... .......... .......... 72% 12.4M 3s
#7 8.911  75150K .......... .......... .......... .......... .......... 72% 13.4M 3s
#7 8.915  75200K .......... .......... .......... .......... .......... 72% 8.59M 3s
#7 8.921  75250K .......... .......... .......... .......... .......... 72% 12.9M 3s
#7 8.926  75300K .......... .......... .......... .......... .......... 72% 9.66M 3s
#7 8.930  75350K .......... .......... .......... .......... .......... 72% 13.0M 3s
#7 8.933  75400K .......... .......... .......... .......... .......... 72% 7.70M 3s
#7 8.940  75450K .......... .......... .......... .......... .......... 72% 13.3M 3s
#7 8.943  75500K .......... .......... .......... .......... .......... 72% 7.70M 3s
#7 8.950  75550K .......... .......... .......... .......... .......... 72% 13.7M 3s
#7 8.953  75600K .......... .......... .......... .......... .......... 72% 13.4M 3s
#7 8.957  75650K .......... .......... .......... .......... .......... 72% 12.5M 3s
#7 8.962  75700K .......... .......... .......... .......... .......... 72% 7.91M 3s
#7 8.967  75750K .......... .......... .......... .......... .......... 73% 10.4M 3s
#7 8.972  75800K .......... .......... .......... .......... .......... 73% 13.0M 3s
#7 8.975  75850K .......... .......... .......... .......... .......... 73% 13.4M 3s
#7 8.979  75900K .......... .......... .......... .......... .......... 73% 12.9M 3s
#7 8.983  75950K .......... .......... .......... .......... .......... 73% 8.06M 3s
#7 8.989  76000K .......... .......... .......... .......... .......... 73% 13.7M 3s
#7 8.992  76050K .......... .......... .......... .......... .......... 73% 13.0M 3s
#7 8.997  76100K .......... .......... .......... .......... .......... 73% 9.80M 3s
#7 9.001  76150K .......... .......... .......... .......... .......... 73% 6.63M 3s
#7 9.009  76200K .......... .......... .......... .......... .......... 73% 13.9M 3s
#7 9.012  76250K .......... .......... .......... .......... .......... 73% 12.8M 3s
#7 9.016  76300K .......... .......... .......... .......... .......... 73% 13.8M 3s
#7 9.019  76350K .......... .......... .......... .......... .......... 73% 13.6M 3s
#7 9.023  76400K .......... .......... .......... .......... .......... 73% 12.9M 3s
#7 9.027  76450K .......... .......... .......... .......... .......... 73% 11.2M 3s
#7 9.032  76500K .......... .......... .......... .......... .......... 73% 10.2M 3s
#7 9.036  76550K .......... .......... .......... .......... .......... 73% 13.5M 3s
#7 9.040  76600K .......... .......... .......... .......... .......... 73% 6.94M 3s
#7 9.047  76650K .......... .......... .......... .......... .......... 73% 13.4M 3s
#7 9.050  76700K .......... .......... .......... .......... .......... 73% 13.5M 3s
#7 9.054  76750K .......... .......... .......... .......... .......... 74% 13.9M 3s
#7 9.057  76800K .......... .......... .......... .......... .......... 74% 13.1M 3s
#7 9.061  76850K .......... .......... .......... .......... .......... 74% 12.4M 3s
#7 9.066  76900K .......... .......... .......... .......... .......... 74% 8.20M 3s
#7 9.071  76950K .......... .......... .......... .......... .......... 74% 11.4M 3s
#7 9.075  77000K .......... .......... .......... .......... .......... 74% 13.2M 3s
#7 9.079  77050K .......... .......... .......... .......... .......... 74% 6.75M 3s
#7 9.086  77100K .......... .......... .......... .......... .......... 74% 13.1M 3s
#7 9.090  77150K .......... .......... .......... .......... .......... 74% 13.4M 3s
#7 9.093  77200K .......... .......... .......... .......... .......... 74% 9.77M 3s
#7 9.099  77250K .......... .......... .......... .......... .......... 74% 14.0M 3s
#7 9.103  77300K .......... .......... .......... .......... .......... 74% 10.4M 3s
#7 9.107  77350K .......... .......... .......... .......... .......... 74% 13.5M 3s
#7 9.110  77400K .......... .......... .......... .......... .......... 74% 13.5M 3s
#7 9.114  77450K .......... .......... .......... .......... .......... 74% 12.0M 3s
#7 9.118  77500K .......... .......... .......... .......... .......... 74% 13.5M 3s
#7 9.122  77550K .......... .......... .......... .......... .......... 74% 6.84M 3s
#7 9.129  77600K .......... .......... .......... .......... .......... 74% 13.9M 3s
#7 9.132  77650K .......... .......... .......... .......... .......... 74% 11.0M 3s
#7 9.138  77700K .......... .......... .......... .......... .......... 74% 10.2M 3s
#7 9.142  77750K .......... .......... .......... .......... .......... 74% 14.0M 3s
#7 9.145  77800K .......... .......... .......... .......... .......... 75% 12.9M 3s
#7 9.149  77850K .......... .......... .......... .......... .......... 75% 13.6M 3s
#7 9.152  77900K .......... .......... .......... .......... .......... 75% 8.42M 3s
#7 9.158  77950K .......... .......... .......... .......... .......... 75% 13.6M 3s
#7 9.162  78000K .......... .......... .......... .......... .......... 75% 6.18M 3s
#7 9.170  78050K .......... .......... .......... .......... .......... 75% 13.4M 3s
#7 9.175  78100K .......... .......... .......... .......... .......... 75% 10.2M 3s
#7 9.178  78150K .......... .......... .......... .......... .......... 75% 13.9M 3s
#7 9.182  78200K .......... .......... .......... .......... .......... 75% 5.58M 3s
#7 9.190  78250K .......... .......... .......... .......... .......... 75% 13.5M 3s
#7 9.194  78300K .......... .......... .......... .......... .......... 75% 13.8M 3s
#7 9.198  78350K .......... .......... .......... .......... .......... 75% 13.5M 3s
#7 9.201  78400K .......... .......... .......... .......... .......... 75% 13.5M 3s
#7 9.205  78450K .......... .......... .......... .......... .......... 75% 10.4M 3s
#7 9.211  78500K .......... .......... .......... .......... .......... 75% 10.2M 3s
#7 9.214  78550K .......... .......... .......... .......... .......... 75% 13.5M 3s
#7 9.218  78600K .......... .......... .......... .......... .......... 75% 13.9M 3s
#7 9.221  78650K .......... .......... .......... .......... .......... 75% 8.93M 3s
#7 9.227  78700K .......... .......... .......... .......... .......... 75% 9.06M 3s
#7 9.232  78750K .......... .......... .......... .......... .......... 75% 14.0M 3s
#7 9.236  78800K .......... .......... .......... .......... .......... 75% 13.5M 3s
#7 9.239  78850K .......... .......... .......... .......... .......... 76% 13.6M 3s
#7 9.244  78900K .......... .......... .......... .......... .......... 76% 7.04M 3s
#7 9.250  78950K .......... .......... .......... .......... .......... 76% 13.4M 3s
#7 9.254  79000K .......... .......... .......... .......... .......... 76% 8.92M 3s
#7 9.259  79050K .......... .......... .......... .......... .......... 76% 13.5M 3s
#7 9.263  79100K .......... .......... .......... .......... .......... 76% 9.04M 3s
#7 9.268  79150K .......... .......... .......... .......... .......... 76% 11.5M 3s
#7 9.272  79200K .......... .......... .......... .......... .......... 76% 13.5M 3s
#7 9.276  79250K .......... .......... .......... .......... .......... 76% 5.11M 3s
#7 9.287  79300K .......... .......... .......... .......... .......... 76% 10.6M 3s
#7 9.290  79350K .......... .......... .......... .......... .......... 76% 13.6M 3s
#7 9.294  79400K .......... .......... .......... .......... .......... 76% 10.6M 3s
#7 9.298  79450K .......... .......... .......... .......... .......... 76% 14.0M 3s
#7 9.302  79500K .......... .......... .......... .......... .......... 76% 8.82M 3s
#7 9.307  79550K .......... .......... .......... .......... .......... 76% 11.4M 3s
#7 9.312  79600K .......... .......... .......... .......... .......... 76% 13.4M 3s
#7 9.315  79650K .......... .......... .......... .......... .......... 76% 7.72M 3s
#7 9.323  79700K .......... .......... .......... .......... .......... 76% 6.68M 3s
#7 9.329  79750K .......... .......... .......... .......... .......... 76% 13.3M 3s
#7 9.333  79800K .......... .......... .......... .......... .......... 76% 13.1M 3s
#7 9.336  79850K .......... .......... .......... .......... .......... 76% 12.4M 3s
#7 9.340  79900K .......... .......... .......... .......... .......... 77% 13.2M 3s
#7 9.344  79950K .......... .......... .......... .......... .......... 77% 13.0M 3s
#7 9.348  80000K .......... .......... .......... .......... .......... 77% 13.0M 3s
#7 9.351  80050K .......... .......... .......... .......... .......... 77% 7.56M 3s
#7 9.359  80100K .......... .......... .......... .......... .......... 77% 9.82M 3s
#7 9.363  80150K .......... .......... .......... .......... .......... 77% 7.57M 2s
#7 9.369  80200K .......... .......... .......... .......... .......... 77% 12.9M 2s
#7 9.373  80250K .......... .......... .......... .......... .......... 77% 8.60M 2s
#7 9.379  80300K .......... .......... .......... .......... .......... 77% 13.4M 2s
#7 9.382  80350K .......... .......... .......... .......... .......... 77% 13.0M 2s
#7 9.386  80400K .......... .......... .......... .......... .......... 77% 9.18M 2s
#7 9.392  80450K .......... .......... .......... .......... .......... 77% 13.3M 2s
#7 9.396  80500K .......... .......... .......... .......... .......... 77% 8.50M 2s
#7 9.401  80550K .......... .......... .......... .......... .......... 77% 10.2M 2s
#7 9.406  80600K .......... .......... .......... .......... .......... 77% 13.7M 2s
#7 9.409  80650K .......... .......... .......... .......... .......... 77% 13.0M 2s
#7 9.413  80700K .......... .......... .......... .......... .......... 77% 7.30M 2s
#7 9.420  80750K .......... .......... .......... .......... .......... 77% 8.64M 2s
#7 9.425  80800K .......... .......... .......... .......... .......... 77% 9.10M 2s
#7 9.431  80850K .......... .......... .......... .......... .......... 77% 12.9M 2s
#7 9.436  80900K .......... .......... .......... .......... .......... 78% 9.97M 2s
#7 9.439  80950K .......... .......... .......... .......... .......... 78% 12.9M 2s
#7 9.443  81000K .......... .......... .......... .......... .......... 78% 6.66M 2s
#7 9.451  81050K .......... .......... .......... .......... .......... 78% 13.3M 2s
#7 9.454  81100K .......... .......... .......... .......... .......... 78% 12.9M 2s
#7 9.458  81150K .......... .......... .......... .......... .......... 78% 13.1M 2s
#7 9.462  81200K .......... .......... .......... .......... .......... 78% 8.39M 2s
#7 9.468  81250K .......... .......... .......... .......... .......... 78% 13.0M 2s
#7 9.473  81300K .......... .......... .......... .......... .......... 78% 9.97M 2s
#7 9.476  81350K .......... .......... .......... .......... .......... 78% 4.73M 2s
#7 9.487  81400K .......... .......... .......... .......... .......... 78% 13.0M 2s
#7 9.490  81450K .......... .......... .......... .......... .......... 78% 13.4M 2s
#7 9.494  81500K .......... .......... .......... .......... .......... 78% 12.0M 2s
#7 9.498  81550K .......... .......... .......... .......... .......... 78% 5.54M 2s
#7 9.507  81600K .......... .......... .......... .......... .......... 78% 12.3M 2s
#7 9.511  81650K .......... .......... .......... .......... .......... 78% 9.07M 2s
#7 9.519  81700K .......... .......... .......... .......... .......... 78% 7.35M 2s
#7 9.523  81750K .......... .......... .......... .......... .......... 78% 13.4M 2s
#7 9.526  81800K .......... .......... .......... .......... .......... 78% 12.0M 2s
#7 9.531  81850K .......... .......... .......... .......... .......... 78% 12.9M 2s
#7 9.534  81900K .......... .......... .......... .......... .......... 78% 11.0M 2s
#7 9.539  81950K .......... .......... .......... .......... .......... 79% 5.03M 2s
#7 9.548  82000K .......... .......... .......... .......... .......... 79% 13.0M 2s
#7 9.552  82050K .......... .......... .......... .......... .......... 79% 13.4M 2s
#7 9.556  82100K .......... .......... .......... .......... .......... 79% 12.9M 2s
#7 9.560  82150K .......... .......... .......... .......... .......... 79% 13.0M 2s
#7 9.563  82200K .......... .......... .......... .......... .......... 79% 9.81M 2s
#7 9.568  82250K .......... .......... .......... .......... .......... 79% 13.0M 2s
#7 9.576  82300K .......... .......... .......... .......... .......... 79% 5.92M 2s
#7 9.580  82350K .......... .......... .......... .......... .......... 79% 6.99M 2s
#7 9.587  82400K .......... .......... .......... .......... .......... 79% 6.72M 2s
#7 9.595  82450K .......... .......... .......... .......... .......... 79% 10.8M 2s
#7 9.599  82500K .......... .......... .......... .......... .......... 79% 12.8M 2s
#7 9.603  82550K .......... .......... .......... .......... .......... 79% 9.98M 2s
#7 9.608  82600K .......... .......... .......... .......... .......... 79% 6.06M 2s
#7 9.616  82650K .......... .......... .......... .......... .......... 79% 13.0M 2s
#7 9.621  82700K .......... .......... .......... .......... .......... 79% 7.81M 2s
#7 9.626  82750K .......... .......... .......... .......... .......... 79% 10.9M 2s
#7 9.630  82800K .......... .......... .......... .......... .......... 79% 12.9M 2s
#7 9.634  82850K .......... .......... .......... .......... .......... 79% 7.25M 2s
#7 9.641  82900K .......... .......... .......... .......... .......... 79% 13.1M 2s
#7 9.645  82950K .......... .......... .......... .......... .......... 79% 12.4M 2s
#7 9.649  83000K .......... .......... .......... .......... .......... 80% 13.0M 2s
#7 9.652  83050K .......... .......... .......... .......... .......... 80% 8.65M 2s
#7 9.659  83100K .......... .......... .......... .......... .......... 80% 5.16M 2s
#7 9.668  83150K .......... .......... .......... .......... .......... 80% 13.2M 2s
#7 9.671  83200K .......... .......... .......... .......... .......... 80% 13.0M 2s
#7 9.675  83250K .......... .......... .......... .......... .......... 80% 9.16M 2s
#7 9.680  83300K .......... .......... .......... .......... .......... 80% 5.68M 2s
#7 9.689  83350K .......... .......... .......... .......... .......... 80% 9.40M 2s
#7 9.694  83400K .......... .......... .......... .......... .......... 80% 6.86M 2s
#7 9.701  83450K .......... .......... .......... .......... .......... 80% 6.55M 2s
#7 9.709  83500K .......... .......... .......... .......... .......... 80% 12.5M 2s
#7 9.712  83550K .......... .......... .......... .......... .......... 80% 6.61M 2s
#7 9.720  83600K .......... .......... .......... .......... .......... 80% 12.7M 2s
#7 9.724  83650K .......... .......... .......... .......... .......... 80% 9.32M 2s
#7 9.729  83700K .......... .......... .......... .......... .......... 80% 12.4M 2s
#7 9.733  83750K .......... .......... .......... .......... .......... 80% 8.22M 2s
#7 9.739  83800K .......... .......... .......... .......... .......... 80% 12.4M 2s
#7 9.743  83850K .......... .......... .......... .......... .......... 80% 8.90M 2s
#7 9.748  83900K .......... .......... .......... .......... .......... 80% 12.4M 2s
#7 9.752  83950K .......... .......... .......... .......... .......... 80% 8.09M 2s
#7 9.758  84000K .......... .......... .......... .......... .......... 80% 12.9M 2s
#7 9.762  84050K .......... .......... .......... .......... .......... 81% 8.27M 2s
#7 9.768  84100K .......... .......... .......... .......... .......... 81% 12.6M 2s
#7 9.772  84150K .......... .......... .......... .......... .......... 81% 9.57M 2s
#7 9.777  84200K .......... .......... .......... .......... .......... 81% 12.5M 2s
#7 9.781  84250K .......... .......... .......... .......... .......... 81% 12.4M 2s
#7 9.785  84300K .......... .......... .......... .......... .......... 81% 10.3M 2s
#7 9.790  84350K .......... .......... .......... .......... .......... 81% 12.4M 2s
#7 9.793  84400K .......... .......... .......... .......... .......... 81% 12.4M 2s
#7 9.797  84450K .......... .......... .......... .......... .......... 81% 12.9M 2s
#7 9.801  84500K .......... .......... .......... .......... .......... 81% 7.37M 2s
#7 9.808  84550K .......... .......... .......... .......... .......... 81% 9.94M 2s
#7 9.813  84600K .......... .......... .......... .......... .......... 81% 12.4M 2s
#7 9.817  84650K .......... .......... .......... .......... .......... 81% 11.7M 2s
#7 9.821  84700K .......... .......... .......... .......... .......... 81% 11.1M 2s
#7 9.825  84750K .......... .......... .......... .......... .......... 81% 8.33M 2s
#7 9.831  84800K .......... .......... .......... .......... .......... 81% 12.4M 2s
#7 9.835  84850K .......... .......... .......... .......... .......... 81% 10.7M 2s
#7 9.840  84900K .......... .......... .......... .......... .......... 81% 12.4M 2s
#7 9.844  84950K .......... .......... .......... .......... .......... 81% 5.25M 2s
#7 9.853  85000K .......... .......... .......... .......... .......... 81% 12.7M 2s
#7 9.857  85050K .......... .......... .......... .......... .......... 82% 13.0M 2s
#7 9.860  85100K .......... .......... .......... .......... .......... 82% 13.1M 2s
#7 9.864  85150K .......... .......... .......... .......... .......... 82% 9.70M 2s
#7 9.869  85200K .......... .......... .......... .......... .......... 82% 13.0M 2s
#7 9.873  85250K .......... .......... .......... .......... .......... 82% 9.55M 2s
#7 9.878  85300K .......... .......... .......... .......... .......... 82% 13.3M 2s
#7 9.882  85350K .......... .......... .......... .......... .......... 82% 6.36M 2s
#7 9.889  85400K .......... .......... .......... .......... .......... 82% 13.0M 2s
#7 9.893  85450K .......... .......... .......... .......... .......... 82% 9.13M 2s
#7 9.899  85500K .......... .......... .......... .......... .......... 82% 13.0M 2s
#7 9.902  85550K .......... .......... .......... .......... .......... 82% 13.0M 2s
#7 9.906  85600K .......... .......... .......... .......... .......... 82% 8.72M 2s
#7 9.912  85650K .......... .......... .......... .......... .......... 82% 13.0M 2s
#7 9.915  85700K .......... .......... .......... .......... .......... 82% 13.0M 2s
#7 9.919  85750K .......... .......... .......... .......... .......... 82% 5.79M 2s
#7 9.928  85800K .......... .......... .......... .......... .......... 82% 13.8M 2s
#7 9.931  85850K .......... .......... .......... .......... .......... 82% 13.3M 2s
#7 9.935  85900K .......... .......... .......... .......... .......... 82% 11.1M 2s
#7 9.939  85950K .......... .......... .......... .......... .......... 82% 13.2M 2s
#7 9.943  86000K .......... .......... .......... .......... .......... 82% 7.52M 2s
#7 9.949  86050K .......... .......... .......... .......... .......... 82% 13.5M 2s
#7 9.953  86100K .......... .......... .......... .......... .......... 83% 10.0M 2s
#7 9.958  86150K .......... .......... .......... .......... .......... 83% 10.6M 2s
#7 9.963  86200K .......... .......... .......... .......... .......... 83% 4.03M 2s
#7 9.975  86250K .......... .......... .......... .......... .......... 83% 13.6M 2s
#7 9.978  86300K .......... .......... .......... .......... .......... 83% 13.9M 2s
#7 9.982  86350K .......... .......... .......... .......... .......... 83% 6.26M 2s
#7 9.990  86400K .......... .......... .......... .......... .......... 83% 12.9M 2s
#7 9.993  86450K .......... .......... .......... .......... .......... 83% 13.3M 2s
#7 9.997  86500K .......... .......... .......... .......... .......... 83% 8.95M 2s
#7 10.00  86550K .......... .......... .......... .......... .......... 83% 5.35M 2s
#7 10.01  86600K .......... .......... .......... .......... .......... 83% 13.4M 2s
#7 10.02  86650K .......... .......... .......... .......... .......... 83% 9.21M 2s
#7 10.02  86700K .......... .......... .......... .......... .......... 83% 13.1M 2s
#7 10.02  86750K .......... .......... .......... .......... .......... 83% 7.72M 2s
#7 10.03  86800K .......... .......... .......... .......... .......... 83% 13.0M 2s
#7 10.03  86850K .......... .......... .......... .......... .......... 83% 6.87M 2s
#7 10.04  86900K .......... .......... .......... .......... .......... 83% 6.93M 2s
#7 10.05  86950K .......... .......... .......... .......... .......... 83% 4.18M 2s
#7 10.06  87000K .......... .......... .......... .......... .......... 83% 13.4M 2s
#7 10.06  87050K .......... .......... .......... .......... .......... 83% 9.65M 2s
#7 10.07  87100K .......... .......... .......... .......... .......... 83% 13.1M 2s
#7 10.07  87150K .......... .......... .......... .......... .......... 84% 9.73M 2s
#7 10.08  87200K .......... .......... .......... .......... .......... 84% 3.89M 2s
#7 10.09  87250K .......... .......... .......... .......... .......... 84% 9.16M 2s
#7 10.10  87300K .......... .......... .......... .......... .......... 84% 10.1M 2s
#7 10.10  87350K .......... .......... .......... .......... .......... 84% 9.76M 2s
#7 10.11  87400K .......... .......... .......... .......... .......... 84% 7.56M 2s
#7 10.11  87450K .......... .......... .......... .......... .......... 84% 12.7M 2s
#7 10.12  87500K .......... .......... .......... .......... .......... 84% 6.32M 2s
#7 10.12  87550K .......... .......... .......... .......... .......... 84% 8.11M 2s
#7 10.13  87600K .......... .......... .......... .......... .......... 84% 12.9M 2s
#7 10.13  87650K .......... .......... .......... .......... .......... 84% 6.69M 2s
#7 10.14  87700K .......... .......... .......... .......... .......... 84% 12.4M 2s
#7 10.14  87750K .......... .......... .......... .......... .......... 84% 5.13M 2s
#7 10.15  87800K .......... .......... .......... .......... .......... 84% 11.3M 2s
#7 10.16  87850K .......... .......... .......... .......... .......... 84% 12.4M 2s
#7 10.16  87900K .......... .......... .......... .......... .......... 84% 7.03M 2s
#7 10.17  87950K .......... .......... .......... .......... .......... 84% 12.3M 2s
#7 10.17  88000K .......... .......... .......... .......... .......... 84% 12.7M 2s
#7 10.18  88050K .......... .......... .......... .......... .......... 84% 12.5M 2s
#7 10.18  88100K .......... .......... .......... .......... .......... 84% 12.4M 2s
#7 10.18  88150K .......... .......... .......... .......... .......... 84% 7.97M 2s
#7 10.19  88200K .......... .......... .......... .......... .......... 85% 12.4M 2s
#7 10.19  88250K .......... .......... .......... .......... .......... 85% 9.39M 2s
#7 10.20  88300K .......... .......... .......... .......... .......... 85% 12.4M 2s
#7 10.20  88350K .......... .......... .......... .......... .......... 85% 8.80M 2s
#7 10.21  88400K .......... .......... .......... .......... .......... 85% 12.4M 2s
#7 10.21  88450K .......... .......... .......... .......... .......... 85% 7.32M 2s
#7 10.22  88500K .......... .......... .......... .......... .......... 85% 12.5M 2s
#7 10.22  88550K .......... .......... .......... .......... .......... 85% 7.14M 2s
#7 10.23  88600K .......... .......... .......... .......... .......... 85% 12.8M 2s
#7 10.23  88650K .......... .......... .......... .......... .......... 85% 12.8M 2s
#7 10.24  88700K .......... .......... .......... .......... .......... 85% 13.0M 2s
#7 10.24  88750K .......... .......... .......... .......... .......... 85% 9.15M 2s
#7 10.25  88800K .......... .......... .......... .......... .......... 85% 13.1M 2s
#7 10.25  88850K .......... .......... .......... .......... .......... 85% 13.1M 2s
#7 10.26  88900K .......... .......... .......... .......... .......... 85% 13.2M 2s
#7 10.26  88950K .......... .......... .......... .......... .......... 85% 9.77M 2s
#7 10.26  89000K .......... .......... .......... .......... .......... 85% 7.42M 2s
#7 10.27  89050K .......... .......... .......... .......... .......... 85% 13.0M 2s
#7 10.27  89100K .......... .......... .......... .......... .......... 85% 11.2M 2s
#7 10.28  89150K .......... .......... .......... .......... .......... 85% 13.3M 2s
#7 10.28  89200K .......... .......... .......... .......... .......... 86% 6.09M 2s
#7 10.29  89250K .......... .......... .......... .......... .......... 86% 13.0M 2s
#7 10.29  89300K .......... .......... .......... .......... .......... 86% 13.4M 2s
#7 10.30  89350K .......... .......... .......... .......... .......... 86% 9.77M 2s
#7 10.30  89400K .......... .......... .......... .......... .......... 86% 7.71M 2s
#7 10.31  89450K .......... .......... .......... .......... .......... 86% 13.3M 2s
#7 10.31  89500K .......... .......... .......... .......... .......... 86% 10.0M 2s
#7 10.32  89550K .......... .......... .......... .......... .......... 86% 12.9M 1s
#7 10.32  89600K .......... .......... .......... .......... .......... 86% 12.5M 1s
#7 10.33  89650K .......... .......... .......... .......... .......... 86% 9.62M 1s
#7 10.33  89700K .......... .......... .......... .......... .......... 86% 13.0M 1s
#7 10.33  89750K .......... .......... .......... .......... .......... 86% 7.57M 1s
#7 10.34  89800K .......... .......... .......... .......... .......... 86% 13.0M 1s
#7 10.34  89850K .......... .......... .......... .......... .......... 86% 6.74M 1s
#7 10.35  89900K .......... .......... .......... .......... .......... 86% 13.4M 1s
#7 10.36  89950K .......... .......... .......... .......... .......... 86% 12.9M 1s
#7 10.36  90000K .......... .......... .......... .......... .......... 86% 13.0M 1s
#7 10.36  90050K .......... .......... .......... .......... .......... 86% 6.65M 1s
#7 10.37  90100K .......... .......... .......... .......... .......... 86% 13.0M 1s
#7 10.37  90150K .......... .......... .......... .......... .......... 86% 8.15M 1s
#7 10.38  90200K .......... .......... .......... .......... .......... 86% 6.41M 1s
#7 10.39  90250K .......... .......... .......... .......... .......... 87% 13.8M 1s
#7 10.39  90300K .......... .......... .......... .......... .......... 87% 13.4M 1s
#7 10.39  90350K .......... .......... .......... .......... .......... 87% 10.4M 1s
#7 10.40  90400K .......... .......... .......... .......... .......... 87% 13.0M 1s
#7 10.40  90450K .......... .......... .......... .......... .......... 87% 13.4M 1s
#7 10.41  90500K .......... .......... .......... .......... .......... 87% 13.0M 1s
#7 10.41  90550K .......... .......... .......... .......... .......... 87% 9.32M 1s
#7 10.42  90600K .......... .......... .......... .......... .......... 87% 13.5M 1s
#7 10.42  90650K .......... .......... .......... .......... .......... 87% 12.9M 1s
#7 10.42  90700K .......... .......... .......... .......... .......... 87% 13.0M 1s
#7 10.43  90750K .......... .......... .......... .......... .......... 87% 13.2M 1s
#7 10.43  90800K .......... .......... .......... .......... .......... 87% 13.0M 1s
#7 10.43  90850K .......... .......... .......... .......... .......... 87% 8.17M 1s
#7 10.44  90900K .......... .......... .......... .......... .......... 87% 13.2M 1s
#7 10.44  90950K .......... .......... .......... .......... .......... 87% 5.62M 1s
#7 10.45  91000K .......... .......... .......... .......... .......... 87% 7.96M 1s
#7 10.46  91050K .......... .......... .......... .......... .......... 87% 13.4M 1s
#7 10.46  91100K .......... .......... .......... .......... .......... 87% 13.0M 1s
#7 10.47  91150K .......... .......... .......... .......... .......... 87% 7.77M 1s
#7 10.47  91200K .......... .......... .......... .......... .......... 87% 7.97M 1s
#7 10.48  91250K .......... .......... .......... .......... .......... 87% 13.0M 1s
#7 10.48  91300K .......... .......... .......... .......... .......... 88% 7.29M 1s
#7 10.49  91350K .......... .......... .......... .......... .......... 88% 4.43M 1s
#7 10.50  91400K .......... .......... .......... .......... .......... 88% 12.4M 1s
#7 10.50  91450K .......... .......... .......... .......... .......... 88% 10.4M 1s
#7 10.51  91500K .......... .......... .......... .......... .......... 88% 10.8M 1s
#7 10.51  91550K .......... .......... .......... .......... .......... 88% 9.90M 1s
#7 10.52  91600K .......... .......... .......... .......... .......... 88% 12.7M 1s
#7 10.52  91650K .......... .......... .......... .......... .......... 88% 7.05M 1s
#7 10.53  91700K .......... .......... .......... .......... .......... 88% 5.99M 1s
#7 10.54  91750K .......... .......... .......... .......... .......... 88% 9.14M 1s
#7 10.54  91800K .......... .......... .......... .......... .......... 88% 7.48M 1s
#7 10.55  91850K .......... .......... .......... .......... .......... 88% 11.9M 1s
#7 10.55  91900K .......... .......... .......... .......... .......... 88% 11.3M 1s
#7 10.56  91950K .......... .......... .......... .......... .......... 88% 11.8M 1s
#7 10.56  92000K .......... .......... .......... .......... .......... 88% 8.14M 1s
#7 10.57  92050K .......... .......... .......... .......... .......... 88% 12.7M 1s
#7 10.57  92100K .......... .......... .......... .......... .......... 88% 6.63M 1s
#7 10.58  92150K .......... .......... .......... .......... .......... 88% 10.2M 1s
#7 10.58  92200K .......... .......... .......... .......... .......... 88% 12.0M 1s
#7 10.59  92250K .......... .......... .......... .......... .......... 88% 12.2M 1s
#7 10.59  92300K .......... .......... .......... .......... .......... 88% 12.3M 1s
#7 10.60  92350K .......... .......... .......... .......... .......... 89% 7.93M 1s
#7 10.60  92400K .......... .......... .......... .......... .......... 89% 8.06M 1s
#7 10.61  92450K .......... .......... .......... .......... .......... 89% 12.3M 1s
#7 10.61  92500K .......... .......... .......... .......... .......... 89% 9.59M 1s
#7 10.62  92550K .......... .......... .......... .......... .......... 89% 12.0M 1s
#7 10.62  92600K .......... .......... .......... .......... .......... 89% 12.2M 1s
#7 10.62  92650K .......... .......... .......... .......... .......... 89% 4.89M 1s
#7 10.63  92700K .......... .......... .......... .......... .......... 89% 12.4M 1s
#7 10.64  92750K .......... .......... .......... .......... .......... 89% 11.8M 1s
#7 10.64  92800K .......... .......... .......... .......... .......... 89% 11.9M 1s
#7 10.65  92850K .......... .......... .......... .......... .......... 89% 12.1M 1s
#7 10.65  92900K .......... .......... .......... .......... .......... 89% 7.86M 1s
#7 10.66  92950K .......... .......... .......... .......... .......... 89% 11.5M 1s
#7 10.66  93000K .......... .......... .......... .......... .......... 89% 11.6M 1s
#7 10.67  93050K .......... .......... .......... .......... .......... 89% 8.55M 1s
#7 10.67  93100K .......... .......... .......... .......... .......... 89% 11.4M 1s
#7 10.68  93150K .......... .......... .......... .......... .......... 89% 10.2M 1s
#7 10.68  93200K .......... .......... .......... .......... .......... 89% 11.3M 1s
#7 10.68  93250K .......... .......... .......... .......... .......... 89% 8.53M 1s
#7 10.69  93300K .......... .......... .......... .......... .......... 89% 11.5M 1s
#7 10.69  93350K .......... .......... .......... .......... .......... 90% 8.60M 1s
#7 10.70  93400K .......... .......... .......... .......... .......... 90% 11.4M 1s
#7 10.70  93450K .......... .......... .......... .......... .......... 90% 7.00M 1s
#7 10.71  93500K .......... .......... .......... .......... .......... 90% 11.4M 1s
#7 10.72  93550K .......... .......... .......... .......... .......... 90% 11.2M 1s
#7 10.72  93600K .......... .......... .......... .......... .......... 90% 11.4M 1s
#7 10.72  93650K .......... .......... .......... .......... .......... 90% 11.5M 1s
#7 10.73  93700K .......... .......... .......... .......... .......... 90% 11.3M 1s
#7 10.73  93750K .......... .......... .......... .......... .......... 90% 11.7M 1s
#7 10.74  93800K .......... .......... .......... .......... .......... 90% 11.6M 1s
#7 10.74  93850K .......... .......... .......... .......... .......... 90% 7.17M 1s
#7 10.75  93900K .......... .......... .......... .......... .......... 90% 11.9M 1s
#7 10.75  93950K .......... .......... .......... .......... .......... 90% 7.68M 1s
#7 10.76  94000K .......... .......... .......... .......... .......... 90% 12.3M 1s
#7 10.76  94050K .......... .......... .......... .......... .......... 90% 11.2M 1s
#7 10.77  94100K .......... .......... .......... .......... .......... 90% 11.3M 1s
#7 10.77  94150K .......... .......... .......... .......... .......... 90% 6.31M 1s
#7 10.78  94200K .......... .......... .......... .......... .......... 90% 11.9M 1s
#7 10.78  94250K .......... .......... .......... .......... .......... 90% 6.85M 1s
#7 10.79  94300K .......... .......... .......... .......... .......... 90% 12.2M 1s
#7 10.79  94350K .......... .......... .......... .......... .......... 90% 9.98M 1s
#7 10.80  94400K .......... .......... .......... .......... .......... 91% 7.76M 1s
#7 10.81  94450K .......... .......... .......... .......... .......... 91% 10.9M 1s
#7 10.81  94500K .......... .......... .......... .......... .......... 91% 5.29M 1s
#7 10.82  94550K .......... .......... .......... .......... .......... 91% 12.0M 1s
#7 10.82  94600K .......... .......... .......... .......... .......... 91% 11.6M 1s
#7 10.83  94650K .......... .......... .......... .......... .......... 91% 3.93M 1s
#7 10.84  94700K .......... .......... .......... .......... .......... 91% 11.4M 1s
#7 10.84  94750K .......... .......... .......... .......... .......... 91% 7.17M 1s
#7 10.85  94800K .......... .......... .......... .......... .......... 91% 6.45M 1s
#7 10.86  94850K .......... .......... .......... .......... .......... 91% 11.4M 1s
#7 10.86  94900K .......... .......... .......... .......... .......... 91% 4.96M 1s
#7 10.87  94950K .......... .......... .......... .......... .......... 91% 38.0M 1s
#7 10.87  95000K .......... .......... .......... .......... .......... 91% 11.4M 1s
#7 10.88  95050K .......... .......... .......... .......... .......... 91% 8.57M 1s
#7 10.88  95100K .......... .......... .......... .......... .......... 91% 6.96M 1s
#7 10.89  95150K .......... .......... .......... .......... .......... 91% 4.42M 1s
#7 10.90  95200K .......... .......... .......... .......... .......... 91% 4.88M 1s
#7 10.91  95250K .......... .......... .......... .......... .......... 91% 11.3M 1s
#7 10.92  95300K .......... .......... .......... .......... .......... 91% 11.6M 1s
#7 10.92  95350K .......... .......... .......... .......... .......... 91% 11.4M 1s
#7 10.93  95400K .......... .......... .......... .......... .......... 91% 6.84M 1s
#7 10.93  95450K .......... .......... .......... .......... .......... 92% 7.14M 1s
#7 10.94  95500K .......... .......... .......... .......... .......... 92% 10.8M 1s
#7 10.94  95550K .......... .......... .......... .......... .......... 92% 7.59M 1s
#7 10.95  95600K .......... .......... .......... .......... .......... 92% 11.6M 1s
#7 10.95  95650K .......... .......... .......... .......... .......... 92% 11.3M 1s
#7 10.96  95700K .......... .......... .......... .......... .......... 92% 11.3M 1s
#7 10.96  95750K .......... .......... .......... .......... .......... 92% 3.78M 1s
#7 10.98  95800K .......... .......... .......... .......... .......... 92% 11.3M 1s
#7 10.98  95850K .......... .......... .......... .......... .......... 92% 3.27M 1s
#7 11.00  95900K .......... .......... .......... .......... .......... 92% 11.4M 1s
#7 11.00  95950K .......... .......... .......... .......... .......... 92% 4.74M 1s
#7 11.01  96000K .......... .......... .......... .......... .......... 92% 4.92M 1s
#7 11.02  96050K .......... .......... .......... .......... .......... 92% 9.32M 1s
#7 11.02  96100K .......... .......... .......... .......... .......... 92% 8.51M 1s
#7 11.03  96150K .......... .......... .......... .......... .......... 92% 10.0M 1s
#7 11.04  96200K .......... .......... .......... .......... .......... 92% 11.3M 1s
#7 11.04  96250K .......... .......... .......... .......... .......... 92% 5.94M 1s
#7 11.05  96300K .......... .......... .......... .......... .......... 92% 9.61M 1s
#7 11.05  96350K .......... .......... .......... .......... .......... 92% 7.79M 1s
#7 11.06  96400K .......... .......... .......... .......... .......... 92% 11.4M 1s
#7 11.06  96450K .......... .......... .......... .......... .......... 92% 8.33M 1s
#7 11.07  96500K .......... .......... .......... .......... .......... 93% 11.3M 1s
#7 11.07  96550K .......... .......... .......... .......... .......... 93% 11.3M 1s
#7 11.08  96600K .......... .......... .......... .......... .......... 93% 11.7M 1s
#7 11.08  96650K .......... .......... .......... .......... .......... 93% 7.19M 1s
#7 11.09  96700K .......... .......... .......... .......... .......... 93% 11.3M 1s
#7 11.09  96750K .......... .......... .......... .......... .......... 93% 8.99M 1s
#7 11.10  96800K .......... .......... .......... .......... .......... 93% 10.5M 1s
#7 11.10  96850K .......... .......... .......... .......... .......... 93% 8.37M 1s
#7 11.11  96900K .......... .......... .......... .......... .......... 93% 11.6M 1s
#7 11.11  96950K .......... .......... .......... .......... .......... 93% 8.63M 1s
#7 11.12  97000K .......... .......... .......... .......... .......... 93% 11.2M 1s
#7 11.12  97050K .......... .......... .......... .......... .......... 93% 8.69M 1s
#7 11.13  97100K .......... .......... .......... .......... .......... 93% 8.71M 1s
#7 11.13  97150K .......... .......... .......... .......... .......... 93% 6.12M 1s
#7 11.14  97200K .......... .......... .......... .......... .......... 93% 11.3M 1s
#7 11.15  97250K .......... .......... .......... .......... .......... 93% 7.86M 1s
#7 11.15  97300K .......... .......... .......... .......... .......... 93% 8.92M 1s
#7 11.16  97350K .......... .......... .......... .......... .......... 93% 6.35M 1s
#7 11.17  97400K .......... .......... .......... .......... .......... 93% 11.5M 1s
#7 11.17  97450K .......... .......... .......... .......... .......... 93% 5.34M 1s
#7 11.18  97500K .......... .......... .......... .......... .......... 94% 11.2M 1s
#7 11.18  97550K .......... .......... .......... .......... .......... 94% 9.47M 1s
#7 11.19  97600K .......... .......... .......... .......... .......... 94% 6.35M 1s
#7 11.20  97650K .......... .......... .......... .......... .......... 94% 8.33M 1s
#7 11.20  97700K .......... .......... .......... .......... .......... 94% 7.93M 1s
#7 11.21  97750K .......... .......... .......... .......... .......... 94% 9.31M 1s
#7 11.21  97800K .......... .......... .......... .......... .......... 94% 9.15M 1s
#7 11.22  97850K .......... .......... .......... .......... .......... 94% 4.01M 1s
#7 11.23  97900K .......... .......... .......... .......... .......... 94% 8.50M 1s
#7 11.24  97950K .......... .......... .......... .......... .......... 94% 11.4M 1s
#7 11.24  98000K .......... .......... .......... .......... .......... 94% 11.3M 1s
#7 11.25  98050K .......... .......... .......... .......... .......... 94% 8.29M 1s
#7 11.25  98100K .......... .......... .......... .......... .......... 94% 7.88M 1s
#7 11.26  98150K .......... .......... .......... .......... .......... 94% 3.61M 1s
#7 11.27  98200K .......... .......... .......... .......... .......... 94% 11.8M 1s
#7 11.28  98250K .......... .......... .......... .......... .......... 94% 8.52M 1s
#7 11.28  98300K .......... .......... .......... .......... .......... 94% 8.05M 1s
#7 11.29  98350K .......... .......... .......... .......... .......... 94% 4.75M 1s
#7 11.30  98400K .......... .......... .......... .......... .......... 94% 11.3M 1s
#7 11.30  98450K .......... .......... .......... .......... .......... 94% 7.34M 1s
#7 11.31  98500K .......... .......... .......... .......... .......... 94% 11.3M 1s
#7 11.31  98550K .......... .......... .......... .......... .......... 95% 7.57M 1s
#7 11.32  98600K .......... .......... .......... .......... .......... 95% 11.7M 1s
#7 11.32  98650K .......... .......... .......... .......... .......... 95% 5.34M 1s
#7 11.33  98700K .......... .......... .......... .......... .......... 95% 7.72M 1s
#7 11.34  98750K .......... .......... .......... .......... .......... 95% 6.28M 1s
#7 11.35  98800K .......... .......... .......... .......... .......... 95% 11.4M 1s
#7 11.35  98850K .......... .......... .......... .......... .......... 95% 9.43M 1s
#7 11.36  98900K .......... .......... .......... .......... .......... 95% 11.7M 1s
#7 11.36  98950K .......... .......... .......... .......... .......... 95% 7.73M 1s
#7 11.37  99000K .......... .......... .......... .......... .......... 95% 11.4M 1s
#7 11.37  99050K .......... .......... .......... .......... .......... 95% 7.87M 0s
#7 11.38  99100K .......... .......... .......... .......... .......... 95% 11.4M 0s
#7 11.38  99150K .......... .......... .......... .......... .......... 95% 8.33M 0s
#7 11.39  99200K .......... .......... .......... .......... .......... 95% 11.3M 0s
#7 11.39  99250K .......... .......... .......... .......... .......... 95% 11.3M 0s
#7 11.40  99300K .......... .......... .......... .......... .......... 95% 11.6M 0s
#7 11.40  99350K .......... .......... .......... .......... .......... 95% 11.4M 0s
#7 11.40  99400K .......... .......... .......... .......... .......... 95% 11.3M 0s
#7 11.41  99450K .......... .......... .......... .......... .......... 95% 5.46M 0s
#7 11.42  99500K .......... .......... .......... .......... .......... 95% 12.0M 0s
#7 11.42  99550K .......... .......... .......... .......... .......... 95% 11.4M 0s
#7 11.43  99600K .......... .......... .......... .......... .......... 96% 11.6M 0s
#7 11.43  99650K .......... .......... .......... .......... .......... 96% 11.3M 0s
#7 11.43  99700K .......... .......... .......... .......... .......... 96% 11.3M 0s
#7 11.44  99750K .......... .......... .......... .......... .......... 96% 11.6M 0s
#7 11.44  99800K .......... .......... .......... .......... .......... 96% 10.8M 0s
#7 11.45  99850K .......... .......... .......... .......... .......... 96% 8.54M 0s
#7 11.45  99900K .......... .......... .......... .......... .......... 96% 11.7M 0s
#7 11.46  99950K .......... .......... .......... .......... .......... 96% 11.3M 0s
#7 11.46 100000K .......... .......... .......... .......... .......... 96% 11.4M 0s
#7 11.47 100050K .......... .......... .......... .......... .......... 96% 11.6M 0s
#7 11.47 100100K .......... .......... .......... .......... .......... 96% 11.3M 0s
#7 11.47 100150K .......... .......... .......... .......... .......... 96% 11.3M 0s
#7 11.48 100200K .......... .......... .......... .......... .......... 96% 11.8M 0s
#7 11.48 100250K .......... .......... .......... .......... .......... 96% 8.50M 0s
#7 11.49 100300K .......... .......... .......... .......... .......... 96% 11.6M 0s
#7 11.49 100350K .......... .......... .......... .......... .......... 96% 11.4M 0s
#7 11.50 100400K .......... .......... .......... .......... .......... 96% 11.4M 0s
#7 11.50 100450K .......... .......... .......... .......... .......... 96% 9.44M 0s
#7 11.51 100500K .......... .......... .......... .......... .......... 96% 11.4M 0s
#7 11.51 100550K .......... .......... .......... .......... .......... 96% 11.3M 0s
#7 11.52 100600K .......... .......... .......... .......... .......... 96% 11.6M 0s
#7 11.52 100650K .......... .......... .......... .......... .......... 97% 8.54M 0s
#7 11.53 100700K .......... .......... .......... .......... .......... 97% 11.4M 0s
#7 11.53 100750K .......... .......... .......... .......... .......... 97% 11.7M 0s
#7 11.53 100800K .......... .......... .......... .......... .......... 97% 11.4M 0s
#7 11.54 100850K .......... .......... .......... .......... .......... 97% 12.2M 0s
#7 11.54 100900K .......... .......... .......... .......... .......... 97% 12.8M 0s
#7 11.55 100950K .......... .......... .......... .......... .......... 97% 12.4M 0s
#7 11.55 101000K .......... .......... .......... .......... .......... 97% 12.5M 0s
#7 11.55 101050K .......... .......... .......... .......... .......... 97% 9.35M 0s
#7 11.56 101100K .......... .......... .......... .......... .......... 97% 12.4M 0s
#7 11.56 101150K .......... .......... .......... .......... .......... 97% 8.25M 0s
#7 11.57 101200K .......... .......... .......... .......... .......... 97% 12.7M 0s
#7 11.57 101250K .......... .......... .......... .......... .......... 97% 12.4M 0s
#7 11.58 101300K .......... .......... .......... .......... .......... 97% 11.9M 0s
#7 11.58 101350K .......... .......... .......... .......... .......... 97% 13.5M 0s
#7 11.58 101400K .......... .......... .......... .......... .......... 97% 12.8M 0s
#7 11.59 101450K .......... .......... .......... .......... .......... 97% 9.99M 0s
#7 11.59 101500K .......... .......... .......... .......... .......... 97% 13.0M 0s
#7 11.60 101550K .......... .......... .......... .......... .......... 97% 13.0M 0s
#7 11.60 101600K .......... .......... .......... .......... .......... 97% 7.35M 0s
#7 11.61 101650K .......... .......... .......... .......... .......... 98% 12.9M 0s
#7 11.61 101700K .......... .......... .......... .......... .......... 98% 12.9M 0s
#7 11.62 101750K .......... .......... .......... .......... .......... 98% 12.8M 0s
#7 11.62 101800K .......... .......... .......... .......... .......... 98% 13.0M 0s
#7 11.62 101850K .......... .......... .......... .......... .......... 98% 6.57M 0s
#7 11.63 101900K .......... .......... .......... .......... .......... 98% 13.3M 0s
#7 11.63 101950K .......... .......... .......... .......... .......... 98% 8.68M 0s
#7 11.64 102000K .......... .......... .......... .......... .......... 98% 12.9M 0s
#7 11.64 102050K .......... .......... .......... .......... .......... 98% 11.7M 0s
#7 11.65 102100K .......... .......... .......... .......... .......... 98% 7.19M 0s
#7 11.65 102150K .......... .......... .......... .......... .......... 98% 9.68M 0s
#7 11.66 102200K .......... .......... .......... .......... .......... 98% 13.3M 0s
#7 11.66 102250K .......... .......... .......... .......... .......... 98% 7.39M 0s
#7 11.67 102300K .......... .......... .......... .......... .......... 98% 12.3M 0s
#7 11.67 102350K .......... .......... .......... .......... .......... 98% 11.4M 0s
#7 11.68 102400K .......... .......... .......... .......... .......... 98% 9.49M 0s
#7 11.68 102450K .......... .......... .......... .......... .......... 98% 8.06M 0s
#7 11.69 102500K .......... .......... .......... .......... .......... 98% 12.8M 0s
#7 11.69 102550K .......... .......... .......... .......... .......... 98% 7.66M 0s
#7 11.70 102600K .......... .......... .......... .......... .......... 98% 12.5M 0s
#7 11.70 102650K .......... .......... .......... .......... .......... 98% 9.82M 0s
#7 11.71 102700K .......... .......... .......... .......... .......... 99% 10.1M 0s
#7 11.71 102750K .......... .......... .......... .......... .......... 99% 12.3M 0s
#7 11.72 102800K .......... .......... .......... .......... .......... 99% 12.8M 0s
#7 11.72 102850K .......... .......... .......... .......... .......... 99% 8.64M 0s
#7 11.73 102900K .......... .......... .......... .......... .......... 99% 12.4M 0s
#7 11.73 102950K .......... .......... .......... .......... .......... 99% 12.8M 0s
#7 11.73 103000K .......... .......... .......... .......... .......... 99% 9.78M 0s
#7 11.74 103050K .......... .......... .......... .......... .......... 99% 7.25M 0s
#7 11.75 103100K .......... .......... .......... .......... .......... 99% 10.0M 0s
#7 11.75 103150K .......... .......... .......... .......... .......... 99% 12.9M 0s
#7 11.75 103200K .......... .......... .......... .......... .......... 99% 12.7M 0s
#7 11.76 103250K .......... .......... .......... .......... .......... 99% 13.5M 0s
#7 11.76 103300K .......... .......... .......... .......... .......... 99% 7.86M 0s
#7 11.77 103350K .......... .......... .......... .......... .......... 99% 13.0M 0s
#7 11.77 103400K .......... .......... .......... .......... .......... 99% 13.4M 0s
#7 11.78 103450K .......... .......... .......... .......... .......... 99% 12.9M 0s
#7 11.78 103500K .......... .......... .......... .......... .......... 99% 6.97M 0s
#7 11.79 103550K .......... .......... .......... .......... .......... 99% 13.3M 0s
#7 11.79 103600K .......... .......... .......... .......... .......... 99% 13.0M 0s
#7 11.79 103650K .......... .......... .......... .......... .......... 99% 12.9M 0s
#7 11.80 103700K .......... .......... .......... .......... .......... 99% 12.9M 0s
#7 11.80 103750K .......... .......... ...                             100% 18.0M=11s
#7 11.80 
#7 11.80 2025-12-06 18:27:32 (9.27 MB/s) - 'otp_src_26.2.5.12.tar.gz' saved [106263911/106263911]
#7 11.80 
#7 13.34 === Running configure in /build/otp_src_26.2.5.12/erts ===
#7 13.34 ./configure '--prefix=/usr/local' '--enable-jit' '--without-javac' '--without-odbc' CFLAGS='-fsanitize=address -fno-omit-frame-pointer -g -O1' LDFLAGS='-fsanitize=address' --disable-option-checking --cache-file=/dev/null --srcdir="/build/otp_src_26.2.5.12/erts"
#7 13.44 checking build system type... x86_64-pc-linux-gnu
#7 13.50 checking host system type... x86_64-pc-linux-gnu
#7 13.50 checking target system type... x86_64-pc-linux-gnu
#7 13.50 checking for gcc... gcc
#7 13.53 checking whether the C compiler works... yes
#7 13.58 checking for C compiler default output file name... a.out
#7 13.58 checking for suffix of executables... 
#7 13.62 checking whether we are cross compiling... no
#7 13.66 checking for suffix of object files... o
#7 13.68 checking whether the compiler supports GNU C... yes
#7 13.70 checking whether gcc accepts -g... yes
#7 13.71 checking for gcc option to enable C11 features... none needed
#7 13.75 checking for library containing strerror... none required
#7 13.79 checking OTP release... 26
#7 13.79 checking OTP version... 26.2.5.12
#7 13.79 checking for gcc... (cached) gcc
#7 13.81 checking whether the compiler supports GNU C... (cached) yes
#7 13.81 checking whether gcc accepts -g... (cached) yes
#7 13.81 checking for gcc option to enable C11 features... (cached) none needed
#7 13.81 checking for g++... g++
#7 13.83 checking whether the compiler supports GNU C++... yes
#7 13.85 checking whether g++ accepts -g... yes
#7 13.86 checking for g++ option to enable C++11 features... none needed
#7 13.92 checking for grep that handles long lines and -e... /usr/bin/grep
#7 13.93 checking for egrep... /usr/bin/grep -E
#7 13.93 checking how to run the C preprocessor... gcc -E
#7 13.97 checking for ranlib... ranlib
#7 13.97 checking for bison... no
#7 13.97 checking for byacc... no
#7 13.97 checking for perl5... no
#7 13.97 checking for perl... /usr/bin/perl
#7 13.97 checking whether ln -s works... yes
#7 13.97 checking for ar... ar
#7 13.97 checking for xsltproc... no
#7 13.97 configure: WARNING: No 'xsltproc' command found: the documentation cannot be built
#7 13.97 checking for fop... no
#7 13.97 configure: WARNING: No 'fop' command found: going to generate placeholder PDF files
#7 13.97 checking for xmllint... no
#7 13.97 configure: WARNING: No 'xmllint' command found: can't run the xmllint target for the documentation
#7 13.97 checking for a BSD-compatible install... /usr/bin/install -c
#7 13.98 checking how to create a directory including parents... /usr/bin/install -c -d
#7 13.98 checking for mixed mingw-gcc and native VC++ environment... no
#7 13.98 checking for mixed cygwin and native MinGW environment... no
#7 13.98 checking if we mix cygwin with any native compiler... no
#7 13.98 checking if we mix msys with another native compiler... no
#7 13.98 checking if we mix WSL with another native compiler... no
#7 13.98 checking for getconf... getconf
#7 13.98 checking for large file support CFLAGS... none
#7 13.98 checking for large file support LDFLAGS... none
#7 13.98 checking for large file support LIBS... none
#7 13.99 checking if we can add -Werror=return-type to WERRORFLAGS (via CFLAGS)... yes
#7 14.00 checking if we can add -Werror=implicit to WERRORFLAGS (via CFLAGS)... yes
#7 14.02 checking if we can add -Werror=undef to WERRORFLAGS (via CFLAGS)... yes
#7 14.05 checking if we can add -fno-common to CFLAGS (via CFLAGS)... yes
#7 14.06 checking if we can add -fno-strict-aliasing to CFLAGS (via CFLAGS)... yes
#7 14.08 checking C99 support... yes
#7 14.10 checking whether gcc accepts -fprofile-generate -Werror...... yes
#7 14.13 checking whether gcc accepts -fprofile-use -Werror...... yes
#7 14.17 checking whether gcc accepts -fprofile-use -fprofile-correction -Werror...... yes
#7 14.21 checking whether gcc links with -fprofile-generate... yes
#7 14.25 checking whether gcc accepts -fprofile-instr-generate -Werror...... no
#7 14.27 checking whether to do PGO of erts... yes, using -fprofile-generate -fprofile-correction
#7 14.27 checking for stdio.h... yes
#7 14.29 checking for stdlib.h... yes
#7 14.31 checking for string.h... yes
#7 14.34 checking for inttypes.h... yes
#7 14.36 checking for stdint.h... yes
#7 14.39 checking for strings.h... yes
#7 14.41 checking for sys/stat.h... yes
#7 14.44 checking for sys/types.h... yes
#7 14.47 checking for unistd.h... yes
#7 14.49 checking for sys/time.h... yes
#7 14.52 checking size of void *... 8
#7 14.57 checking target hardware architecture... amd64
#7 14.58 checking whether compilation mode forces ARCH adjustment... no: ARCH is amd64
#7 14.58 checking if VM has to be linked with Carbon framework... no
#7 14.58 checking for mkdir... /bin/mkdir
#7 14.58 checking for cp... /bin/cp
#7 14.58 checking if we are building a sharing-preserving emulator... no
#7 14.58 checking for extra flags needed to export symbols... -Wl,-export-dynamic
#7 14.61 checking for sin in -lm... yes
#7 14.65 checking for dlopen in -ldl... yes
#7 14.69 checking for dlvsym in -ldl... yes
#7 14.72 checking for main in -linet... no
#7 14.75 checking for openpty in -lutil... yes
#7 14.79 checking size of void *... (cached) 8
#7 14.79 checking for native win32 threads... no
#7 14.79 checking for pthread_create in -lpthread... yes
#7 14.83 checking for getconf... (cached) getconf
#7 14.83 checking for Native POSIX Thread Library... yes
#7 14.83 checking for nptl/pthread.h... no
#7 14.86 checking for pthread.h... yes
#7 14.89 checking for pthread/mit/pthread.h... no
#7 14.91 checking for kstat_open in -lkstat... no
#7 14.94 checking for clock_gettime in -lrt... yes
#7 14.98 checking for clock_gettime(CLOCK_MONOTONIC_RAW, _)... yes
#7 15.02 checking for clock_gettime() with custom monotonic clock type... CLOCK_MONOTONIC
#7 15.09 checking for clock_getres... yes
#7 15.13 checking for clock_get_attributes... no
#7 15.17 checking for gethrtime... no
#7 15.21 checking for mach clock_get_time() with monotonic clock type... no
#7 15.22 checking if SIGUSR1 and SIGUSR2 can be used... yes
#7 15.22 checking if sigaltstack can be used... yes
#7 15.22 checking for pthread.h... (cached) yes
#7 15.22 checking for pthread/mit/pthread.h... (cached) no
#7 15.22 checking for sched.h... yes
#7 15.25 checking for sys/time.h... (cached) yes
#7 15.25 checking for usable PTHREAD_STACK_MIN... yes
#7 15.27 checking for pthread_spin_lock... yes
#7 15.31 checking for sched_yield... yes
#7 15.34 checking whether sched_yield() returns an int... yes
#7 15.38 checking for pthread_yield... no
#7 15.42 checking for pthread_rwlock_init... yes
#7 15.46 checking for pthread_rwlockattr_setkind_np... yes
#7 15.50 checking for PTHREAD_RWLOCK_PREFER_WRITER_NONRECURSIVE_NP... yes
#7 15.54 checking for pthread_attr_setguardsize... yes
#7 15.57 checking whether pthread_cond_timedwait() can use the monotonic clock CLOCK_MONOTONIC for timeout... yes
#7 15.62 checking for Linux futexes... yes
#7 15.66 checking for pthread_setname_np... linux
#7 15.75 checking for pthread_getname_np... linux
#7 15.81 checking size of short... 2
#7 15.86 checking size of int... 4
#7 15.91 checking size of long... 8
#7 15.97 checking size of long long... 8
#7 16.02 checking size of __int128_t... 16
#7 16.07 checking for a working __sync_synchronize()... yes
#7 16.14 checking for 32-bit __sync_add_and_fetch()... yes
#7 16.18 checking for 64-bit __sync_add_and_fetch()... yes
#7 16.22 checking for 128-bit __sync_add_and_fetch()... no
#7 16.26 checking for 32-bit __sync_fetch_and_and()... yes
#7 16.30 checking for 64-bit __sync_fetch_and_and()... yes
#7 16.33 checking for 128-bit __sync_fetch_and_and()... no
#7 16.38 checking for 32-bit __sync_fetch_and_or()... yes
#7 16.41 checking for 64-bit __sync_fetch_and_or()... yes
#7 16.45 checking for 128-bit __sync_fetch_and_or()... no
#7 16.50 checking for 32-bit __sync_val_compare_and_swap()... yes
#7 16.53 checking for 64-bit __sync_val_compare_and_swap()... yes
#7 16.57 checking for 128-bit __sync_val_compare_and_swap()... no
#7 16.61 checking for 32-bit __atomic_store_n()... yes
#7 16.65 checking for 64-bit __atomic_store_n()... yes
#7 16.69 checking for 128-bit __atomic_store_n()... no
#7 16.73 checking for 32-bit __atomic_load_n()... yes
#7 16.77 checking for 64-bit __atomic_load_n()... yes
#7 16.81 checking for 128-bit __atomic_load_n()... no
#7 16.85 checking for 32-bit __atomic_add_fetch()... yes
#7 16.89 checking for 64-bit __atomic_add_fetch()... yes
#7 16.93 checking for 128-bit __atomic_add_fetch()... no
#7 16.97 checking for 32-bit __atomic_fetch_and()... yes
#7 17.01 checking for 64-bit __atomic_fetch_and()... yes
#7 17.05 checking for 128-bit __atomic_fetch_and()... no
#7 17.10 checking for 32-bit __atomic_fetch_or()... yes
#7 17.13 checking for 64-bit __atomic_fetch_or()... yes
#7 17.17 checking for 128-bit __atomic_fetch_or()... no
#7 17.22 checking for 32-bit __atomic_compare_exchange_n()... yes
#7 17.25 checking for 64-bit __atomic_compare_exchange_n()... yes
#7 17.29 checking for 128-bit __atomic_compare_exchange_n()... no
#7 17.33 checking for a usable libatomic_ops implementation... no
#7 17.35 checking whether default stack size should be modified... no
#7 17.35 checking size of void *... (cached) 8
#7 17.35 checking size of int... (cached) 4
#7 17.35 checking size of long... (cached) 8
#7 17.35 checking size of long long... (cached) 8
#7 17.35 checking size of __int64... 0
#7 17.37 checking size of __int128_t... (cached) 16
#7 17.37 checking whether byte ordering is bigendian... no
#7 17.43 checking whether double word ordering is middle-endian... no
#7 17.48 checking for gcc cmpxchg16b plain asm support... yes
#7 17.51 checking for posix_fadvise... yes
#7 17.55 checking for closefrom... yes
#7 17.59 checking for linux/falloc.h... yes
#7 17.61 checking whether fallocate() works... yes
#7 17.66 checking whether posix_fallocate() works... yes
#7 17.71 checking whether lock checking should be enabled... no
#7 17.71 checking whether lock counters should be enabled... no
#7 17.71 checking whether dlopen() needs to be called before first call to dlerror()... no
#7 17.71 checking for kstat_open in -lkstat... (cached) no
#7 17.71 checking for tgetent in -ltinfo... yes
#7 17.75 checking for termcap.h... yes
#7 17.78 checking for curses.h... yes
#7 17.81 checking for term.h... yes
#7 17.84 checking for wcwidth... yes
#7 17.88 checking for zlib 1.2.5 or higher... no
#7 17.89 checking for localtime_r... yes
#7 17.93 checking for strftime... yes
#7 17.97 checking for getprotoent... yes
#7 18.01 checking for setprotoent... yes
#7 18.05 checking for endprotoent... yes
#7 18.09 checking for if_nametoindex... yes
#7 18.13 checking for if_indextoname... yes
#7 18.16 checking for if_nameindex... yes
#7 18.20 checking for if_freenameindex... yes
#7 18.24 checking for gethostname... yes
#7 18.28 checking for struct ifreq.ifr_map... yes
#7 18.32 checking for struct ifreq.ifr_hwaddr... yes
#7 18.36 checking for struct ifreq.ifr_ifindex... yes
#7 18.38 checking for struct ifreq.ifr_index... no
#7 18.41 checking for struct sockaddr_dl.sdl_len... no
#7 18.44 checking for connect... yes
#7 18.48 checking for gethostbyname... yes
#7 18.52 checking for gethostbyname_r... yes
#7 18.57 checking for working posix_openpt implementation... yes
#7 18.61 checking if netdb.h requires netinet/in.h to be previously included... yes
#7 18.64 checking for socklen_t... yes
#7 18.67 checking for h_errno declaration in netdb.h... yes
#7 18.71 checking for dirent.h that defines DIR... yes
#7 18.73 checking for library containing opendir... none required
#7 18.77 checking for sys/wait.h that is POSIX.1 compatible... yes
#7 18.79 checking for fcntl.h... yes
#7 18.82 checking for limits.h... yes
#7 18.85 checking for unistd.h... (cached) yes
#7 18.85 checking for syslog.h... yes
#7 18.88 checking for dlfcn.h... yes
#7 18.90 checking for ieeefp.h... no
#7 18.93 checking for sys/types.h... (cached) yes
#7 18.93 checking for sys/stropts.h... no
#7 18.95 checking for sys/sysctl.h... no
#7 18.98 checking for sys/ioctl.h... yes
#7 19.00 checking for sys/time.h... (cached) yes
#7 19.00 checking for sys/uio.h... yes
#7 19.03 checking for sys/mman.h... yes
#7 19.06 checking for sys/socket.h... yes
#7 19.09 checking for sys/sockio.h... no
#7 19.11 checking for sys/socketio.h... no
#7 19.14 checking for net/errno.h... no
#7 19.16 checking for malloc.h... yes
#7 19.19 checking for arpa/nameser.h... yes
#7 19.22 checking for libdlpi.h... no
#7 19.24 checking for pty.h... yes
#7 19.27 checking for util.h... no
#7 19.29 checking for libutil.h... no
#7 19.32 checking for utmp.h... yes
#7 19.35 checking for langinfo.h... yes
#7 19.37 checking for poll.h... yes
#7 19.40 checking for sdkddkver.h... no
#7 19.42 checking for elf.h... yes
#7 19.45 checking for struct ifreq.ifr_hwaddr... (cached) yes
#7 19.45 checking for struct ifreq.ifr_enaddr... no
#7 19.49 checking for struct ip_mreqn... yes
#7 19.53 checking for dlpi_open in -ldlpi... no
#7 19.56 configure: Extending the search to include  /lib
#7 19.56 checking for dlpi_open in -ldlpi... no
#7 19.59 checking for gcc options needed to detect all undeclared functions... none needed
#7 19.62 checking for sys/resource.h... yes
#7 19.65 checking whether getrlimit is declared... yes
#7 19.67 checking whether setrlimit is declared... yes
#7 19.69 checking whether RLIMIT_STACK is declared... yes
#7 19.71 checking for getrusage... yes
#7 19.75 checking for sys/event.h... no
#7 19.77 checking for sys/epoll.h... yes
#7 19.80 checking for sys/devpoll.h... no
#7 19.82 checking for sys/timerfd.h... yes
#7 19.85 checking for netpacket/packet.h... yes
#7 19.88 checking for netinet/sctp.h... yes
#7 19.90 checking for sctp_bindx... no
#7 19.94 checking for sctp_peeloff... no
#7 19.98 checking for sctp_getladdrs... no
#7 20.02 checking for sctp_freeladdrs... no
#7 20.06 checking for sctp_getpaddrs... no
#7 20.11 checking for sctp_freepaddrs... no
#7 20.15 checking for sctp_connectx... no
#7 20.19 checking for struct sctp_accoc_value.assoc_id... no
#7 20.23 checking whether SCTP_UNORDERED is declared... yes
#7 20.25 checking whether SCTP_ADDR_OVER is declared... yes
#7 20.27 checking whether SCTP_ABORT is declared... yes
#7 20.30 checking whether SCTP_EOF is declared... yes
#7 20.32 checking whether SCTP_SENDALL is declared... yes
#7 20.35 checking whether SCTP_ADDR_CONFIRMED is declared... yes
#7 20.37 checking whether SCTP_DELAYED_ACK_TIME is declared... yes
#7 20.40 checking whether SCTP_EMPTY is declared... yes
#7 20.42 checking whether SCTP_UNCONFIRMED is declared... yes
#7 20.45 checking whether SCTP_CLOSED is declared... yes
#7 20.47 checking whether SCTPS_IDLE is declared... no
#7 20.50 checking whether SCTP_BOUND is declared... no
#7 20.52 checking whether SCTPS_BOUND is declared... no
#7 20.54 checking whether SCTP_LISTEN is declared... no
#7 20.56 checking whether SCTPS_LISTEN is declared... no
#7 20.59 checking whether SCTP_COOKIE_WAIT is declared... yes
#7 20.61 checking whether SCTPS_COOKIE_WAIT is declared... no
#7 20.63 checking whether SCTP_COOKIE_ECHOED is declared... yes
#7 20.66 checking whether SCTPS_COOKIE_ECHOED is declared... no
#7 20.68 checking whether SCTP_ESTABLISHED is declared... yes
#7 20.71 checking whether SCTPS_ESTABLISHED is declared... no
#7 20.73 checking whether SCTP_SHUTDOWN_PENDING is declared... yes
#7 20.76 checking whether SCTPS_SHUTDOWN_PENDING is declared... no
#7 20.78 checking whether SCTP_SHUTDOWN_SENT is declared... yes
#7 20.80 checking whether SCTPS_SHUTDOWN_SENT is declared... no
#7 20.83 checking whether SCTP_SHUTDOWN_RECEIVED is declared... yes
#7 20.85 checking whether SCTPS_SHUTDOWN_RECEIVED is declared... no
#7 20.87 checking whether SCTP_SHUTDOWN_ACK_SENT is declared... yes
#7 20.90 checking whether SCTPS_SHUTDOWN_ACK_SENT is declared... no
#7 20.92 checking for struct sctp_paddrparams.spp_pathmtu... yes
#7 20.94 checking for struct sctp_paddrparams.spp_sackdelay... yes
#7 20.96 checking for struct sctp_paddrparams.spp_flags... yes
#7 20.99 checking for struct sctp_remote_error.sre_data... yes
#7 21.01 checking for struct sctp_send_failed.ssf_data... yes
#7 21.03 checking for struct sctp_event_subscribe.sctp_authentication_event... yes
#7 21.06 checking for struct sctp_event_subscribe.sctp_sender_dry_event... yes
#7 21.08 checking for sched.h... (cached) yes
#7 21.08 checking for setns.h... no
#7 21.11 checking for setns... yes
#7 21.15 checking for linux/types.h... yes
#7 21.16 checking for linux/errqueue.h... yes
#7 21.18 checking for valgrind/valgrind.h... no
#7 21.21 checking for SO_BSDCOMPAT declaration... yes
#7 21.23 checking for INADDR_LOOPBACK in netinet/in.h... yes
#7 21.25 checking for sys_errlist declaration in stdio.h or errno.h... no
#7 21.27 checking if windows.h includes winsock2.h... no
#7 21.28 checking for an ANSI C-conforming const... yes
#7 21.30 checking for off_t... yes
#7 21.35 checking for pid_t... yes
#7 21.40 checking for size_t... yes
#7 21.46 checking whether struct tm is in sys/time.h or time.h... time.h
#7 21.48 checking whether struct sockaddr has sa_len field... no
#7 21.49 checking size of char... 1
#7 21.55 checking size of short... (cached) 2
#7 21.55 checking size of int... (cached) 4
#7 21.55 checking size of long... (cached) 8
#7 21.55 checking size of void *... (cached) 8
#7 21.55 checking size of long long... (cached) 8
#7 21.55 checking size of size_t... 8
#7 21.60 checking size of off_t... 8
#7 21.66 checking size of time_t... 8
#7 21.71 checking size of suseconds_t... 8
#7 21.76 checking size of _Float16... 2
#7 21.82 checking for C compiler 'restrict' support... yes
#7 21.83 checking if we should add -fno-tree-copyrename to CFLAGS for computed gotos to work properly... no
#7 21.85 checking for broken gcc-4.3.0 compiler... no
#7 21.89 checking whether byte ordering is bigendian... (cached) no
#7 21.89 checking whether double word ordering is middle-endian... (cached) no
#7 21.89 checking for fdatasync... yes
#7 21.93 checking for library containing fdatasync... none required
#7 21.97 checking for sendfile... yes
#7 22.00 checking for windows.h... no
#7 22.03 checking for winsock2.h... no
#7 22.05 checking for ws2tcpip.h... no
#7 22.07 checking for getaddrinfo... yes
#7 22.11 checking whether getaddrinfo accepts enough flags... yes
#7 22.16 checking for getnameinfo... yes
#7 22.21 checking for getipnodebyname... no
#7 22.25 checking for getipnodebyaddr... no
#7 22.30 checking for gethostbyname2... yes
#7 22.34 checking for ieee_handler... no
#7 22.38 checking for fpsetmask... no
#7 22.42 checking for finite... yes
#7 22.47 checking for isnan... yes
#7 22.51 checking for isinf... yes
#7 22.55 checking for res_gethostbyname... no
#7 22.59 checking for dlopen... yes
#7 22.63 checking for dlvsym... yes
#7 22.67 checking for pread... yes
#7 22.70 checking for pwrite... yes
#7 22.74 checking for memmove... yes
#7 22.78 checking for strerror... yes
#7 22.82 checking for strerror_r... yes
#7 22.86 checking for strncasecmp... yes
#7 22.90 checking for gethrtime... (cached) no
#7 22.90 checking for localtime_r... (cached) yes
#7 22.90 checking for gmtime_r... yes
#7 22.93 checking for mprotect... yes
#7 22.97 checking for madvise... yes
#7 23.01 checking for posix_madvise... yes
#7 23.05 checking for mmap... yes
#7 23.09 checking for mremap... yes
#7 23.12 checking for memcpy... yes
#7 23.16 checking for memrchr... yes
#7 23.20 checking for mallopt... yes
#7 23.24 checking for sbrk... yes
#7 23.27 checking for _sbrk... no
#7 23.32 checking for __sbrk... yes
#7 23.35 checking for brk... yes
#7 23.39 checking for _brk... no
#7 23.43 checking for __brk... no
#7 23.47 checking for flockfile... yes
#7 23.51 checking for fstat... yes
#7 23.55 checking for strlcpy... no
#7 23.59 checking for strlcat... no
#7 23.63 checking for setsid... yes
#7 23.67 checking for posix2time... no
#7 23.71 checking for time2posix... no
#7 23.75 checking for setlocale... yes
#7 23.79 checking for nl_langinfo... yes
#7 23.83 checking for poll... yes
#7 23.87 checking for mlockall... yes
#7 23.91 checking for ppoll... yes
#7 23.94 checking for vsyslog... yes
#7 23.98 checking for inet_pton... yes
#7 24.02 checking for isfinite... no
#7 24.05 checking for posix_memalign... yes
#7 24.14 checking for writev... yes
#7 24.18 checking whether posix2time is declared... no
#7 24.20 checking whether time2posix is declared... no
#7 24.21 checking for vprintf... yes
#7 24.26 checking for conflicting declaration of fread... yes
#7 24.27 checking for putc_unlocked... yes
#7 24.31 checking for fwrite_unlocked... yes
#7 24.35 checking for openpty... yes
#7 24.39 checking for net/if_dl.h... no
#7 24.42 checking for ifaddrs.h... yes
#7 24.45 checking for netpacket/packet.h... (cached) yes
#7 24.45 checking for sys/un.h... yes
#7 24.47 checking for getifaddrs... yes
#7 24.51 checking for struct sockaddr_un.sun_path... yes
#7 24.53 checking whether in6addr_any is declared... yes
#7 24.57 checking whether in6addr_loopback is declared... yes
#7 24.62 checking whether IN6ADDR_ANY_INIT is declared... yes
#7 24.64 checking whether IN6ADDR_LOOPBACK_INIT is declared... yes
#7 24.67 checking whether IPV6_V6ONLY is declared... yes
#7 24.69 checking for sched_getaffinity/sched_setaffinity... yes
#7 24.73 checking for pset functionality... no
#7 24.75 checking for processor_bind functionality... no
#7 24.76 checking for cpuset_getaffinity/cpuset_setaffinity... no
#7 24.78 checking for 'end' symbol... yes
#7 24.82 checking for '_end' symbol... yes
#7 24.86 checking if __after_morecore_hook can track malloc()s core memory use... no
#7 24.88 checking types of sbrk()s return value and argument... void *,intptr_t
#7 24.92 checking types of brk()s return value and argument... int,void *
#7 24.96 checking if sbrk()/brk() wrappers can track malloc()s core memory use... no
#7 25.04 checking for IP version 6 support... yes
#7 25.06 checking for multicast support... yes
#7 25.07 checking for clock_gettime in -lrt... (cached) yes
#7 25.07 checking for clock_gettime() with wall clock type... CLOCK_REALTIME
#7 25.11 checking for clock_getres... (cached) yes
#7 25.11 checking for clock_get_attributes... (cached) no
#7 25.11 checking for gettimeofday... yes
#7 25.15 checking for mach clock_get_time() with wall clock type... no
#7 25.16 checking for clock_gettime in -lrt... (cached) yes
#7 25.16 checking for clock_gettime(CLOCK_MONOTONIC_RAW, _)... (cached) yes
#7 25.16 checking for clock_gettime() with custom monotonic clock type... CLOCK_MONOTONIC
#7 25.25 checking for clock_getres... (cached) yes
#7 25.25 checking for clock_get_attributes... (cached) no
#7 25.25 checking for gethrtime... (cached) no
#7 25.25 checking for mach clock_get_time() with monotonic clock type... (cached) no
#7 25.25 checking for clock_gettime in -lrt... (cached) yes
#7 25.25 checking for clock_gettime(CLOCK_MONOTONIC_RAW, _)... (cached) yes
#7 25.25 checking for clock_gettime() with high resolution monotonic clock type... CLOCK_MONOTONIC
#7 25.34 checking for clock_getres... (cached) yes
#7 25.34 checking for clock_get_attributes... (cached) no
#7 25.34 checking for gethrtime... (cached) no
#7 25.34 checking for mach clock_get_time() with monotonic clock type... (cached) no
#7 25.34 checking if gethrvtime works and how to use it... not working
#7 25.36 checking if clock_gettime can be used to get thread CPU time... yes
#7 25.41 checking for m4... m4
#7 25.43 checking for C++17 support... yes
#7 25.43 checking for safe signal delivery... yes
#7 25.45 checking whether to redefine FD_SETSIZE... no
#7 25.45 checking for working poll()... yes
#7 25.50 checking whether epoll is level triggered... yes
#7 25.54 checking whether kernel poll support should be enabled... yes; epoll
#7 25.54 checking whether putenv() stores a copy of the key-value pair... no
#7 25.60 checking for a compiler that handles jumptables... gcc
#7 25.63 checking for kstat_open in -lkstat... (cached) no
#7 25.63 checking for kvm_open in -lkvm... no
#7 25.66 checking for log2... yes
#7 25.72 checking CFLAGS for -O switch... yes
#7 25.74 configure: creating ./config.status
#7 25.81 config.status: creating emulator/x86_64-pc-linux-gnu/Makefile
#7 25.82 config.status: creating epmd/src/x86_64-pc-linux-gnu/Makefile
#7 25.83 config.status: creating etc/common/x86_64-pc-linux-gnu/Makefile
#7 25.84 config.status: creating include/internal/x86_64-pc-linux-gnu/ethread.mk
#7 25.86 config.status: creating include/internal/x86_64-pc-linux-gnu/erts_internal.mk
#7 25.87 config.status: creating lib_src/x86_64-pc-linux-gnu/Makefile
#7 25.88 config.status: creating ../make/x86_64-pc-linux-gnu/otp.mk
#7 25.89 config.status: creating ../make/make_emakefile
#7 25.91 config.status: creating ../lib/os_mon/c_src/x86_64-pc-linux-gnu/Makefile
#7 25.92 config.status: creating ../lib/runtime_tools/c_src/x86_64-pc-linux-gnu/Makefile
#7 25.93 config.status: creating ../make/install_dir_data.sh
#7 25.94 config.status: creating x86_64-pc-linux-gnu/config.h
#7 25.95 config.status: creating include/internal/x86_64-pc-linux-gnu/ethread_header_config.h
#7 25.96 config.status: creating include/x86_64-pc-linux-gnu/erl_int_sizes_config.h
#7 26.00 
#7 26.00 === Running configure in /build/otp_src_26.2.5.12/make ===
#7 26.00 ./configure '--prefix=/usr/local' '--enable-jit' '--without-javac' '--without-odbc' CFLAGS='-fsanitize=address -fno-omit-frame-pointer -g -O1' LDFLAGS='-fsanitize=address' --disable-option-checking --cache-file=/dev/null --srcdir="/build/otp_src_26.2.5.12/make"
#7 26.00 Ignoring the --cache-file argument since it can cause the system to be erroneously configured
#7 26.00 Disabling caching
#7 26.00 checking build system type... x86_64-pc-linux-gnu
#7 26.00 checking host system type... x86_64-pc-linux-gnu
#7 26.00 checking target system type... x86_64-pc-linux-gnu
#7 26.00 checking for gcc... gcc
#7 26.00 checking whether the C compiler works... yes
#7 26.00 checking for C compiler default output file name... a.out
#7 26.00 checking for suffix of executables... 
#7 26.00 checking whether we are cross compiling... no
#7 26.00 checking for suffix of object files... o
#7 26.00 checking whether the compiler supports GNU C... yes
#7 26.00 checking whether gcc accepts -g... yes
#7 26.00 checking for gcc option to enable C11 features... none needed
#7 26.00 checking for g++... g++
#7 26.00 checking whether the compiler supports GNU C++... yes
#7 26.00 checking whether g++ accepts -g... yes
#7 26.00 checking for g++ option to enable C++11 features... none needed
#7 26.00 checking for ld... ld
#7 26.00 checking for mixed mingw-gcc and native VC++ environment... no
#7 26.00 checking for mixed cygwin and native MinGW environment... no
#7 26.00 checking if we mix cygwin with any native compiler... no
#7 26.00 checking if we mix msys with another native compiler... no
#7 26.00 checking if we mix WSL with another native compiler... no
#7 26.00 checking for env... /bin/env
#7 26.00 checking for GNU make... yes (make)
#7 26.00 checking for a BSD-compatible install... /usr/bin/install -c
#7 26.00 checking whether ln -s works... yes
#7 26.00 checking for ranlib... ranlib
#7 26.00 checking for perl5... no
#7 26.00 checking for perl... /usr/bin/perl
#7 26.00 checking ERTS version... 14.2.5.10
#7 26.00 checking OTP release... 26
#7 26.00 checking OTP version... 26.2.5.12
#7 26.00 checking for stdio.h... yes
#7 26.00 checking for stdlib.h... yes
#7 26.00 checking for string.h... yes
#7 26.00 checking for inttypes.h... yes
#7 26.00 checking for stdint.h... yes
#7 26.00 checking for strings.h... yes
#7 26.00 checking for sys/stat.h... yes
#7 26.00 checking for sys/types.h... yes
#7 26.00 checking for unistd.h... yes
#7 26.00 checking for native win32 threads... no
#7 26.00 checking for pthread_create in -lpthread... yes
#7 26.00 checking for getconf... getconf
#7 26.00 checking for Native POSIX Thread Library... yes
#7 26.00 checking for nptl/pthread.h... no
#7 26.00 checking for pthread.h... yes
#7 26.00 checking for pthread/mit/pthread.h... no
#7 26.00 checking if we can add -Wdeclaration-after-statement to DED_WARN_FLAGS (via CFLAGS)... yes
#7 26.00 checking if we can add -Werror=return-type to DED_WERRORFLAGS (via CFLAGS)... yes
#7 26.00 checking if we can add -Werror=implicit to DED_WERRORFLAGS (via CFLAGS)... yes
#7 26.00 checking if we can add -Werror=undef to DED_WERRORFLAGS (via CFLAGS)... yes
#7 26.00 checking if we can add -fno-common to DED_CFLAGS (via CFLAGS)... yes
#7 26.00 checking if we can add -fno-strict-aliasing to DED_CFLAGS (via CFLAGS)... yes
#7 26.00 checking for ld... gcc
#7 26.00 checking for static compiler flags... -Werror=undef -Werror=implicit -Werror=return-type    -D_THREAD_SAFE -D_REENTRANT -DPOSIX_THREADS -D_POSIX_THREAD_SAFE_FUNCTIONS -fno-strict-aliasing -fno-common -fsanitize=address -fno-omit-frame-pointer -g -O1  -D_GNU_SOURCE -DSTATIC_ERLANG_NIF -DSTATIC_ERLANG_DRIVER
#7 26.00 checking for basic compiler flags for loadable drivers... -fno-strict-aliasing -fno-common -fsanitize=address -fno-omit-frame-pointer -g -O1 -D_GNU_SOURCE -fPIC
#7 26.00 checking for compiler flags for loadable drivers... -Werror=undef -Werror=implicit -Werror=return-type  -Wdeclaration-after-statement -Wall -Wstrict-prototypes -Wmissing-prototypes  -D_THREAD_SAFE -D_REENTRANT -DPOSIX_THREADS -D_POSIX_THREAD_SAFE_FUNCTIONS -fno-strict-aliasing -fno-common -fsanitize=address -fno-omit-frame-pointer -g -O1 -D_GNU_SOURCE -fPIC
#7 26.00 checking for linker for loadable drivers... gcc
#7 26.00 checking for linker flags for loadable drivers... -shared -Wl,-Bsymbolic
#7 26.00 checking for 'runtime library path' linker flag... -Wl,-R
#7 26.00 configure: creating ./config.status
#7 26.00 config.status: creating ../Makefile
#7 26.00 config.status: creating output.mk
#7 26.00 config.status: creating ../make/x86_64-pc-linux-gnu/otp_ded.mk
#7 26.00 config.status: creating emd2exml
#7 26.00 config.status: WARNING:  '../Makefile.in' seems to ignore the --datarootdir setting
#7 26.00 
#7 26.00 === Running configure in /build/otp_src_26.2.5.12/lib/common_test ===
#7 26.00 ./configure '--prefix=/usr/local' '--enable-jit' '--without-javac' '--without-odbc' CFLAGS='-fsanitize=address -fno-omit-frame-pointer -g -O1' LDFLAGS='-fsanitize=address' --disable-option-checking --cache-file=/dev/null --srcdir="/build/otp_src_26.2.5.12/lib/common_test"
#7 26.00 checking build system type... x86_64-pc-linux-gnu
#7 26.00 checking host system type... x86_64-pc-linux-gnu
#7 26.00 checking target system type... x86_64-pc-linux-gnu
#7 26.00 configure: creating ./config.status
#7 26.00 config.status: creating priv/x86_64-pc-linux-gnu/Makefile
#7 26.00 
#7 26.00 === Running configure in /build/otp_src_26.2.5.12/lib/crypto ===
#7 26.00 ./configure '--prefix=/usr/local' '--enable-jit' '--without-javac' '--without-odbc' CFLAGS='-fsanitize=address -fno-omit-frame-pointer -g -O1' LDFLAGS='-fsanitize=address' --disable-option-checking --cache-file=/dev/null --srcdir="/build/otp_src_26.2.5.12/lib/crypto"
#7 26.00 checking build system type... x86_64-pc-linux-gnu
#7 26.00 checking host system type... x86_64-pc-linux-gnu
#7 26.00 checking target system type... x86_64-pc-linux-gnu
#7 26.00 checking for gcc... gcc
#7 26.00 checking whether the C compiler works... yes
#7 26.00 checking for C compiler default output file name... a.out
#7 26.00 checking for suffix of executables... 
#7 26.00 checking whether we are cross compiling... no
#7 26.00 checking for suffix of object files... o
#7 26.00 checking whether the compiler supports GNU C... yes
#7 26.00 checking whether gcc accepts -g... yes
#7 26.00 checking for gcc option to enable C11 features... none needed
#7 26.00 checking for mixed mingw-gcc and native VC++ environment... no
#7 26.00 checking for mixed cygwin and native MinGW environment... no
#7 26.00 checking if we mix cygwin with any native compiler... no
#7 26.00 checking if we mix msys with another native compiler... no
#7 26.00 checking if we mix WSL with another native compiler... no
#7 26.00 checking for stdio.h... yes
#7 26.00 checking for stdlib.h... yes
#7 26.00 checking for string.h... yes
#7 26.00 checking for inttypes.h... yes
#7 26.00 checking for stdint.h... yes
#7 26.00 checking for strings.h... yes
#7 26.00 checking for sys/stat.h... yes
#7 26.00 checking for sys/types.h... yes
#7 26.00 checking for unistd.h... yes
#7 26.00 checking for native win32 threads... no
#7 26.00 checking for pthread_create in -lpthread... yes
#7 26.00 checking for getconf... getconf
#7 26.00 checking for Native POSIX Thread Library... yes
#7 26.00 checking for nptl/pthread.h... no
#7 26.00 checking for pthread.h... yes
#7 26.00 checking for pthread/mit/pthread.h... no
#7 26.00 checking if we can add -Wdeclaration-after-statement to DED_WARN_FLAGS (via CFLAGS)... yes
#7 26.00 checking if we can add -Werror=return-type to DED_WERRORFLAGS (via CFLAGS)... yes
#7 26.00 checking if we can add -Werror=implicit to DED_WERRORFLAGS (via CFLAGS)... yes
#7 26.00 checking if we can add -Werror=undef to DED_WERRORFLAGS (via CFLAGS)... yes
#7 26.00 checking if we can add -fno-common to DED_CFLAGS (via CFLAGS)... yes
#7 26.00 checking if we can add -fno-strict-aliasing to DED_CFLAGS (via CFLAGS)... yes
#7 26.00 checking for ld... gcc
#7 26.00 checking for static compiler flags... -Werror=undef -Werror=implicit -Werror=return-type    -D_THREAD_SAFE -D_REENTRANT -DPOSIX_THREADS -D_POSIX_THREAD_SAFE_FUNCTIONS -fno-strict-aliasing -fno-common -fsanitize=address -fno-omit-frame-pointer -g -O1  -D_GNU_SOURCE -DSTATIC_ERLANG_NIF -DSTATIC_ERLANG_DRIVER
#7 26.00 checking for basic compiler flags for loadable drivers... -fno-strict-aliasing -fno-common -fsanitize=address -fno-omit-frame-pointer -g -O1 -D_GNU_SOURCE -fPIC
#7 26.00 checking for compiler flags for loadable drivers... -Werror=undef -Werror=implicit -Werror=return-type  -Wdeclaration-after-statement -Wall -Wstrict-prototypes -Wmissing-prototypes  -D_THREAD_SAFE -D_REENTRANT -DPOSIX_THREADS -D_POSIX_THREAD_SAFE_FUNCTIONS -fno-strict-aliasing -fno-common -fsanitize=address -fno-omit-frame-pointer -g -O1 -D_GNU_SOURCE -fPIC
#7 26.00 checking for linker for loadable drivers... gcc
#7 26.00 checking for linker flags for loadable drivers... -shared -Wl,-Bsymbolic
#7 26.00 checking for 'runtime library path' linker flag... -Wl,-R
#7 26.00 checking for multiarch directory... x86_64-linux-gnu
#7 26.00 checking size of void *... 8
#7 26.00 checking for static zlib... no
#7 26.00 checking how to run the C preprocessor... gcc -E
#7 26.00 checking for grep that handles long lines and -e... /usr/bin/grep
#7 26.00 checking for egrep... /usr/bin/grep -E
#7 26.00 checking for OpenSSL crypto library with version >= 0.9.8c in standard locations... dynamic crypto library in /usr/lib/x86_64-linux-gnu
#7 26.00 checking for runtime library path to use... /usr/lib/x86_64-linux-gnu:/usr/local/lib64:/usr/sfw/lib64:/usr/lib64:/opt/local/lib64:/usr/pkg/lib64:/usr/local/openssl/lib64:/usr/local/opt/openssl/lib64:/opt/homebrew/opt/openssl/lib64:/usr/lib/openssl/lib64:/usr/openssl/lib64:/usr/local/ssl/lib64:/usr/lib/ssl/lib64:/usr/ssl/lib64:/lib64:/usr/local/lib/x86_64-linux-gnu:/usr/sfw/lib/x86_64-linux-gnu:/opt/local/lib/x86_64-linux-gnu:/usr/pkg/lib/x86_64-linux-gnu:/usr/local/openssl/lib/x86_64-linux-gnu:/usr/local/opt/openssl/lib/x86_64-linux-gnu:/opt/homebrew/opt/openssl/lib/x86_64-linux-gnu:/usr/lib/openssl/lib/x86_64-linux-gnu:/usr/openssl/lib/x86_64-linux-gnu:/usr/local/ssl/lib/x86_64-linux-gnu:/usr/lib/ssl/lib/x86_64-linux-gnu:/usr/ssl/lib/x86_64-linux-gnu:/lib/x86_64-linux-gnu:/usr/local/lib:/usr/sfw/lib:/usr/lib:/opt/local/lib:/usr/pkg/lib:/usr/local/openssl/lib:/usr/local/opt/openssl/lib:/opt/homebrew/opt/openssl/lib:/usr/lib/openssl/lib:/usr/openssl/lib:/usr/local/ssl/lib:/usr/lib/ssl/lib:/usr/ssl/lib:/lib
#7 26.00 checking for gcc options needed to detect all undeclared functions... none needed
#7 26.00 checking whether CRYPTO_memcmp is declared... yes
#7 26.00 checking whether CRYPTO_memcmp can be linked... yes
#7 26.00 configure: creating ./config.status
#7 26.00 config.status: creating c_src/x86_64-pc-linux-gnu/Makefile
#7 26.00 
#7 26.00 === Running configure in /build/otp_src_26.2.5.12/lib/erl_interface ===
#7 26.00 ./configure '--prefix=/usr/local' '--enable-jit' '--without-javac' '--without-odbc' CFLAGS='-fsanitize=address -fno-omit-frame-pointer -g -O1' LDFLAGS='-fsanitize=address' --disable-option-checking --cache-file=/dev/null --srcdir="/build/otp_src_26.2.5.12/lib/erl_interface"
#7 26.00 checking build system type... x86_64-pc-linux-gnu
#7 26.00 checking host system type... x86_64-pc-linux-gnu
#7 26.00 checking target system type... x86_64-pc-linux-gnu
#7 26.00 checking for gcc... gcc
#7 26.00 checking whether the C compiler works... yes
#7 26.00 checking for C compiler default output file name... a.out
#7 26.00 checking for suffix of executables... 
#7 26.00 checking whether we are cross compiling... no
#7 26.00 checking for suffix of object files... o
#7 26.00 checking whether the compiler supports GNU C... yes
#7 26.00 checking whether gcc accepts -g... yes
#7 26.00 checking for gcc option to enable C11 features... none needed
#7 26.00 checking how to run the C preprocessor... gcc -E
#7 26.00 checking for grep that handles long lines and -e... /usr/bin/grep
#7 26.00 checking for egrep... /usr/bin/grep -E
#7 26.00 checking for ranlib... ranlib
#7 26.00 checking for ld.sh... no
#7 26.00 checking for ld... ld
#7 26.00 checking for stdio.h... yes
#7 26.00 checking for stdlib.h... yes
#7 26.00 checking for string.h... yes
#7 26.00 checking for inttypes.h... yes
#7 26.00 checking for stdint.h... yes
#7 26.00 checking for strings.h... yes
#7 26.00 checking for sys/stat.h... yes
#7 26.00 checking for sys/types.h... yes
#7 26.00 checking for unistd.h... yes
#7 26.00 checking for sys/time.h... yes
#7 26.00 checking size of short... 2
#7 26.00 checking size of int... 4
#7 26.00 checking size of long... 8
#7 26.00 checking size of void *... 8
#7 26.00 checking size of long long... 8
#7 26.00 checking target hardware architecture... amd64
#7 26.00 checking whether compilation mode forces ARCH adjustment... no: ARCH is amd64
#7 26.00 checking for unaligned word access... yes: x86 or amd64
#7 26.00 checking for ar... ar
#7 26.00 checking for a BSD-compatible install... /usr/bin/install -c
#7 26.00 checking how to create a directory including parents... /usr/bin/install -c -d
#7 26.00 checking for library containing gethostbyname... none required
#7 26.00 checking for library containing getpeername... none required
#7 26.00 checking for sys/wait.h that is POSIX.1 compatible... yes
#7 26.00 checking for arpa/inet.h... yes
#7 26.00 checking for fcntl.h... yes
#7 26.00 checking for limits.h... yes
#7 26.00 checking for malloc.h... yes
#7 26.00 checking for netdb.h... yes
#7 26.00 checking for netinet/in.h... yes
#7 26.00 checking for stddef.h... yes
#7 26.00 checking for stdlib.h... (cached) yes
#7 26.00 checking for string.h... (cached) yes
#7 26.00 checking for sys/param.h... yes
#7 26.00 checking for sys/socket.h... yes
#7 26.00 checking for sys/select.h... yes
#7 26.00 checking for sys/time.h... (cached) yes
#7 26.00 checking for unistd.h... (cached) yes
#7 26.00 checking for sys/types.h... (cached) yes
#7 26.00 checking for sys/uio.h... yes
#7 26.00 checking for uid_t in sys/types.h... yes
#7 26.00 checking for pid_t... yes
#7 26.00 checking for size_t... yes
#7 26.00 checking for socklen_t usability... yes
#7 26.00 checking for working alloca.h... yes
#7 26.00 checking for alloca... yes
#7 26.00 checking whether gcc needs -traditional... no
#7 26.00 checking for working memcmp... yes
#7 26.00 checking for dup2... yes
#7 26.00 checking for gethostbyaddr... yes
#7 26.00 checking for gethostbyname... yes
#7 26.00 checking for gethostbyaddr_r... yes
#7 26.00 checking for gethostbyname_r... yes
#7 26.00 checking for gethostname... yes
#7 26.00 checking for writev... yes
#7 26.00 checking for gethrtime... no
#7 26.00 checking for gettimeofday... yes
#7 26.00 checking for inet_ntoa... yes
#7 26.00 checking for memchr... yes
#7 26.00 checking for memmove... yes
#7 26.00 checking for memset... yes
#7 26.00 checking for select... yes
#7 26.00 checking for socket... yes
#7 26.00 checking for strchr... yes
#7 26.00 checking for strerror... yes
#7 26.00 checking for strrchr... yes
#7 26.00 checking for strstr... yes
#7 26.00 checking for uname... yes
#7 26.00 checking for sysconf... yes
#7 26.00 checking for res_gethostbyname... no
#7 26.00 checking for res_gethostbyname in -lresolv... no
#7 26.00 checking for clock_gettime... yes
#7 26.00 checking for mixed mingw-gcc and native VC++ environment... no
#7 26.00 checking for mixed cygwin and native MinGW environment... no
#7 26.00 checking if we mix cygwin with any native compiler... no
#7 26.00 checking if we mix msys with another native compiler... no
#7 26.00 checking if we mix WSL with another native compiler... no
#7 26.00 checking for native win32 threads... no
#7 26.00 checking for pthread_create in -lpthread... yes
#7 26.00 checking for getconf... getconf
#7 26.00 checking for Native POSIX Thread Library... yes
#7 26.00 checking for nptl/pthread.h... no
#7 26.00 checking for pthread.h... yes
#7 26.00 checking for pthread/mit/pthread.h... no
#7 26.00 checking size of short... (cached) 2
#7 26.00 checking size of int... (cached) 4
#7 26.00 checking size of long... (cached) 8
#7 26.00 checking size of long long... (cached) 8
#7 26.00 checking size of __int128_t... 16
#7 26.00 checking for a working __sync_synchronize()... yes
#7 26.00 checking for 32-bit __sync_add_and_fetch()... yes
#7 26.00 checking for 64-bit __sync_add_and_fetch()... yes
#7 26.00 checking for 128-bit __sync_add_and_fetch()... no
#7 26.00 checking for 32-bit __sync_fetch_and_and()... yes
#7 26.00 checking for 64-bit __sync_fetch_and_and()... yes
#7 26.00 checking for 128-bit __sync_fetch_and_and()... no
#7 26.00 checking for 32-bit __sync_fetch_and_or()... yes
#7 26.00 checking for 64-bit __sync_fetch_and_or()... yes
#7 26.00 checking for 128-bit __sync_fetch_and_or()... no
#7 26.00 checking for 32-bit __sync_val_compare_and_swap()... yes
#7 26.00 checking for 64-bit __sync_val_compare_and_swap()... yes
#7 26.00 checking for 128-bit __sync_val_compare_and_swap()... no
#7 26.00 checking for 32-bit __atomic_store_n()... yes
#7 26.00 checking for 64-bit __atomic_store_n()... yes
#7 26.00 checking for 128-bit __atomic_store_n()... no
#7 26.00 checking for 32-bit __atomic_load_n()... yes
#7 26.00 checking for 64-bit __atomic_load_n()... yes
#7 26.00 checking for 128-bit __atomic_load_n()... no
#7 26.00 checking for 32-bit __atomic_add_fetch()... yes
#7 26.00 checking for 64-bit __atomic_add_fetch()... yes
#7 26.00 checking for 128-bit __atomic_add_fetch()... no
#7 26.00 checking for 32-bit __atomic_fetch_and()... yes
#7 26.00 checking for 64-bit __atomic_fetch_and()... yes
#7 26.00 checking for 128-bit __atomic_fetch_and()... no
#7 26.00 checking for 32-bit __atomic_fetch_or()... yes
#7 26.00 checking for 64-bit __atomic_fetch_or()... yes
#7 26.00 checking for 128-bit __atomic_fetch_or()... no
#7 26.00 checking for 32-bit __atomic_compare_exchange_n()... yes
#7 26.00 checking for 64-bit __atomic_compare_exchange_n()... yes
#7 26.00 checking for 128-bit __atomic_compare_exchange_n()... no
#7 26.00 checking if we can add -Werror=return-type to WERRORFLAGS (via CFLAGS)... yes
#7 26.00 checking if we can add -fno-common to CFLAGS (via CFLAGS)... yes
#7 26.00 checking if we can add -Wdeclaration-after-statement to DED_WARN_FLAGS (via CFLAGS)... yes
#7 26.00 checking if we can add -Werror=return-type to DED_WERRORFLAGS (via CFLAGS)... yes
#7 26.00 checking if we can add -Werror=implicit to DED_WERRORFLAGS (via CFLAGS)... yes
#7 26.00 checking if we can add -Werror=undef to DED_WERRORFLAGS (via CFLAGS)... yes
#7 26.00 checking if we can add -fno-common to DED_CFLAGS (via CFLAGS)... yes
#7 26.00 checking if we can add -fno-strict-aliasing to DED_CFLAGS (via CFLAGS)... yes
#7 26.00 checking for ld... gcc
#7 26.00 checking for static compiler flags... -Werror=undef -Werror=implicit -Werror=return-type    -fno-strict-aliasing -fno-common -fno-common -Werror=return-type -fsanitize=address -fno-omit-frame-pointer -g -O1 -DEI_64BIT  -D_GNU_SOURCE -DSTATIC_ERLANG_NIF -DSTATIC_ERLANG_DRIVER
#7 26.00 checking for basic compiler flags for loadable drivers... -fno-strict-aliasing -fno-common -fno-common -Werror=return-type -fsanitize=address -fno-omit-frame-pointer -g -O1 -DEI_64BIT -D_GNU_SOURCE -fPIC
#7 26.00 checking for compiler flags for loadable drivers... -Werror=undef -Werror=implicit -Werror=return-type  -Wdeclaration-after-statement -Wall -Wstrict-prototypes -Wmissing-prototypes  -fno-strict-aliasing -fno-common -fno-common -Werror=return-type -fsanitize=address -fno-omit-frame-pointer -g -O1 -DEI_64BIT -D_GNU_SOURCE -fPIC
#7 26.00 checking for linker for loadable drivers... gcc
#7 26.00 checking for linker flags for loadable drivers... -shared -Wl,-Bsymbolic
#7 26.00 checking for 'runtime library path' linker flag... -Wl,-R
#7 26.00 configure: creating ./config.status
#7 26.00 config.status: creating src/x86_64-pc-linux-gnu/Makefile
#7 26.00 config.status: creating src/x86_64-pc-linux-gnu/eidefs.mk
#7 26.00 config.status: creating src/x86_64-pc-linux-gnu/config.h
#7 26.01 
#7 26.01 === Running configure in /build/otp_src_26.2.5.12/lib/megaco ===
#7 26.01 ./configure '--prefix=/usr/local' '--enable-jit' '--without-javac' '--without-odbc' CFLAGS='-fsanitize=address -fno-omit-frame-pointer -g -O1' LDFLAGS='-fsanitize=address' --disable-option-checking --cache-file=/dev/null --srcdir="/build/otp_src_26.2.5.12/lib/megaco"
#7 26.01 checking build system type... x86_64-pc-linux-gnu
#7 26.01 checking host system type... x86_64-pc-linux-gnu
#7 26.01 checking target system type... x86_64-pc-linux-gnu
#7 26.01 checking for gcc... gcc
#7 26.01 checking whether the C compiler works... yes
#7 26.01 checking for C compiler default output file name... a.out
#7 26.01 checking for suffix of executables... 
#7 26.01 checking whether we are cross compiling... no
#7 26.01 checking for suffix of object files... o
#7 26.01 checking whether the compiler supports GNU C... yes
#7 26.01 checking whether gcc accepts -g... yes
#7 26.01 checking for gcc option to enable C11 features... none needed
#7 26.01 checking for mixed mingw-gcc and native VC++ environment... no
#7 26.01 checking for mixed cygwin and native MinGW environment... no
#7 26.01 checking if we mix cygwin with any native compiler... no
#7 26.01 checking if we mix msys with another native compiler... no
#7 26.01 checking if we mix WSL with another native compiler... no
#7 26.01 checking for flex... no
#7 26.01 checking for lex... no
#7 26.01 checking if we can add -Werror=return-type to CFLAGS (via CFLAGS)... yes
#7 26.01 checking for stdio.h... yes
#7 26.01 checking for stdlib.h... yes
#7 26.01 checking for string.h... yes
#7 26.01 checking for inttypes.h... yes
#7 26.01 checking for stdint.h... yes
#7 26.01 checking for strings.h... yes
#7 26.01 checking for sys/stat.h... yes
#7 26.01 checking for sys/types.h... yes
#7 26.01 checking for unistd.h... yes
#7 26.01 checking for native win32 threads... no
#7 26.01 checking for pthread_create in -lpthread... yes
#7 26.01 checking for getconf... getconf
#7 26.01 checking for Native POSIX Thread Library... yes
#7 26.01 checking for nptl/pthread.h... no
#7 26.01 checking for pthread.h... yes
#7 26.01 checking for pthread/mit/pthread.h... no
#7 26.01 checking if we can add -Wdeclaration-after-statement to DED_WARN_FLAGS (via CFLAGS)... yes
#7 26.01 checking if we can add -Werror=return-type to DED_WERRORFLAGS (via CFLAGS)... yes
#7 26.01 checking if we can add -Werror=implicit to DED_WERRORFLAGS (via CFLAGS)... yes
#7 26.01 checking if we can add -Werror=undef to DED_WERRORFLAGS (via CFLAGS)... yes
#7 26.01 checking if we can add -fno-common to DED_CFLAGS (via CFLAGS)... yes
#7 26.01 checking if we can add -fno-strict-aliasing to DED_CFLAGS (via CFLAGS)... yes
#7 26.01 checking for ld... gcc
#7 26.01 checking for static compiler flags... -Werror=undef -Werror=implicit -Werror=return-type    -D_THREAD_SAFE -D_REENTRANT -DPOSIX_THREADS -D_POSIX_THREAD_SAFE_FUNCTIONS -fno-strict-aliasing -fno-common -Werror=return-type -fsanitize=address -fno-omit-frame-pointer -g -O1  -D_GNU_SOURCE -DSTATIC_ERLANG_NIF -DSTATIC_ERLANG_DRIVER
#7 26.01 checking for basic compiler flags for loadable drivers... -fno-strict-aliasing -fno-common -Werror=return-type -fsanitize=address -fno-omit-frame-pointer -g -O1 -D_GNU_SOURCE -fPIC
#7 26.01 checking for compiler flags for loadable drivers... -Werror=undef -Werror=implicit -Werror=return-type  -Wdeclaration-after-statement -Wall -Wstrict-prototypes -Wmissing-prototypes  -D_THREAD_SAFE -D_REENTRANT -DPOSIX_THREADS -D_POSIX_THREAD_SAFE_FUNCTIONS -fno-strict-aliasing -fno-common -Werror=return-type -fsanitize=address -fno-omit-frame-pointer -g -O1 -D_GNU_SOURCE -fPIC
#7 26.01 checking for linker for loadable drivers... gcc
#7 26.01 checking for linker flags for loadable drivers... -shared -Wl,-Bsymbolic
#7 26.01 checking for 'runtime library path' linker flag... -Wl,-R
#7 26.01 checking for perl... perl
#7 26.01 configure: creating ./config.status
#7 26.01 config.status: creating examples/meas/Makefile
#7 26.01 configure: creating ./config.status
#7 26.01 config.status: creating examples/meas/Makefile
#7 26.01 config.status: creating src/flex/x86_64-pc-linux-gnu/Makefile
#7 26.01 
#7 26.01 === Running configure in /build/otp_src_26.2.5.12/lib/snmp ===
#7 26.01 ./configure '--prefix=/usr/local' '--enable-jit' '--without-javac' '--without-odbc' CFLAGS='-fsanitize=address -fno-omit-frame-pointer -g -O1' LDFLAGS='-fsanitize=address' --disable-option-checking --cache-file=/dev/null --srcdir="/build/otp_src_26.2.5.12/lib/snmp"
#7 26.01 checking build system type... x86_64-pc-linux-gnu
#7 26.01 checking host system type... x86_64-pc-linux-gnu
#7 26.01 checking target system type... x86_64-pc-linux-gnu
#7 26.01 checking for perl... perl
#7 26.01 configure: Default (snmp) empty pdu size set to 21
#7 26.01 configure: creating ./config.status
#7 26.01 config.status: creating mibs/Makefile
#7 26.01 config.status: creating src/agent/Makefile
#7 26.01 
#7 26.01 === Running configure in /build/otp_src_26.2.5.12/lib/wx ===
#7 26.01 ./configure '--prefix=/usr/local' '--enable-jit' '--without-javac' '--without-odbc' CFLAGS='-fsanitize=address -fno-omit-frame-pointer -g -O1' LDFLAGS='-fsanitize=address' --disable-option-checking --cache-file=/dev/null --srcdir="/build/otp_src_26.2.5.12/lib/wx"
#7 26.01 checking build system type... x86_64-pc-linux-gnu
#7 26.01 checking host system type... x86_64-pc-linux-gnu
#7 26.01 checking target system type... x86_64-pc-linux-gnu
#7 26.01 checking for gcc... gcc
#7 26.01 checking whether the C compiler works... yes
#7 26.01 checking for C compiler default output file name... a.out
#7 26.01 checking for suffix of executables... 
#7 26.01 checking whether we are cross compiling... no
#7 26.01 checking for suffix of object files... o
#7 26.01 checking whether the compiler supports GNU C... yes
#7 26.01 checking whether gcc accepts -g... yes
#7 26.01 checking for gcc option to enable C11 features... none needed
#7 26.01 checking for g++... g++
#7 26.01 checking whether the compiler supports GNU C++... yes
#7 26.01 checking whether g++ accepts -g... yes
#7 26.01 checking for g++ option to enable C++11 features... none needed
#7 26.01 checking for ranlib... ranlib
#7 26.01 checking how to run the C preprocessor... gcc -E
#7 26.01 configure: Building for linux-gnu
#7 26.01 checking for mixed mingw-gcc and native VC++ environment... no
#7 26.01 checking for mixed cygwin and native MinGW environment... no
#7 26.01 checking if we mix cygwin with any native compiler... no
#7 26.01 checking if we mix msys with another native compiler... no
#7 26.01 checking if we mix WSL with another native compiler... no
#7 26.01 checking for stdio.h... yes
#7 26.01 checking for stdlib.h... yes
#7 26.01 checking for string.h... yes
#7 26.01 checking for inttypes.h... yes
#7 26.01 checking for stdint.h... yes
#7 26.01 checking for strings.h... yes
#7 26.01 checking for sys/stat.h... yes
#7 26.01 checking for sys/types.h... yes
#7 26.01 checking for unistd.h... yes
#7 26.01 checking size of void *... 8
#7 26.01 checking if we can add -fno-move-loop-invariants to CXXNOOPT (via CFLAGS)... yes
#7 26.01 checking if we can add -fno-var-tracking-assignments to CXXNOOPT (via CFLAGS)... yes
#7 26.01 checking for GL/gl.h... yes
#7 26.01 checking for GL/glu.h... yes
#7 26.01 checking for wx-config... /usr/bin/wx-config
#7 26.01 checking for wxWidgets version >= 3.0.2 (--unicode)... yes (version 3.2.2)
#7 26.01 checking for wxWidgets static library... no
#7 26.01 checking for wxwidgets webview... yes
#7 26.01 checking for wx-config... (cached) /usr/bin/wx-config
#7 26.01 checking for wxWidgets version >= 3.0.2 (--unicode --debug=yes)... yes (version 3.2.2)
#7 26.01 checking for wxWidgets static library... no
#7 26.01 checking for debug build of wxWidgets... yes
#7 26.01 checking for wx-config... (cached) /usr/bin/wx-config
#7 26.01 checking for wxWidgets version >= 3.0.2 (--unicode --debug=no)... yes (version 3.2.2)
#7 26.01 checking for wxWidgets static library... no
#7 26.01 checking for standard build of wxWidgets... yes
#7 26.01 checking for wxwidgets 3.0 compatibility ... yes
#7 26.01 checking for wxwidgets opengl support... yes
#7 26.01 checking for GLintptr... yes
#7 26.01 checking for GLintptrARB... yes
#7 26.01 checking for GLchar... yes
#7 26.01 checking for GLcharARB... yes
#7 26.01 checking for GLhalfARB... yes
#7 26.01 checking for GLint64EXT... yes
#7 26.01 checking GLU Callbacks uses Tiger Style... no
#7 26.01 checking if we can link wxwidgets programs... yes
#7 26.01 checking if we can add -Werror=return-type to CFLAGS (via CFLAGS)... yes
#7 26.01 checking if we can add -Werror=return-type to CXXFLAGS (via CFLAGS)... yes
#7 26.01 configure: creating x86_64-pc-linux-gnu/config.status
#7 26.01 config.status: creating config.mk
#7 26.01 config.status: creating c_src/Makefile
#7 26.01 ./configure: line 5240: pkg-config: command not found
#7 26.01 ./configure: line 5241: pkg-config: command not found
#7 26.01 
#7 26.01 *********************************************************************
#7 26.01 **********************  APPLICATIONS DISABLED  **********************
#7 26.01 *********************************************************************
#7 26.01 
#7 26.02 jinterface     : Java compiler disabled by user
#7 26.02 odbc           : User gave --without-odbc option
#7 26.02 
#7 26.02 *********************************************************************
#7 26.02 *********************************************************************
#7 26.02 **********************  DOCUMENTATION INFORMATION  ******************
#7 26.02 *********************************************************************
#7 26.02 
#7 26.02 documentation  : 
#7 26.02                  xsltproc is missing.
#7 26.02                  fop is missing.
#7 26.02                  xmllint is missing.
#7 26.02                  The documentation cannot be built.
#7 26.02 
#7 26.02 *********************************************************************
#7 26.03  MAKE	depend
#7 26.03 make[1]: Entering directory '/build/otp_src_26.2.5.12/erts/emulator'
#7 26.03  MAKE	generate
#7 26.03 make[2]: Entering directory '/build/otp_src_26.2.5.12/erts/emulator'
#7 26.06  GEN	x86_64-pc-linux-gnu/opt/jit/OPCODES-GENERATED
#7 26.06  GEN	x86_64-pc-linux-gnu/opt/jit/beam_asm_global.hpp
#7 26.06  GEN	x86_64-pc-linux-gnu/opt/jit/TABLES-GENERATED
#7 26.06  GEN	x86_64-pc-linux-gnu/opt/jit/erl_alloc_types.h
#7 26.06  GEN	x86_64-pc-linux-gnu/erl_version.h
#7 26.06  GEN	x86_64-pc-linux-gnu/opt/jit/driver_tab.c
#7 26.06 make[3]: Entering directory '/build/otp_src_26.2.5.12/erts/lib_src'
#7 26.07  MAKE	opt
#7 26.07 make[4]: Entering directory '/build/otp_src_26.2.5.12/erts/lib_src'
#7 26.08  GEN	obj/x86_64-pc-linux-gnu/opt/depend.mk
#7 26.08  GEN	x86_64-pc-linux-gnu/preload.c
#7 26.29  CC	/build/otp_src_26.2.5.12/erts/lib_src/yielding_c_fun/x86_64-pc-linux-gnu/simple_c_gc.o
#7 26.29  CC	/build/otp_src_26.2.5.12/erts/lib_src/yielding_c_fun/x86_64-pc-linux-gnu/ycf_lexer.o
#7 26.29  CC	/build/otp_src_26.2.5.12/erts/lib_src/yielding_c_fun/x86_64-pc-linux-gnu/ycf_main.o
#7 26.29  CC	/build/otp_src_26.2.5.12/erts/lib_src/yielding_c_fun/x86_64-pc-linux-gnu/ycf_node.o
#7 26.29  CC	/build/otp_src_26.2.5.12/erts/lib_src/yielding_c_fun/x86_64-pc-linux-gnu/ycf_parser.o
#7 26.29  CC	/build/otp_src_26.2.5.12/erts/lib_src/yielding_c_fun/x86_64-pc-linux-gnu/ycf_printers.o
#7 26.29  CC	/build/otp_src_26.2.5.12/erts/lib_src/yielding_c_fun/x86_64-pc-linux-gnu/ycf_string.o
#7 26.29  CC	/build/otp_src_26.2.5.12/erts/lib_src/yielding_c_fun/x86_64-pc-linux-gnu/ycf_symbol.o
#7 26.29  CC	/build/otp_src_26.2.5.12/erts/lib_src/yielding_c_fun/x86_64-pc-linux-gnu/ycf_utils.o
#7 26.29  CC	/build/otp_src_26.2.5.12/erts/lib_src/yielding_c_fun/x86_64-pc-linux-gnu/ycf_yield_fun.o
#7 26.29  CC	obj/x86_64-pc-linux-gnu/opt/r/ethr_aux.o
#7 26.30  CC	obj/x86_64-pc-linux-gnu/opt/r/ethr_atomics.o
#7 26.34  CC	obj/x86_64-pc-linux-gnu/opt/r/ethr_mutex.o
#7 26.40  CC	obj/x86_64-pc-linux-gnu/opt/r/ethr_cbf.o
#7 26.41  CC	obj/x86_64-pc-linux-gnu/opt/r/ethread.o
#7 26.41  CC	obj/x86_64-pc-linux-gnu/opt/r/ethr_event.o
#7 26.41  CC	obj/x86_64-pc-linux-gnu/opt/erl_printf_format.o
#7 26.43  CC	obj/x86_64-pc-linux-gnu/opt/erl_printf.o
#7 26.45  CC	obj/x86_64-pc-linux-gnu/opt/erl_misc_utils.o
#7 26.45  CC	obj/x86_64-pc-linux-gnu/opt/r/erl_printf_format.o
#7 26.50  CC	obj/x86_64-pc-linux-gnu/opt/r/erl_printf.o
#7 26.55  CC	obj/x86_64-pc-linux-gnu/opt/r/erl_misc_utils.o
#7 26.58 common/erl_misc_utils.c: In function 'get_cgroup_path':
#7 26.58 common/erl_misc_utils.c:1169:13: warning: 'mount_format' may be used uninitialized [-Wmaybe-uninitialized]
#7 26.58  1169 |         if (sscanf(mount_line,
#7 26.58       |             ^~~~~~~~~~~~~~~~~~
#7 26.58  1170 |                    mount_format,
#7 26.58       |                    ~~~~~~~~~~~~~
#7 26.58  1171 |                    root_path,
#7 26.58       |                    ~~~~~~~~~~
#7 26.58  1172 |                    mount_path,
#7 26.58       |                    ~~~~~~~~~~~
#7 26.58  1173 |                    fs_flags) != 3) {
#7 26.58       |                    ~~~~~~~~~
#7 26.58 common/erl_misc_utils.c:1127:17: note: 'mount_format' was declared here
#7 26.58  1127 |     const char *mount_format;
#7 26.58       |                 ^~~~~~~~~~~~
#7 26.58 common/erl_misc_utils.c:1208:5: warning: 'child_path' may be used uninitialized [-Wmaybe-uninitialized]
#7 26.58  1208 |     free((void*)child_path);
#7 26.58       |     ^~~~~~~~~~~~~~~~~~~~~~~
#7 26.58 common/erl_misc_utils.c:1128:17: note: 'child_path' was declared here
#7 26.58  1128 |     const char *child_path;
#7 26.58       |                 ^~~~~~~~~~
#7 26.58  LD	/build/otp_src_26.2.5.12/erts/lib_src/yielding_c_fun/bin/x86_64-pc-linux-gnu/yielding_c_fun
#7 26.66 common/erl_misc_utils.c: In function 'get_cgroup_path':
#7 26.66 common/erl_misc_utils.c:1169:13: warning: 'mount_format' may be used uninitialized [-Wmaybe-uninitialized]
#7 26.66  1169 |         if (sscanf(mount_line,
#7 26.66       |             ^~~~~~~~~~~~~~~~~~
#7 26.66  1170 |                    mount_format,
#7 26.66       |                    ~~~~~~~~~~~~~
#7 26.66  1171 |                    root_path,
#7 26.66       |                    ~~~~~~~~~~
#7 26.66  1172 |                    mount_path,
#7 26.66       |                    ~~~~~~~~~~~
#7 26.66  1173 |                    fs_flags) != 3) {
#7 26.66       |                    ~~~~~~~~~
#7 26.66 common/erl_misc_utils.c:1127:17: note: 'mount_format' was declared here
#7 26.66  1127 |     const char *mount_format;
#7 26.66       |                 ^~~~~~~~~~~~
#7 26.66 common/erl_misc_utils.c:1208:5: warning: 'child_path' may be used uninitialized [-Wmaybe-uninitialized]
#7 26.66  1208 |     free((void*)child_path);
#7 26.66       |     ^~~~~~~~~~~~~~~~~~~~~~~
#7 26.66 common/erl_misc_utils.c:1128:17: note: 'child_path' was declared here
#7 26.66  1128 |     const char *child_path;
#7 26.66       |                 ^~~~~~~~~~
#7 26.78  AR	../lib/internal/x86_64-pc-linux-gnu/liberts_internal.a
#7 26.79  RANLIB	../lib/internal/x86_64-pc-linux-gnu/liberts_internal.a
#7 26.81  AR	../lib/internal/x86_64-pc-linux-gnu/liberts_internal_r.a
#7 26.81  RANLIB	../lib/internal/x86_64-pc-linux-gnu/liberts_internal_r.a
#7 26.98  AR	../lib/internal/x86_64-pc-linux-gnu/libethread.a
#7 26.99  RANLIB	../lib/internal/x86_64-pc-linux-gnu/libethread.a
#7 27.00  GEN	obj/x86_64-pc-linux-gnu/opt/MADE
#7 27.00 make[4]: Leaving directory '/build/otp_src_26.2.5.12/erts/lib_src'
#7 27.00 make[3]: Leaving directory '/build/otp_src_26.2.5.12/erts/lib_src'
#7 27.00  GEN	x86_64-pc-linux-gnu/erl_db_insert_list.ycf.h
#7 27.00  GEN	x86_64-pc-linux-gnu/erl_map.ycf.h
#7 27.00  GEN	x86_64-pc-linux-gnu/utils.ycf.h
#7 27.45  GEN	x86_64-pc-linux-gnu/opt/jit/GENERATED
#7 27.45 make[2]: Leaving directory '/build/otp_src_26.2.5.12/erts/emulator'
#7 27.45 make[1]: Leaving directory '/build/otp_src_26.2.5.12/erts/emulator'
#7 27.45 make[1]: Entering directory '/build/otp_src_26.2.5.12/erts/emulator'
#7 27.46  MAKE	depend
#7 27.46 make[2]: Entering directory '/build/otp_src_26.2.5.12/erts/emulator'
#7 27.48  GEN	x86_64-pc-linux-gnu/opt/jit/jit.depend.mk
#7 27.48  GEN	x86_64-pc-linux-gnu/opt/jit/src.depend.mk
#7 27.48  GEN	x86_64-pc-linux-gnu/opt/jit/drv.depend.mk
#7 27.48  GEN	x86_64-pc-linux-gnu/opt/jit/nif.depend.mk
#7 27.48  GEN	x86_64-pc-linux-gnu/opt/jit/sys.depend.mk
#7 27.48  GEN	x86_64-pc-linux-gnu/opt/jit/target.depend.mk
#7 27.49  GEN	x86_64-pc-linux-gnu/opt/jit/zlib.depend.mk
#7 27.49  GEN	x86_64-pc-linux-gnu/opt/jit/ryu.depend.mk
#7 32.32  GEN	x86_64-pc-linux-gnu/opt/jit/depend.mk
#7 32.32 make[3]: Entering directory '/build/otp_src_26.2.5.12/erts/lib_src'
#7 32.33  MAKE	depend
#7 32.33 make[4]: Entering directory '/build/otp_src_26.2.5.12/erts/lib_src'
#7 32.33 make[4]: Nothing to be done for 'depend'.
#7 32.33 make[4]: Leaving directory '/build/otp_src_26.2.5.12/erts/lib_src'
#7 32.33 make[3]: Leaving directory '/build/otp_src_26.2.5.12/erts/lib_src'
#7 32.37 make[2]: Nothing to be done for 'depend'.
#7 32.37 make[2]: Leaving directory '/build/otp_src_26.2.5.12/erts/emulator'
#7 32.37 make[1]: Leaving directory '/build/otp_src_26.2.5.12/erts/emulator'
#7 32.37 make[1]: Entering directory '/build/otp_src_26.2.5.12/erts/lib_src'
#7 32.37  MAKE	depend
#7 32.37 make[2]: Entering directory '/build/otp_src_26.2.5.12/erts/lib_src'
#7 32.38 make[2]: Nothing to be done for 'depend'.
#7 32.38 make[2]: Leaving directory '/build/otp_src_26.2.5.12/erts/lib_src'
#7 32.38 make[1]: Leaving directory '/build/otp_src_26.2.5.12/erts/lib_src'
#7 32.38  MAKE	erl_interface
#7 32.38 make[1]: Entering directory '/build/otp_src_26.2.5.12/lib/erl_interface'
#7 32.39 === Entering application erl_interface
#7 32.39 make[2]: Entering directory '/build/otp_src_26.2.5.12/lib/erl_interface/src'
#7 32.39  MAKE	opt
#7 32.39 make[3]: Entering directory '/build/otp_src_26.2.5.12/lib/erl_interface/src'
#7 32.40  GEN	x86_64-pc-linux-gnu/depend.mk
#7 32.40  CC	x86_64-pc-linux-gnu/depend.mk
#7 33.27  CC	/build/otp_src_26.2.5.12/lib/erl_interface/obj.st/x86_64-pc-linux-gnu/ei_connect.o
#7 33.27  CC	/build/otp_src_26.2.5.12/lib/erl_interface/obj.st/x86_64-pc-linux-gnu/ei_resolve.o
#7 33.27  CC	/build/otp_src_26.2.5.12/lib/erl_interface/obj.st/x86_64-pc-linux-gnu/eirecv.o
#7 33.27  CC	/build/otp_src_26.2.5.12/lib/erl_interface/obj.st/x86_64-pc-linux-gnu/send.o
#7 33.27  CC	/build/otp_src_26.2.5.12/lib/erl_interface/obj.st/x86_64-pc-linux-gnu/send_exit.o
#7 33.27  CC	/build/otp_src_26.2.5.12/lib/erl_interface/obj.st/x86_64-pc-linux-gnu/send_reg.o
#7 33.27  CC	/build/otp_src_26.2.5.12/lib/erl_interface/obj.st/x86_64-pc-linux-gnu/decode_atom.o
#7 33.27  CC	/build/otp_src_26.2.5.12/lib/erl_interface/obj.st/x86_64-pc-linux-gnu/decode_big.o
#7 33.27  CC	/build/otp_src_26.2.5.12/lib/erl_interface/obj.st/x86_64-pc-linux-gnu/decode_bignum.o
#7 33.27  CC	/build/otp_src_26.2.5.12/lib/erl_interface/obj.st/x86_64-pc-linux-gnu/decode_binary.o
#7 33.27  CC	/build/otp_src_26.2.5.12/lib/erl_interface/obj.st/x86_64-pc-linux-gnu/decode_boolean.o
#7 33.27  CC	/build/otp_src_26.2.5.12/lib/erl_interface/obj.st/x86_64-pc-linux-gnu/decode_char.o
#7 33.31  CC	/build/otp_src_26.2.5.12/lib/erl_interface/obj.st/x86_64-pc-linux-gnu/decode_double.o
#7 33.31  CC	/build/otp_src_26.2.5.12/lib/erl_interface/obj.st/x86_64-pc-linux-gnu/decode_fun.o
#7 33.33  CC	/build/otp_src_26.2.5.12/lib/erl_interface/obj.st/x86_64-pc-linux-gnu/decode_intlist.o
#7 33.33  CC	/build/otp_src_26.2.5.12/lib/erl_interface/obj.st/x86_64-pc-linux-gnu/decode_iodata.o
#7 33.33  CC	/build/otp_src_26.2.5.12/lib/erl_interface/obj.st/x86_64-pc-linux-gnu/decode_list_header.o
#7 33.36  CC	/build/otp_src_26.2.5.12/lib/erl_interface/obj.st/x86_64-pc-linux-gnu/decode_long.o
#7 33.36  CC	/build/otp_src_26.2.5.12/lib/erl_interface/obj.st/x86_64-pc-linux-gnu/decode_pid.o
#7 33.37  CC	/build/otp_src_26.2.5.12/lib/erl_interface/obj.st/x86_64-pc-linux-gnu/decode_port.o
#7 33.37  CC	/build/otp_src_26.2.5.12/lib/erl_interface/obj.st/x86_64-pc-linux-gnu/decode_ref.o
#7 33.37  CC	/build/otp_src_26.2.5.12/lib/erl_interface/obj.st/x86_64-pc-linux-gnu/decode_skip.o
#7 33.39  CC	/build/otp_src_26.2.5.12/lib/erl_interface/obj.st/x86_64-pc-linux-gnu/decode_string.o
#7 33.39  CC	/build/otp_src_26.2.5.12/lib/erl_interface/obj.st/x86_64-pc-linux-gnu/decode_trace.o
#7 33.39  CC	/build/otp_src_26.2.5.12/lib/erl_interface/obj.st/x86_64-pc-linux-gnu/decode_tuple_header.o
#7 33.40  CC	/build/otp_src_26.2.5.12/lib/erl_interface/obj.st/x86_64-pc-linux-gnu/decode_ulong.o
#7 33.41  CC	/build/otp_src_26.2.5.12/lib/erl_interface/obj.st/x86_64-pc-linux-gnu/decode_version.o
#7 33.42  CC	/build/otp_src_26.2.5.12/lib/erl_interface/obj.st/x86_64-pc-linux-gnu/decode_longlong.o
#7 33.43  CC	/build/otp_src_26.2.5.12/lib/erl_interface/obj.st/x86_64-pc-linux-gnu/decode_ulonglong.o
#7 33.43  CC	/build/otp_src_26.2.5.12/lib/erl_interface/obj.st/x86_64-pc-linux-gnu/encode_atom.o
#7 33.44  CC	/build/otp_src_26.2.5.12/lib/erl_interface/obj.st/x86_64-pc-linux-gnu/encode_big.o
#7 33.44  CC	/build/otp_src_26.2.5.12/lib/erl_interface/obj.st/x86_64-pc-linux-gnu/encode_bignum.o
#7 33.44  CC	/build/otp_src_26.2.5.12/lib/erl_interface/obj.st/x86_64-pc-linux-gnu/encode_binary.o
#7 33.45  CC	/build/otp_src_26.2.5.12/lib/erl_interface/obj.st/x86_64-pc-linux-gnu/encode_boolean.o
#7 33.45  CC	/build/otp_src_26.2.5.12/lib/erl_interface/obj.st/x86_64-pc-linux-gnu/encode_char.o
#7 33.45  CC	/build/otp_src_26.2.5.12/lib/erl_interface/obj.st/x86_64-pc-linux-gnu/encode_double.o
#7 33.46  CC	/build/otp_src_26.2.5.12/lib/erl_interface/obj.st/x86_64-pc-linux-gnu/encode_fun.o
#7 33.47  CC	/build/otp_src_26.2.5.12/lib/erl_interface/obj.st/x86_64-pc-linux-gnu/encode_list_header.o
#7 33.48  CC	/build/otp_src_26.2.5.12/lib/erl_interface/obj.st/x86_64-pc-linux-gnu/encode_long.o
#7 33.48  CC	/build/otp_src_26.2.5.12/lib/erl_interface/obj.st/x86_64-pc-linux-gnu/encode_pid.o
#7 33.49  CC	/build/otp_src_26.2.5.12/lib/erl_interface/obj.st/x86_64-pc-linux-gnu/encode_port.o
#7 33.49  CC	/build/otp_src_26.2.5.12/lib/erl_interface/obj.st/x86_64-pc-linux-gnu/encode_ref.o
#7 33.49  CC	/build/otp_src_26.2.5.12/lib/erl_interface/obj.st/x86_64-pc-linux-gnu/encode_string.o
#7 33.50  CC	/build/otp_src_26.2.5.12/lib/erl_interface/obj.st/x86_64-pc-linux-gnu/encode_trace.o
#7 33.51  CC	/build/otp_src_26.2.5.12/lib/erl_interface/obj.st/x86_64-pc-linux-gnu/encode_tuple_header.o
#7 33.52  CC	/build/otp_src_26.2.5.12/lib/erl_interface/obj.st/x86_64-pc-linux-gnu/encode_ulong.o
#7 33.52  CC	/build/otp_src_26.2.5.12/lib/erl_interface/obj.st/x86_64-pc-linux-gnu/encode_version.o
#7 33.52  CC	/build/otp_src_26.2.5.12/lib/erl_interface/obj.st/x86_64-pc-linux-gnu/encode_longlong.o
#7 33.53  CC	/build/otp_src_26.2.5.12/lib/erl_interface/obj.st/x86_64-pc-linux-gnu/encode_ulonglong.o
#7 33.54  CC	/build/otp_src_26.2.5.12/lib/erl_interface/obj.st/x86_64-pc-linux-gnu/epmd_port.o
#7 33.54  CC	/build/otp_src_26.2.5.12/lib/erl_interface/obj.st/x86_64-pc-linux-gnu/epmd_publish.o
#7 33.55  CC	/build/otp_src_26.2.5.12/lib/erl_interface/obj.st/x86_64-pc-linux-gnu/epmd_unpublish.o
#7 33.55  CC	/build/otp_src_26.2.5.12/lib/erl_interface/obj.st/x86_64-pc-linux-gnu/ei_decode_term.o
#7 33.55  CC	/build/otp_src_26.2.5.12/lib/erl_interface/obj.st/x86_64-pc-linux-gnu/ei_format.o
#7 33.55  CC	/build/otp_src_26.2.5.12/lib/erl_interface/obj.st/x86_64-pc-linux-gnu/ei_locking.o
#7 33.56  CC	/build/otp_src_26.2.5.12/lib/erl_interface/obj.st/x86_64-pc-linux-gnu/ei_malloc.o
#7 33.56  CC	/build/otp_src_26.2.5.12/lib/erl_interface/obj.st/x86_64-pc-linux-gnu/ei_portio.o
#7 33.57  CC	/build/otp_src_26.2.5.12/lib/erl_interface/obj.st/x86_64-pc-linux-gnu/ei_printterm.o
#7 33.59  CC	/build/otp_src_26.2.5.12/lib/erl_interface/obj.st/x86_64-pc-linux-gnu/ei_pthreads.o
#7 33.60  CC	/build/otp_src_26.2.5.12/lib/erl_interface/obj.st/x86_64-pc-linux-gnu/ei_trace.o
#7 33.61  CC	/build/otp_src_26.2.5.12/lib/erl_interface/obj.st/x86_64-pc-linux-gnu/ei_x_encode.o
#7 33.61  CC	/build/otp_src_26.2.5.12/lib/erl_interface/obj.st/x86_64-pc-linux-gnu/get_type.o
#7 33.63  CC	/build/otp_src_26.2.5.12/lib/erl_interface/obj.st/x86_64-pc-linux-gnu/show_msg.o
#7 33.63  CC	/build/otp_src_26.2.5.12/lib/erl_interface/obj.st/x86_64-pc-linux-gnu/ei_compat.o
#7 33.64  CC	/build/otp_src_26.2.5.12/lib/erl_interface/obj.st/x86_64-pc-linux-gnu/ei_init.o
#7 33.65  CC	/build/otp_src_26.2.5.12/lib/erl_interface/obj.st/x86_64-pc-linux-gnu/ei_cmp_nc.o
#7 33.65  CC	/build/otp_src_26.2.5.12/lib/erl_interface/obj.st/x86_64-pc-linux-gnu/global_names.o
#7 33.66  CC	/build/otp_src_26.2.5.12/lib/erl_interface/obj.st/x86_64-pc-linux-gnu/global_register.o
#7 33.67  CC	/build/otp_src_26.2.5.12/lib/erl_interface/obj.st/x86_64-pc-linux-gnu/global_unregister.o
#7 33.68  CC	/build/otp_src_26.2.5.12/lib/erl_interface/obj.st/x86_64-pc-linux-gnu/global_whereis.o
#7 33.68  CC	/build/otp_src_26.2.5.12/lib/erl_interface/obj.st/x86_64-pc-linux-gnu/md5_dgst.o
#7 33.72  CC	/build/otp_src_26.2.5.12/lib/erl_interface/obj.mt/x86_64-pc-linux-gnu/ei_connect.o
#7 33.73  CC	/build/otp_src_26.2.5.12/lib/erl_interface/obj.mt/x86_64-pc-linux-gnu/ei_resolve.o
#7 33.74  CC	/build/otp_src_26.2.5.12/lib/erl_interface/obj.mt/x86_64-pc-linux-gnu/eirecv.o
#7 33.74  CC	/build/otp_src_26.2.5.12/lib/erl_interface/obj.mt/x86_64-pc-linux-gnu/send.o
#7 33.76  CC	/build/otp_src_26.2.5.12/lib/erl_interface/obj.mt/x86_64-pc-linux-gnu/send_exit.o
#7 33.76  CC	/build/otp_src_26.2.5.12/lib/erl_interface/obj.mt/x86_64-pc-linux-gnu/send_reg.o
#7 33.77  CC	/build/otp_src_26.2.5.12/lib/erl_interface/obj.mt/x86_64-pc-linux-gnu/decode_atom.o
#7 33.78  CC	/build/otp_src_26.2.5.12/lib/erl_interface/obj.mt/x86_64-pc-linux-gnu/decode_big.o
#7 33.80  CC	/build/otp_src_26.2.5.12/lib/erl_interface/obj.mt/x86_64-pc-linux-gnu/decode_bignum.o
#7 33.83  CC	/build/otp_src_26.2.5.12/lib/erl_interface/obj.mt/x86_64-pc-linux-gnu/decode_binary.o
#7 33.84  CC	/build/otp_src_26.2.5.12/lib/erl_interface/obj.mt/x86_64-pc-linux-gnu/decode_boolean.o
#7 33.84  CC	/build/otp_src_26.2.5.12/lib/erl_interface/obj.mt/x86_64-pc-linux-gnu/decode_char.o
#7 33.84  CC	/build/otp_src_26.2.5.12/lib/erl_interface/obj.mt/x86_64-pc-linux-gnu/decode_double.o
#7 33.85  CC	/build/otp_src_26.2.5.12/lib/erl_interface/obj.mt/x86_64-pc-linux-gnu/decode_fun.o
#7 33.87  CC	/build/otp_src_26.2.5.12/lib/erl_interface/obj.mt/x86_64-pc-linux-gnu/decode_intlist.o
#7 33.88  CC	/build/otp_src_26.2.5.12/lib/erl_interface/obj.mt/x86_64-pc-linux-gnu/decode_iodata.o
#7 33.89  CC	/build/otp_src_26.2.5.12/lib/erl_interface/obj.mt/x86_64-pc-linux-gnu/decode_list_header.o
#7 33.89  CC	/build/otp_src_26.2.5.12/lib/erl_interface/obj.mt/x86_64-pc-linux-gnu/decode_long.o
#7 33.90  CC	/build/otp_src_26.2.5.12/lib/erl_interface/obj.mt/x86_64-pc-linux-gnu/decode_pid.o
#7 33.90  CC	/build/otp_src_26.2.5.12/lib/erl_interface/obj.mt/x86_64-pc-linux-gnu/decode_port.o
#7 33.91  CC	/build/otp_src_26.2.5.12/lib/erl_interface/obj.mt/x86_64-pc-linux-gnu/decode_ref.o
#7 33.93  CC	/build/otp_src_26.2.5.12/lib/erl_interface/obj.mt/x86_64-pc-linux-gnu/decode_skip.o
#7 33.93  CC	/build/otp_src_26.2.5.12/lib/erl_interface/obj.mt/x86_64-pc-linux-gnu/decode_string.o
#7 33.93  CC	/build/otp_src_26.2.5.12/lib/erl_interface/obj.mt/x86_64-pc-linux-gnu/decode_trace.o
#7 33.94  CC	/build/otp_src_26.2.5.12/lib/erl_interface/obj.mt/x86_64-pc-linux-gnu/decode_tuple_header.o
#7 33.94  CC	/build/otp_src_26.2.5.12/lib/erl_interface/obj.mt/x86_64-pc-linux-gnu/decode_ulong.o
#7 33.96  CC	/build/otp_src_26.2.5.12/lib/erl_interface/obj.mt/x86_64-pc-linux-gnu/decode_version.o
#7 33.96  CC	/build/otp_src_26.2.5.12/lib/erl_interface/obj.mt/x86_64-pc-linux-gnu/decode_longlong.o
#7 33.96  CC	/build/otp_src_26.2.5.12/lib/erl_interface/obj.mt/x86_64-pc-linux-gnu/decode_ulonglong.o
#7 33.98  CC	/build/otp_src_26.2.5.12/lib/erl_interface/obj.mt/x86_64-pc-linux-gnu/encode_atom.o
#7 33.98  CC	/build/otp_src_26.2.5.12/lib/erl_interface/obj.mt/x86_64-pc-linux-gnu/encode_big.o
#7 33.98  CC	/build/otp_src_26.2.5.12/lib/erl_interface/obj.mt/x86_64-pc-linux-gnu/encode_bignum.o
#7 33.98  CC	/build/otp_src_26.2.5.12/lib/erl_interface/obj.mt/x86_64-pc-linux-gnu/encode_binary.o
#7 33.99  CC	/build/otp_src_26.2.5.12/lib/erl_interface/obj.mt/x86_64-pc-linux-gnu/encode_boolean.o
#7 34.00  CC	/build/otp_src_26.2.5.12/lib/erl_interface/obj.mt/x86_64-pc-linux-gnu/encode_char.o
#7 34.00  CC	/build/otp_src_26.2.5.12/lib/erl_interface/obj.mt/x86_64-pc-linux-gnu/encode_double.o
#7 34.00  CC	/build/otp_src_26.2.5.12/lib/erl_interface/obj.mt/x86_64-pc-linux-gnu/encode_fun.o
#7 34.02  CC	/build/otp_src_26.2.5.12/lib/erl_interface/obj.mt/x86_64-pc-linux-gnu/encode_list_header.o
#7 34.02  CC	/build/otp_src_26.2.5.12/lib/erl_interface/obj.mt/x86_64-pc-linux-gnu/encode_long.o
#7 34.02  CC	/build/otp_src_26.2.5.12/lib/erl_interface/obj.mt/x86_64-pc-linux-gnu/encode_pid.o
#7 34.04  CC	/build/otp_src_26.2.5.12/lib/erl_interface/obj.mt/x86_64-pc-linux-gnu/encode_port.o
#7 34.04  CC	/build/otp_src_26.2.5.12/lib/erl_interface/obj.mt/x86_64-pc-linux-gnu/encode_ref.o
#7 34.06  CC	/build/otp_src_26.2.5.12/lib/erl_interface/obj.mt/x86_64-pc-linux-gnu/encode_string.o
#7 34.06  CC	/build/otp_src_26.2.5.12/lib/erl_interface/obj.mt/x86_64-pc-linux-gnu/encode_trace.o
#7 34.06  CC	/build/otp_src_26.2.5.12/lib/erl_interface/obj.mt/x86_64-pc-linux-gnu/encode_tuple_header.o
#7 34.06  CC	/build/otp_src_26.2.5.12/lib/erl_interface/obj.mt/x86_64-pc-linux-gnu/encode_ulong.o
#7 34.07  CC	/build/otp_src_26.2.5.12/lib/erl_interface/obj.mt/x86_64-pc-linux-gnu/encode_version.o
#7 34.08  CC	/build/otp_src_26.2.5.12/lib/erl_interface/obj.mt/x86_64-pc-linux-gnu/encode_longlong.o
#7 34.09  CC	/build/otp_src_26.2.5.12/lib/erl_interface/obj.mt/x86_64-pc-linux-gnu/encode_ulonglong.o
#7 34.10  CC	/build/otp_src_26.2.5.12/lib/erl_interface/obj.mt/x86_64-pc-linux-gnu/epmd_port.o
#7 34.10  CC	/build/otp_src_26.2.5.12/lib/erl_interface/obj.mt/x86_64-pc-linux-gnu/epmd_publish.o
#7 34.11  CC	/build/otp_src_26.2.5.12/lib/erl_interface/obj.mt/x86_64-pc-linux-gnu/epmd_unpublish.o
#7 34.11  CC	/build/otp_src_26.2.5.12/lib/erl_interface/obj.mt/x86_64-pc-linux-gnu/ei_decode_term.o
#7 34.12  CC	/build/otp_src_26.2.5.12/lib/erl_interface/obj.mt/x86_64-pc-linux-gnu/ei_format.o
#7 34.12  CC	/build/otp_src_26.2.5.12/lib/erl_interface/obj.mt/x86_64-pc-linux-gnu/ei_locking.o
#7 34.12  CC	/build/otp_src_26.2.5.12/lib/erl_interface/obj.mt/x86_64-pc-linux-gnu/ei_malloc.o
#7 34.13  CC	/build/otp_src_26.2.5.12/lib/erl_interface/obj.mt/x86_64-pc-linux-gnu/ei_portio.o
#7 34.15  CC	/build/otp_src_26.2.5.12/lib/erl_interface/obj.mt/x86_64-pc-linux-gnu/ei_printterm.o
#7 34.16  CC	/build/otp_src_26.2.5.12/lib/erl_interface/obj.mt/x86_64-pc-linux-gnu/ei_pthreads.o
#7 34.16  CC	/build/otp_src_26.2.5.12/lib/erl_interface/obj.mt/x86_64-pc-linux-gnu/ei_trace.o
#7 34.18  CC	/build/otp_src_26.2.5.12/lib/erl_interface/obj.mt/x86_64-pc-linux-gnu/ei_x_encode.o
#7 34.19  CC	/build/otp_src_26.2.5.12/lib/erl_interface/obj.mt/x86_64-pc-linux-gnu/get_type.o
#7 34.20  CC	/build/otp_src_26.2.5.12/lib/erl_interface/obj.mt/x86_64-pc-linux-gnu/show_msg.o
#7 34.20  CC	/build/otp_src_26.2.5.12/lib/erl_interface/obj.mt/x86_64-pc-linux-gnu/ei_compat.o
#7 34.21  CC	/build/otp_src_26.2.5.12/lib/erl_interface/obj.mt/x86_64-pc-linux-gnu/ei_init.o
#7 34.21  CC	/build/otp_src_26.2.5.12/lib/erl_interface/obj.mt/x86_64-pc-linux-gnu/ei_cmp_nc.o
#7 34.22  CC	/build/otp_src_26.2.5.12/lib/erl_interface/obj.mt/x86_64-pc-linux-gnu/global_names.o
#7 34.23  CC	/build/otp_src_26.2.5.12/lib/erl_interface/obj.mt/x86_64-pc-linux-gnu/global_register.o
#7 34.24  CC	/build/otp_src_26.2.5.12/lib/erl_interface/obj.mt/x86_64-pc-linux-gnu/global_unregister.o
#7 34.25  CC	/build/otp_src_26.2.5.12/lib/erl_interface/obj.mt/x86_64-pc-linux-gnu/global_whereis.o
#7 34.26  CC	/build/otp_src_26.2.5.12/lib/erl_interface/obj.mt/x86_64-pc-linux-gnu/md5_dgst.o
#7 34.29  AR	/build/otp_src_26.2.5.12/lib/erl_interface/obj/x86_64-pc-linux-gnu/libei_st.a
#7 34.32  RANLIB	/build/otp_src_26.2.5.12/lib/erl_interface/obj/x86_64-pc-linux-gnu/libei_st.a
#7 34.50  AR	/build/otp_src_26.2.5.12/lib/erl_interface/obj/x86_64-pc-linux-gnu/libei.a
#7 34.51  RANLIB	/build/otp_src_26.2.5.12/lib/erl_interface/obj/x86_64-pc-linux-gnu/libei.a
#7 34.53  LD	/build/otp_src_26.2.5.12/lib/erl_interface/bin/x86_64-pc-linux-gnu/erl_call
#7 34.82 make[3]: Leaving directory '/build/otp_src_26.2.5.12/lib/erl_interface/src'
#7 34.82 make[2]: Leaving directory '/build/otp_src_26.2.5.12/lib/erl_interface/src'
#7 34.82 make[2]: Entering directory '/build/otp_src_26.2.5.12/lib/erl_interface/doc/src'
#7 34.83 make[2]: Nothing to be done for 'opt'.
#7 34.83 make[2]: Leaving directory '/build/otp_src_26.2.5.12/lib/erl_interface/doc/src'
#7 34.83 === Leaving application erl_interface
#7 34.83 make[1]: Leaving directory '/build/otp_src_26.2.5.12/lib/erl_interface'
#7 34.83  MAKE	emulator
#7 34.83 make[1]: Entering directory '/build/otp_src_26.2.5.12/erts'
#7 34.83 make[2]: Entering directory '/build/otp_src_26.2.5.12/erts'
#7 34.84 make[3]: Entering directory '/build/otp_src_26.2.5.12/erts/emulator'
#7 34.84  MAKE	opt
#7 34.84 make[4]: Entering directory '/build/otp_src_26.2.5.12/erts/emulator'
#7 34.89  CC	obj/x86_64-pc-linux-gnu/opt/jit/erl_main.o
#7 34.89  CC	obj/x86_64-pc-linux-gnu/opt/jit/preload.o
#7 34.89  CC	obj/x86_64-pc-linux-gnu/opt/jit/erl_process.o
#7 34.89  CC	obj/x86_64-pc-linux-gnu/opt/jit/asm_load.o
#7 34.89  CXX	x86_64-pc-linux-gnu/opt/jit/asmjit/asmjit.hpp.gch
#7 34.89  CC	obj/x86_64-pc-linux-gnu/opt/jit/beam_common.o
#7 34.89  CC	obj/x86_64-pc-linux-gnu/opt/jit/beam_bif_load.o
#7 34.89  CC	obj/x86_64-pc-linux-gnu/opt/jit/beam_bp.o
#7 34.89  CC	obj/x86_64-pc-linux-gnu/opt/jit/beam_catches.o
#7 34.89  CC	obj/x86_64-pc-linux-gnu/opt/jit/beam_debug.o
#7 34.89  CC	obj/x86_64-pc-linux-gnu/opt/jit/beam_load.o
#7 34.89  CC	obj/x86_64-pc-linux-gnu/opt/jit/beam_opcodes.o
#7 35.07  CC	obj/x86_64-pc-linux-gnu/opt/jit/beam_ranges.o
#7 35.10  CC	obj/x86_64-pc-linux-gnu/opt/jit/beam_transform.o
#7 35.16  CC	obj/x86_64-pc-linux-gnu/opt/jit/beam_transform_engine.o
#7 35.20  CC	obj/x86_64-pc-linux-gnu/opt/jit/beam_transform_helpers.o
#7 35.28  CC	obj/x86_64-pc-linux-gnu/opt/jit/code_ix.o
#7 35.36  CC	obj/x86_64-pc-linux-gnu/opt/jit/erl_alloc.o
#7 35.42  CC	obj/x86_64-pc-linux-gnu/opt/jit/erl_alloc_util.o
#7 35.42  CC	obj/x86_64-pc-linux-gnu/opt/jit/erl_goodfit_alloc.o
#7 35.45  CC	obj/x86_64-pc-linux-gnu/opt/jit/erl_bestfit_alloc.o
#7 35.51  CC	obj/x86_64-pc-linux-gnu/opt/jit/erl_afit_alloc.o
#7 35.57  CC	obj/x86_64-pc-linux-gnu/opt/jit/erl_init.o
#7 35.73  CC	obj/x86_64-pc-linux-gnu/opt/jit/erl_atom_table.o
#7 35.77  CC	obj/x86_64-pc-linux-gnu/opt/jit/erl_bif_table.o
#7 35.77  CC	obj/x86_64-pc-linux-gnu/opt/jit/erl_bif_ddll.o
#7 35.78  CC	obj/x86_64-pc-linux-gnu/opt/jit/erl_bif_guard.o
#7 35.79  CC	obj/x86_64-pc-linux-gnu/opt/jit/erl_bif_info.o
#7 35.92  CC	obj/x86_64-pc-linux-gnu/opt/jit/erl_bif_op.o
#7 35.94  CC	obj/x86_64-pc-linux-gnu/opt/jit/erl_bif_os.o
#7 36.02  CC	obj/x86_64-pc-linux-gnu/opt/jit/erl_bif_lists.o
#7 36.13  CC	obj/x86_64-pc-linux-gnu/opt/jit/erl_bif_persistent.o
#7 36.23  CC	obj/x86_64-pc-linux-gnu/opt/jit/erl_bif_atomics.o
#7 36.29  CC	obj/x86_64-pc-linux-gnu/opt/jit/erl_bif_counters.o
#7 36.45  CC	obj/x86_64-pc-linux-gnu/opt/jit/erl_bif_trace.o
#7 36.63  CC	obj/x86_64-pc-linux-gnu/opt/jit/erl_bif_unique.o
#7 36.68  CC	obj/x86_64-pc-linux-gnu/opt/jit/erl_guard_bifs.o
#7 36.72  CC	obj/x86_64-pc-linux-gnu/opt/jit/erl_dirty_bif_wrap.o
#7 36.88  CC	obj/x86_64-pc-linux-gnu/opt/jit/erl_trace.o
#7 36.94  CC	obj/x86_64-pc-linux-gnu/opt/jit/copy.o
#7 36.96  CC	obj/x86_64-pc-linux-gnu/opt/jit/utils.o
#7 37.09  CC	obj/x86_64-pc-linux-gnu/opt/jit/bif.o
#7 37.26  CC	obj/x86_64-pc-linux-gnu/opt/jit/io.o
#7 37.27  CC	obj/x86_64-pc-linux-gnu/opt/jit/erl_printf_term.o
#7 37.57  CC	obj/x86_64-pc-linux-gnu/opt/jit/erl_debug.o
#7 37.78  CC	obj/x86_64-pc-linux-gnu/opt/jit/erl_message.o
#7 37.92  CC	obj/x86_64-pc-linux-gnu/opt/jit/erl_proc_sig_queue.o
#7 37.92  CC	obj/x86_64-pc-linux-gnu/opt/jit/erl_process_dict.o
#7 38.04  CC	obj/x86_64-pc-linux-gnu/opt/jit/erl_process_lock.o
#7 38.34  CC	obj/x86_64-pc-linux-gnu/opt/jit/erl_port_task.o
#7 38.50  CC	obj/x86_64-pc-linux-gnu/opt/jit/erl_arith.o
#7 38.53  CC	obj/x86_64-pc-linux-gnu/opt/jit/time.o
#7 38.57  CC	obj/x86_64-pc-linux-gnu/opt/jit/erl_time_sup.o
#7 38.72  CC	obj/x86_64-pc-linux-gnu/opt/jit/external.o
#7 38.77  CC	obj/x86_64-pc-linux-gnu/opt/jit/dist.o
#7 39.02  CC	obj/x86_64-pc-linux-gnu/opt/jit/binary.o
#7 39.16  CC	obj/x86_64-pc-linux-gnu/opt/jit/erl_db.o
#7 39.18  CC	obj/x86_64-pc-linux-gnu/opt/jit/erl_db_util.o
#7 39.26  CC	obj/x86_64-pc-linux-gnu/opt/jit/erl_db_hash.o
#7 39.52  CC	obj/x86_64-pc-linux-gnu/opt/jit/erl_db_tree.o
#7 39.53  CC	obj/x86_64-pc-linux-gnu/opt/jit/erl_thr_progress.o
#7 39.95  CC	obj/x86_64-pc-linux-gnu/opt/jit/big.o
#7 40.05  CC	obj/x86_64-pc-linux-gnu/opt/jit/hash.o
#7 40.18  CC	obj/x86_64-pc-linux-gnu/opt/jit/index.o
#7 40.30  CC	obj/x86_64-pc-linux-gnu/opt/jit/atom.o
#7 40.44  CC	obj/x86_64-pc-linux-gnu/opt/jit/module.o
#7 40.48  CC	obj/x86_64-pc-linux-gnu/opt/jit/export.o
#7 40.66  CC	obj/x86_64-pc-linux-gnu/opt/jit/register.o
#7 40.76  CC	obj/x86_64-pc-linux-gnu/opt/jit/break.o
#7 40.83  CC	obj/x86_64-pc-linux-gnu/opt/jit/erl_async.o
#7 40.92  CC	obj/x86_64-pc-linux-gnu/opt/jit/erl_lock_check.o
#7 40.94  CC	obj/x86_64-pc-linux-gnu/opt/jit/erl_dyn_lock_check.o
#7 40.96  CC	obj/x86_64-pc-linux-gnu/opt/jit/erl_gc.o
#7 41.15  CC	obj/x86_64-pc-linux-gnu/opt/jit/erl_lock_count.o
#7 41.17  CC	obj/x86_64-pc-linux-gnu/opt/jit/erl_posix_str.o
#7 41.31  CC	obj/x86_64-pc-linux-gnu/opt/jit/erl_bits.o
#7 41.33  CC	obj/x86_64-pc-linux-gnu/opt/jit/erl_math.o
#7 41.46  CC	obj/x86_64-pc-linux-gnu/opt/jit/erl_fun.o
#7 41.47  CC	obj/x86_64-pc-linux-gnu/opt/jit/erl_bif_port.o
#7 41.62  CC	obj/x86_64-pc-linux-gnu/opt/jit/erl_term.o
#7 41.64  CC	obj/x86_64-pc-linux-gnu/opt/jit/erl_node_tables.o
#7 41.80  CC	obj/x86_64-pc-linux-gnu/opt/jit/erl_monitor_link.o
#7 41.82  CC	obj/x86_64-pc-linux-gnu/opt/jit/erl_process_dump.o
#7 41.87  CC	obj/x86_64-pc-linux-gnu/opt/jit/erl_hl_timer.o
#7 41.95  CC	obj/x86_64-pc-linux-gnu/opt/jit/erl_cpu_topology.o
#7 42.22  CC	obj/x86_64-pc-linux-gnu/opt/jit/erl_drv_thread.o
#7 42.31  CC	obj/x86_64-pc-linux-gnu/opt/jit/erl_bif_chksum.o
#7 42.46  CC	obj/x86_64-pc-linux-gnu/opt/jit/erl_bif_re.o
#7 42.46  CC	obj/x86_64-pc-linux-gnu/opt/jit/erl_unicode.o
#7 42.50  CC	obj/x86_64-pc-linux-gnu/opt/jit/packet_parser.o
#7 42.54  CC	obj/x86_64-pc-linux-gnu/opt/jit/safe_hash.o
#7 42.59  CC	obj/x86_64-pc-linux-gnu/opt/jit/erl_zlib.o
#7 42.59  CC	obj/x86_64-pc-linux-gnu/opt/jit/erl_nif.o
#7 42.68  CC	obj/x86_64-pc-linux-gnu/opt/jit/erl_bif_binary.o
#7 42.73  CC	obj/x86_64-pc-linux-gnu/opt/jit/erl_ao_firstfit_alloc.o
#7 42.78  CC	obj/x86_64-pc-linux-gnu/opt/jit/erl_thr_queue.o
#7 42.83  CC	obj/x86_64-pc-linux-gnu/opt/jit/erl_sched_spec_pre_alloc.o
#7 42.86  CC	obj/x86_64-pc-linux-gnu/opt/jit/erl_ptab.o
#7 42.90  CC	obj/x86_64-pc-linux-gnu/opt/jit/erl_map.o
#7 43.06  CC	obj/x86_64-pc-linux-gnu/opt/jit/erl_msacc.o
#7 43.07  CC	obj/x86_64-pc-linux-gnu/opt/jit/erl_lock_flags.o
#7 43.11  CC	obj/x86_64-pc-linux-gnu/opt/jit/erl_io_queue.o
#7 43.14  CC	obj/x86_64-pc-linux-gnu/opt/jit/erl_db_catree.o
#7 43.19  CC	obj/x86_64-pc-linux-gnu/opt/jit/socket_dbg.o
#7 43.27  CC	obj/x86_64-pc-linux-gnu/opt/jit/socket_tarray.o
#7 43.31  CC	obj/x86_64-pc-linux-gnu/opt/jit/socket_util.o
#7 43.43  CC	obj/x86_64-pc-linux-gnu/opt/jit/erl_flxctr.o
#7 43.46  CC	obj/x86_64-pc-linux-gnu/opt/jit/erl_nfunc_sched.o
#7 43.50  CC	obj/x86_64-pc-linux-gnu/opt/jit/erl_global_literals.o
#7 43.55  CC	obj/x86_64-pc-linux-gnu/opt/jit/beam_file.o
#7 43.56  CC	obj/x86_64-pc-linux-gnu/opt/jit/beam_types.o
#7 43.71  CC	obj/x86_64-pc-linux-gnu/opt/jit/erl_term_hashing.o
#7 43.73  CC	obj/x86_64-pc-linux-gnu/opt/jit/sys.o
#7 43.78  CC	obj/x86_64-pc-linux-gnu/opt/jit/sys_drivers.o
#7 43.82  CC	obj/x86_64-pc-linux-gnu/opt/jit/sys_env.o
#7 43.86  CC	obj/x86_64-pc-linux-gnu/opt/jit/sys_uds.o
#7 43.88  CC	obj/x86_64-pc-linux-gnu/opt/jit/driver_tab.o
#7 43.96  CC	obj/x86_64-pc-linux-gnu/opt/jit/unix_prim_file.o
#7 44.00  CC	obj/x86_64-pc-linux-gnu/opt/jit/sys_float.o
#7 44.04  CC	obj/x86_64-pc-linux-gnu/opt/jit/sys_time.o
#7 44.08  CC	obj/x86_64-pc-linux-gnu/opt/jit/sys_signal_stack.o
#7 44.08  CC	obj/x86_64-pc-linux-gnu/opt/jit/unix_socket_syncio.o
#7 44.17  CC	obj/x86_64-pc-linux-gnu/opt/jit/erl_poll.o
#7 44.22  CC	obj/x86_64-pc-linux-gnu/opt/jit/erl_check_io.o
#7 44.24  CC	obj/x86_64-pc-linux-gnu/opt/jit/erl_mseg.o
#7 44.34  CC	obj/x86_64-pc-linux-gnu/opt/jit/erl_mmap.o
#7 44.36  CC	obj/x86_64-pc-linux-gnu/opt/jit/erl_osenv.o
#7 44.46  CC	obj/x86_64-pc-linux-gnu/opt/jit/erl_unix_sys_ddll.o
#7 44.51  CC	obj/x86_64-pc-linux-gnu/opt/jit/erl_sys_common_misc.o
#7 44.58  CC	obj/x86_64-pc-linux-gnu/opt/jit/erl_os_monotonic_time_extender.o
#7 44.74  CC	obj/x86_64-pc-linux-gnu/opt/jit/erlang_lttng.o
#7 44.75  CC	obj/x86_64-pc-linux-gnu/opt/jit/inet_drv.o
#7 44.75  CC	obj/x86_64-pc-linux-gnu/opt/jit/ram_file_drv.o
#7 44.76  CC	obj/x86_64-pc-linux-gnu/opt/jit/prim_tty_nif.o
#7 44.84  CC	obj/x86_64-pc-linux-gnu/opt/jit/erl_tracer_nif.o
#7 44.95  CC	obj/x86_64-pc-linux-gnu/opt/jit/prim_buffer_nif.o
#7 45.00  CC	obj/x86_64-pc-linux-gnu/opt/jit/prim_file_nif.o
#7 45.01  CC	obj/x86_64-pc-linux-gnu/opt/jit/zlib_nif.o
#7 45.02  CC	obj/x86_64-pc-linux-gnu/opt/jit/prim_socket_nif.o
#7 45.05  CC	obj/x86_64-pc-linux-gnu/opt/jit/prim_net_nif.o
#7 45.07  CC	/build/otp_src_26.2.5.12/erts/emulator/zlib/obj/x86_64-pc-linux-gnu/opt/adler32.o
#7 45.07  CC	/build/otp_src_26.2.5.12/erts/emulator/zlib/obj/x86_64-pc-linux-gnu/opt/compress.o
#7 45.12  CC	/build/otp_src_26.2.5.12/erts/emulator/zlib/obj/x86_64-pc-linux-gnu/opt/crc32.o
#7 45.12  CC	/build/otp_src_26.2.5.12/erts/emulator/zlib/obj/x86_64-pc-linux-gnu/opt/uncompr.o
#7 45.17  CC	/build/otp_src_26.2.5.12/erts/emulator/zlib/obj/x86_64-pc-linux-gnu/opt/deflate.o
#7 45.18  CC	/build/otp_src_26.2.5.12/erts/emulator/zlib/obj/x86_64-pc-linux-gnu/opt/trees.o
#7 45.19  CC	/build/otp_src_26.2.5.12/erts/emulator/zlib/obj/x86_64-pc-linux-gnu/opt/zutil.o
#7 45.24  CC	/build/otp_src_26.2.5.12/erts/emulator/zlib/obj/x86_64-pc-linux-gnu/opt/inflate.o
#7 45.25  CC	/build/otp_src_26.2.5.12/erts/emulator/zlib/obj/x86_64-pc-linux-gnu/opt/inftrees.o
#7 45.38  CC	/build/otp_src_26.2.5.12/erts/emulator/zlib/obj/x86_64-pc-linux-gnu/opt/inffast.o
#7 45.44  CC	/build/otp_src_26.2.5.12/erts/emulator/pcre/obj/x86_64-pc-linux-gnu/opt/pcre_latin_1_table.o
#7 45.48  CC	/build/otp_src_26.2.5.12/erts/emulator/pcre/obj/x86_64-pc-linux-gnu/opt/pcre_compile.o
#7 45.48  CC	/build/otp_src_26.2.5.12/erts/emulator/pcre/obj/x86_64-pc-linux-gnu/opt/pcre_config.o
#7 45.53  CC	/build/otp_src_26.2.5.12/erts/emulator/pcre/obj/x86_64-pc-linux-gnu/opt/pcre_dfa_exec.o
#7 45.53  GEN	/build/otp_src_26.2.5.12/erts/emulator/pcre/pcre_exec_loop_break_cases.inc
#7 45.54  CC	/build/otp_src_26.2.5.12/erts/emulator/pcre/obj/x86_64-pc-linux-gnu/opt/pcre_fullinfo.o
#7 45.58  CC	/build/otp_src_26.2.5.12/erts/emulator/pcre/obj/x86_64-pc-linux-gnu/opt/pcre_get.o
#7 45.64  CC	/build/otp_src_26.2.5.12/erts/emulator/pcre/obj/x86_64-pc-linux-gnu/opt/pcre_globals.o
#7 45.65  CC	/build/otp_src_26.2.5.12/erts/emulator/pcre/obj/x86_64-pc-linux-gnu/opt/pcre_maketables.o
#7 45.69  CC	/build/otp_src_26.2.5.12/erts/emulator/pcre/obj/x86_64-pc-linux-gnu/opt/pcre_newline.o
#7 45.70  CC	/build/otp_src_26.2.5.12/erts/emulator/pcre/obj/x86_64-pc-linux-gnu/opt/pcre_ord2utf8.o
#7 45.70  CC	/build/otp_src_26.2.5.12/erts/emulator/pcre/obj/x86_64-pc-linux-gnu/opt/pcre_refcount.o
#7 45.75  CC	/build/otp_src_26.2.5.12/erts/emulator/pcre/obj/x86_64-pc-linux-gnu/opt/pcre_study.o
#7 45.75  CC	/build/otp_src_26.2.5.12/erts/emulator/pcre/obj/x86_64-pc-linux-gnu/opt/pcre_tables.o
#7 45.76  CC	/build/otp_src_26.2.5.12/erts/emulator/pcre/obj/x86_64-pc-linux-gnu/opt/pcre_valid_utf8.o
#7 45.80  CC	/build/otp_src_26.2.5.12/erts/emulator/pcre/obj/x86_64-pc-linux-gnu/opt/pcre_version.o
#7 45.81  CC	/build/otp_src_26.2.5.12/erts/emulator/pcre/obj/x86_64-pc-linux-gnu/opt/pcre_byte_order.o
#7 45.84  CC	/build/otp_src_26.2.5.12/erts/emulator/pcre/obj/x86_64-pc-linux-gnu/opt/pcre_jit_compile.o
#7 45.86  CC	/build/otp_src_26.2.5.12/erts/emulator/pcre/obj/x86_64-pc-linux-gnu/opt/pcre_string_utils.o
#7 45.87  CC	/build/otp_src_26.2.5.12/erts/emulator/pcre/obj/x86_64-pc-linux-gnu/opt/pcre_ucd.o
#7 45.89  CC	/build/otp_src_26.2.5.12/erts/emulator/pcre/obj/x86_64-pc-linux-gnu/opt/pcre_xclass.o
#7 45.89  CC	/build/otp_src_26.2.5.12/erts/emulator/ryu/obj/x86_64-pc-linux-gnu/opt/d2s.o
#7 45.99  CC	/build/otp_src_26.2.5.12/erts/emulator/openssl/obj/x86_64-pc-linux-gnu/opt/md5_dgst.o
#7 46.00  CXX	obj/x86_64-pc-linux-gnu/opt/jit/beam_asm_global.o
#7 46.05  CXX	obj/x86_64-pc-linux-gnu/opt/jit/beam_asm_module.o
#7 46.06  CXX	obj/x86_64-pc-linux-gnu/opt/jit/beam_jit_common.o
#7 46.07  CXX	obj/x86_64-pc-linux-gnu/opt/jit/beam_jit_main.o
#7 46.13  CXX	obj/x86_64-pc-linux-gnu/opt/jit/beam_jit_metadata.o
#7 46.14  CXX	obj/x86_64-pc-linux-gnu/opt/jit/process_main.o
#7 46.14  CXX	obj/x86_64-pc-linux-gnu/opt/jit/instr_arith.o
#7 46.31  CXX	obj/x86_64-pc-linux-gnu/opt/jit/instr_bs.o
#7 47.60  CXX	obj/x86_64-pc-linux-gnu/opt/jit/instr_bif.o
#7 47.84  CXX	obj/x86_64-pc-linux-gnu/opt/jit/instr_call.o
#7 48.73  CXX	obj/x86_64-pc-linux-gnu/opt/jit/instr_common.o
#7 50.67  CXX	obj/x86_64-pc-linux-gnu/opt/jit/instr_float.o
#7 51.29  CXX	obj/x86_64-pc-linux-gnu/opt/jit/instr_fun.o
#7 51.30  CXX	obj/x86_64-pc-linux-gnu/opt/jit/instr_guard_bifs.o
#7 51.36  CXX	obj/x86_64-pc-linux-gnu/opt/jit/instr_map.o
#7 51.93  CXX	obj/x86_64-pc-linux-gnu/opt/jit/instr_msg.o
#7 52.96  CXX	obj/x86_64-pc-linux-gnu/opt/jit/instr_select.o
#7 53.26  CXX	obj/x86_64-pc-linux-gnu/opt/jit/instr_trace.o
#7 53.64  CXX	obj/x86_64-pc-linux-gnu/opt/jit/asmjit/core/archtraits.o
#7 53.93  CXX	obj/x86_64-pc-linux-gnu/opt/jit/asmjit/core/assembler.o
#7 54.66  CXX	obj/x86_64-pc-linux-gnu/opt/jit/asmjit/core/builder.o
#7 54.87  CXX	obj/x86_64-pc-linux-gnu/opt/jit/asmjit/core/codeholder.o
#7 56.39  CXX	obj/x86_64-pc-linux-gnu/opt/jit/asmjit/core/codewriter.o
#7 56.68  CXX	obj/x86_64-pc-linux-gnu/opt/jit/asmjit/core/compiler.o
#7 56.76  CXX	obj/x86_64-pc-linux-gnu/opt/jit/asmjit/core/constpool.o
#7 56.86  CXX	obj/x86_64-pc-linux-gnu/opt/jit/asmjit/core/cpuinfo.o
#7 57.05  CXX	obj/x86_64-pc-linux-gnu/opt/jit/asmjit/core/emithelper.o
#7 57.45  CXX	obj/x86_64-pc-linux-gnu/opt/jit/asmjit/core/emitter.o
#7 57.49  CXX	obj/x86_64-pc-linux-gnu/opt/jit/asmjit/core/emitterutils.o
#7 57.92  CXX	obj/x86_64-pc-linux-gnu/opt/jit/asmjit/core/environment.o
#7 58.07  CXX	obj/x86_64-pc-linux-gnu/opt/jit/asmjit/core/errorhandler.o
#7 58.14  CXX	obj/x86_64-pc-linux-gnu/opt/jit/asmjit/core/formatter.o
#7 58.20  CXX	obj/x86_64-pc-linux-gnu/opt/jit/asmjit/core/func.o
#7 58.30  CXX	obj/x86_64-pc-linux-gnu/opt/jit/asmjit/core/funcargscontext.o
#7 58.49  CXX	obj/x86_64-pc-linux-gnu/opt/jit/asmjit/core/globals.o
#7 58.71  CXX	obj/x86_64-pc-linux-gnu/opt/jit/asmjit/core/inst.o
#7 58.80  CXX	obj/x86_64-pc-linux-gnu/opt/jit/asmjit/core/jitallocator.o
#7 58.94  CXX	obj/x86_64-pc-linux-gnu/opt/jit/asmjit/core/jitruntime.o
#7 59.24  CXX	obj/x86_64-pc-linux-gnu/opt/jit/asmjit/core/logger.o
#7 59.26  CXX	obj/x86_64-pc-linux-gnu/opt/jit/asmjit/core/operand.o
#7 59.45  CXX	obj/x86_64-pc-linux-gnu/opt/jit/asmjit/core/osutils.o
#7 59.51  CXX	obj/x86_64-pc-linux-gnu/opt/jit/asmjit/core/ralocal.o
#7 59.54  CXX	obj/x86_64-pc-linux-gnu/opt/jit/asmjit/core/rapass.o
#7 59.66  CXX	obj/x86_64-pc-linux-gnu/opt/jit/asmjit/core/rastack.o
#7 59.70  CXX	obj/x86_64-pc-linux-gnu/opt/jit/asmjit/core/string.o
#7 59.74  CXX	obj/x86_64-pc-linux-gnu/opt/jit/asmjit/core/support.o
#7 59.87  CXX	obj/x86_64-pc-linux-gnu/opt/jit/asmjit/core/target.o
#7 59.90  CXX	obj/x86_64-pc-linux-gnu/opt/jit/asmjit/core/type.o
#7 59.91  CXX	obj/x86_64-pc-linux-gnu/opt/jit/asmjit/core/virtmem.o
#7 59.95  CXX	obj/x86_64-pc-linux-gnu/opt/jit/asmjit/core/zone.o
#7 59.95  CXX	obj/x86_64-pc-linux-gnu/opt/jit/asmjit/core/zonehash.o
#7 60.02  CXX	obj/x86_64-pc-linux-gnu/opt/jit/asmjit/core/zonelist.o
#7 60.10  CXX	obj/x86_64-pc-linux-gnu/opt/jit/asmjit/core/zonestack.o
#7 60.18  CXX	obj/x86_64-pc-linux-gnu/opt/jit/asmjit/core/zonetree.o
#7 60.23  CXX	obj/x86_64-pc-linux-gnu/opt/jit/asmjit/core/zonevector.o
#7 60.24  CXX	obj/x86_64-pc-linux-gnu/opt/jit/asmjit/x86/x86assembler.o
#7 60.25  CXX	obj/x86_64-pc-linux-gnu/opt/jit/asmjit/x86/x86builder.o
#7 60.26  CXX	obj/x86_64-pc-linux-gnu/opt/jit/asmjit/x86/x86compiler.o
#7 60.36  CXX	obj/x86_64-pc-linux-gnu/opt/jit/asmjit/x86/x86emithelper.o
#7 60.39  CXX	obj/x86_64-pc-linux-gnu/opt/jit/asmjit/x86/x86formatter.o
#7 60.40  CXX	obj/x86_64-pc-linux-gnu/opt/jit/asmjit/x86/x86func.o
#7 60.45  CXX	obj/x86_64-pc-linux-gnu/opt/jit/asmjit/x86/x86instapi.o
#7 60.45  CXX	obj/x86_64-pc-linux-gnu/opt/jit/asmjit/x86/x86instdb.o
#7 60.45  CXX	obj/x86_64-pc-linux-gnu/opt/jit/asmjit/x86/x86operand.o
#7 60.61  CXX	obj/x86_64-pc-linux-gnu/opt/jit/asmjit/x86/x86rapass.o
#7 60.66  CC	obj/x86_64-pc-linux-gnu/opt/jit/erl_poll.flbk.o
#7 60.81  AR	/build/otp_src_26.2.5.12/erts/emulator/zlib/obj/x86_64-pc-linux-gnu/opt/libz.a
#7 60.82  CC	/build/otp_src_26.2.5.12/erts/emulator/pcre/obj/x86_64-pc-linux-gnu/opt/pcre_exec.o
#7 61.08  AR	/build/otp_src_26.2.5.12/erts/emulator/ryu/obj/x86_64-pc-linux-gnu/opt/libryu.a
#7 61.09  AR	/build/otp_src_26.2.5.12/erts/emulator/openssl/obj/x86_64-pc-linux-gnu/opt/micro-openssl.a
#7 61.09  CC	obj/x86_64-pc-linux-gnu/opt/jit/erl_child_setup.o
#7 61.11 In file included from x86_64-pc-linux-gnu/opt/jit/asmjit/./core/archtraits.h:9,
#7 61.11                  from x86_64-pc-linux-gnu/opt/jit/asmjit/./core.h:1830,
#7 61.11                  from x86_64-pc-linux-gnu/opt/jit/asmjit/asmjit.hpp:27:
#7 61.11 In member function 'void asmjit::_abi_1_10::BaseMem::addOffsetLo32(int32_t)',
#7 61.11     inlined from 'asmjit::_abi_1_10::Error asmjit::_abi_1_10::x86::EmitHelper::emitProlog(const asmjit::_abi_1_10::FuncFrame&)' at asmjit/x86/x86emithelper.cpp:489:30:
#7 61.11 x86_64-pc-linux-gnu/opt/jit/asmjit/./core/../core/operand.h:1384:80: warning: 'xSize' may be used uninitialized [-Wmaybe-uninitialized]
#7 61.11  1384 |   inline void addOffsetLo32(int32_t offset) noexcept { _data[kDataMemOffsetLo] += uint32_t(offset); }
#7 61.11       |                                                        ~~~~~~~~~~~~~~~~~~~~~~~~^~~~~~~~~~~~~~~~~~~
#7 61.11 asmjit/x86/x86emithelper.cpp: In member function 'asmjit::_abi_1_10::Error asmjit::_abi_1_10::x86::EmitHelper::emitProlog(const asmjit::_abi_1_10::FuncFrame&)':
#7 61.11 asmjit/x86/x86emithelper.cpp:480:14: note: 'xSize' was declared here
#7 61.11   480 |     uint32_t xSize;
#7 61.11       |              ^~~~~
#7 61.11 In file included from x86_64-pc-linux-gnu/opt/jit/asmjit/./core/assembler.h:10,
#7 61.11                  from x86_64-pc-linux-gnu/opt/jit/asmjit/./core.h:1831:
#7 61.11 In member function 'asmjit::_abi_1_10::Error asmjit::_abi_1_10::BaseEmitter::emit(asmjit::_abi_1_10::InstId, Args&& ...) [with Args = {asmjit::_abi_1_10::x86::Mem&, asmjit::_abi_1_10::x86::Reg&}]',
#7 61.11     inlined from 'asmjit::_abi_1_10::Error asmjit::_abi_1_10::x86::EmitHelper::emitProlog(const asmjit::_abi_1_10::FuncFrame&)' at asmjit/x86/x86emithelper.cpp:488:11:
#7 61.11 x86_64-pc-linux-gnu/opt/jit/asmjit/./core/../core/emitter.h:625:18: warning: 'xInst' may be used uninitialized [-Wmaybe-uninitialized]
#7 61.11   625 |     return _emitI(instId, Support::ForwardOp<Args>::forward(operands)...);
#7 61.11       |            ~~~~~~^~~~~~~~~~~~~~~~~~~~~~~~~~~~~~~~~~~~~~~~~~~~~~~~~~~~~~~~
#7 61.11 asmjit/x86/x86emithelper.cpp: In member function 'asmjit::_abi_1_10::Error asmjit::_abi_1_10::x86::EmitHelper::emitProlog(const asmjit::_abi_1_10::FuncFrame&)':
#7 61.11 asmjit/x86/x86emithelper.cpp:479:14: note: 'xInst' was declared here
#7 61.11   479 |     uint32_t xInst;
#7 61.11       |              ^~~~~
#7 61.36 In member function 'void asmjit::_abi_1_10::BaseMem::addOffsetLo32(int32_t)',
#7 61.36     inlined from 'asmjit::_abi_1_10::Error asmjit::_abi_1_10::x86::EmitHelper::emitEpilog(const asmjit::_abi_1_10::FuncFrame&)' at asmjit/x86/x86emithelper.cpp:530:30:
#7 61.36 x86_64-pc-linux-gnu/opt/jit/asmjit/./core/../core/operand.h:1384:80: warning: 'xSize' may be used uninitialized [-Wmaybe-uninitialized]
#7 61.36  1384 |   inline void addOffsetLo32(int32_t offset) noexcept { _data[kDataMemOffsetLo] += uint32_t(offset); }
#7 61.36       |                                                        ~~~~~~~~~~~~~~~~~~~~~~~~^~~~~~~~~~~~~~~~~~~
#7 61.36 asmjit/x86/x86emithelper.cpp: In member function 'asmjit::_abi_1_10::Error asmjit::_abi_1_10::x86::EmitHelper::emitEpilog(const asmjit::_abi_1_10::FuncFrame&)':
#7 61.36 asmjit/x86/x86emithelper.cpp:521:14: note: 'xSize' was declared here
#7 61.36   521 |     uint32_t xSize;
#7 61.36       |              ^~~~~
#7 61.36 In member function 'asmjit::_abi_1_10::Error asmjit::_abi_1_10::BaseEmitter::emit(asmjit::_abi_1_10::InstId, Args&& ...) [with Args = {asmjit::_abi_1_10::x86::Reg&, asmjit::_abi_1_10::x86::Mem&}]',
#7 61.36     inlined from 'asmjit::_abi_1_10::Error asmjit::_abi_1_10::x86::EmitHelper::emitEpilog(const asmjit::_abi_1_10::FuncFrame&)' at asmjit/x86/x86emithelper.cpp:529:11:
#7 61.36 x86_64-pc-linux-gnu/opt/jit/asmjit/./core/../core/emitter.h:625:18: warning: 'xInst' may be used uninitialized [-Wmaybe-uninitialized]
#7 61.36   625 |     return _emitI(instId, Support::ForwardOp<Args>::forward(operands)...);
#7 61.36       |            ~~~~~~^~~~~~~~~~~~~~~~~~~~~~~~~~~~~~~~~~~~~~~~~~~~~~~~~~~~~~~~
#7 61.36 asmjit/x86/x86emithelper.cpp: In member function 'asmjit::_abi_1_10::Error asmjit::_abi_1_10::x86::EmitHelper::emitEpilog(const asmjit::_abi_1_10::FuncFrame&)':
#7 61.36 asmjit/x86/x86emithelper.cpp:520:14: note: 'xInst' was declared here
#7 61.36   520 |     uint32_t xInst;
#7 61.36       |              ^~~~~
#7 61.40  LD	/build/otp_src_26.2.5.12/bin/x86_64-pc-linux-gnu/erl_child_setup
#7 68.07  AR	/build/otp_src_26.2.5.12/erts/emulator/pcre/obj/x86_64-pc-linux-gnu/opt/libepcre.a
#7 74.63  LD	/build/otp_src_26.2.5.12/bin/x86_64-pc-linux-gnu/beam.jit
#7 74.63  AR	/build/otp_src_26.2.5.12/bin/x86_64-pc-linux-gnu/libbeam.a
#7 75.12  RANLIB	/build/otp_src_26.2.5.12/bin/x86_64-pc-linux-gnu/libbeam.a
#7 75.13 /usr/bin/install -c /build/otp_src_26.2.5.12/bin/x86_64-pc-linux-gnu/beam.jit /build/otp_src_26.2.5.12/bin/x86_64-pc-linux-gnu/beam.smp
#7 75.61 make[4]: Leaving directory '/build/otp_src_26.2.5.12/erts/emulator'
#7 75.61 make[3]: Leaving directory '/build/otp_src_26.2.5.12/erts/emulator'
#7 75.61 make[3]: Entering directory '/build/otp_src_26.2.5.12/erts/etc'
#7 75.61 make[4]: Entering directory '/build/otp_src_26.2.5.12/erts/etc/common'
#7 75.62  MAKE	opt
#7 75.62 make[5]: Entering directory '/build/otp_src_26.2.5.12/erts/etc/common'
#7 75.62  CC	/build/otp_src_26.2.5.12/erts/obj/x86_64-pc-linux-gnu/inet_gethost.o
#7 75.62  CC	/build/otp_src_26.2.5.12/erts/obj/x86_64-pc-linux-gnu/heart.o
#7 75.62  CC	/build/otp_src_26.2.5.12/erts/obj/x86_64-pc-linux-gnu/erlexec.o
#7 75.62  CC	/build/otp_src_26.2.5.12/erts/obj/x86_64-pc-linux-gnu/typer.o
#7 75.62  CC	/build/otp_src_26.2.5.12/erts/obj/x86_64-pc-linux-gnu/dialyzer.o
#7 75.62  CC	/build/otp_src_26.2.5.12/erts/obj/x86_64-pc-linux-gnu/erlc.o
#7 75.62  CC	/build/otp_src_26.2.5.12/erts/obj/x86_64-pc-linux-gnu/escript.o
#7 75.62  CC	/build/otp_src_26.2.5.12/erts/obj/x86_64-pc-linux-gnu/ct_run.o
#7 75.63  CC	/build/otp_src_26.2.5.12/erts/obj/x86_64-pc-linux-gnu/safe_string.o
#7 75.63  CC	/build/otp_src_26.2.5.12/erts/obj/x86_64-pc-linux-gnu/run_erl.o
#7 75.63  CC	/build/otp_src_26.2.5.12/erts/obj/x86_64-pc-linux-gnu/to_erl.o
#7 75.63  CC	/build/otp_src_26.2.5.12/erts/obj/x86_64-pc-linux-gnu/dyn_erl.o
#7 75.69  LD	/build/otp_src_26.2.5.12/bin/x86_64-pc-linux-gnu/erl_call
#7 75.69  CC	/build/otp_src_26.2.5.12/erts/obj/x86_64-pc-linux-gnu/jit-reader.o
#7 75.73  VSN	Install
#7 75.74  VSN	erl.src
#7 75.74  LD	/build/otp_src_26.2.5.12/bin/x86_64-pc-linux-gnu/typer
#7 75.75  LD	/build/otp_src_26.2.5.12/bin/x86_64-pc-linux-gnu/ct_run
#7 75.75  LD	/build/otp_src_26.2.5.12/bin/x86_64-pc-linux-gnu/dialyzer
#7 75.75  LD	/build/otp_src_26.2.5.12/bin/x86_64-pc-linux-gnu/escript
#7 75.77  LD	/build/otp_src_26.2.5.12/bin/x86_64-pc-linux-gnu/dyn_erl
#7 75.77  LD	/build/otp_src_26.2.5.12/bin/x86_64-pc-linux-gnu/to_erl
#7 75.79  LD	/build/otp_src_26.2.5.12/bin/x86_64-pc-linux-gnu/heart
#7 75.82  LD	/build/otp_src_26.2.5.12/bin/x86_64-pc-linux-gnu/jit-reader.so
#7 75.85  LD	/build/otp_src_26.2.5.12/bin/x86_64-pc-linux-gnu/erlc
#7 75.90  LD	/build/otp_src_26.2.5.12/bin/x86_64-pc-linux-gnu/run_erl
#7 76.00  LD	/build/otp_src_26.2.5.12/bin/x86_64-pc-linux-gnu/erlexec
#7 76.04  LD	/build/otp_src_26.2.5.12/bin/x86_64-pc-linux-gnu/inet_gethost
#7 76.07 make[5]: Leaving directory '/build/otp_src_26.2.5.12/erts/etc/common'
#7 76.07 make[4]: Leaving directory '/build/otp_src_26.2.5.12/erts/etc/common'
#7 76.07 make[4]: Entering directory '/build/otp_src_26.2.5.12/erts/etc/unix'
#7 76.07  GEN	etp-commands
#7 76.07 make[4]: Leaving directory '/build/otp_src_26.2.5.12/erts/etc/unix'
#7 76.07 make[3]: Leaving directory '/build/otp_src_26.2.5.12/erts/etc'
#7 76.08 make[3]: Entering directory '/build/otp_src_26.2.5.12/erts/epmd'
#7 76.08 make[4]: Entering directory '/build/otp_src_26.2.5.12/erts/epmd/src'
#7 76.08  MAKE	opt
#7 76.08 make[5]: Entering directory '/build/otp_src_26.2.5.12/erts/epmd/src'
#7 76.09  CC	/build/otp_src_26.2.5.12/erts/obj/x86_64-pc-linux-gnu/epmd.o
#7 76.09  CC	/build/otp_src_26.2.5.12/erts/obj/x86_64-pc-linux-gnu/epmd_cli.o
#7 76.09  CC	/build/otp_src_26.2.5.12/erts/obj/x86_64-pc-linux-gnu/epmd_srv.o
#7 76.80  LD	/build/otp_src_26.2.5.12/bin/x86_64-pc-linux-gnu/epmd
#7 76.83 make[5]: Leaving directory '/build/otp_src_26.2.5.12/erts/epmd/src'
#7 76.83 make[4]: Leaving directory '/build/otp_src_26.2.5.12/erts/epmd/src'
#7 76.83 make[3]: Leaving directory '/build/otp_src_26.2.5.12/erts/epmd'
#7 76.83 make[3]: Entering directory '/build/otp_src_26.2.5.12/erts/lib_src'
#7 76.83  MAKE	opt
#7 76.83 make[4]: Entering directory '/build/otp_src_26.2.5.12/erts/lib_src'
#7 76.84 make[4]: Nothing to be done for 'all'.
#7 76.84 make[4]: Leaving directory '/build/otp_src_26.2.5.12/erts/lib_src'
#7 76.84 make[3]: Leaving directory '/build/otp_src_26.2.5.12/erts/lib_src'
#7 76.84 (cd preloaded/src && make ../ebin/erts.app)
#7 76.84 make[3]: Entering directory '/build/otp_src_26.2.5.12/erts/preloaded/src'
#7 76.85  VSN	../ebin/erts.app
#7 76.85 make[3]: Leaving directory '/build/otp_src_26.2.5.12/erts/preloaded/src'
#7 76.85 make[2]: Leaving directory '/build/otp_src_26.2.5.12/erts'
#7 76.85 make[1]: Leaving directory '/build/otp_src_26.2.5.12/erts'
#7 76.89  MAKE	secondary_bootstrap
#7 76.90 make[1]: Entering directory '/build/otp_src_26.2.5.12/lib'
#7 76.90 make[2]: Entering directory '/build/otp_src_26.2.5.12/lib/parsetools'
#7 76.91 === Entering application parsetools
#7 76.91 make[3]: Entering directory '/build/otp_src_26.2.5.12/lib/parsetools/src'
#7 76.91 make[3]: Nothing to be done for 'opt'.
#7 76.91 make[3]: Leaving directory '/build/otp_src_26.2.5.12/lib/parsetools/src'
#7 76.91 make[3]: Entering directory '/build/otp_src_26.2.5.12/lib/parsetools/doc/src'
#7 76.92 make[3]: Nothing to be done for 'opt'.
#7 76.92 make[3]: Leaving directory '/build/otp_src_26.2.5.12/lib/parsetools/doc/src'
#7 76.92 === Leaving application parsetools
#7 76.92 make[2]: Leaving directory '/build/otp_src_26.2.5.12/lib/parsetools'
#7 76.92 make[2]: Entering directory '/build/otp_src_26.2.5.12/lib/sasl'
#7 76.93 === Entering application sasl
#7 76.93 make[3]: Entering directory '/build/otp_src_26.2.5.12/lib/sasl/src'
#7 76.93 make[3]: Nothing to be done for 'opt'.
#7 76.93 make[3]: Leaving directory '/build/otp_src_26.2.5.12/lib/sasl/src'
#7 76.94 make[3]: Entering directory '/build/otp_src_26.2.5.12/lib/sasl/doc/src'
#7 76.95 make[3]: Nothing to be done for 'opt'.
#7 76.95 make[3]: Leaving directory '/build/otp_src_26.2.5.12/lib/sasl/doc/src'
#7 76.95 make[3]: Entering directory '/build/otp_src_26.2.5.12/lib/sasl/examples/src'
#7 76.95 make[3]: Nothing to be done for 'opt'.
#7 76.95 make[3]: Leaving directory '/build/otp_src_26.2.5.12/lib/sasl/examples/src'
#7 76.95 === Leaving application sasl
#7 76.95 make[2]: Leaving directory '/build/otp_src_26.2.5.12/lib/sasl'
#7 76.95 make[2]: Entering directory '/build/otp_src_26.2.5.12/lib/asn1/src'
#7 76.96 make[2]: Nothing to be done for 'opt'.
#7 76.96 make[2]: Leaving directory '/build/otp_src_26.2.5.12/lib/asn1/src'
#7 76.96 make[1]: Leaving directory '/build/otp_src_26.2.5.12/lib'
#7 77.03  MAKE	tertiary_bootstrap
#7 77.04 make[1]: Entering directory '/build/otp_src_26.2.5.12/lib'
#7 77.04 make[2]: Entering directory '/build/otp_src_26.2.5.12/lib/parsetools'
#7 77.05 === Entering application parsetools
#7 77.05 make[3]: Entering directory '/build/otp_src_26.2.5.12/lib/parsetools/src'
#7 77.05 make[3]: Nothing to be done for 'opt'.
#7 77.05 make[3]: Leaving directory '/build/otp_src_26.2.5.12/lib/parsetools/src'
#7 77.05 make[3]: Entering directory '/build/otp_src_26.2.5.12/lib/parsetools/doc/src'
#7 77.06 make[3]: Nothing to be done for 'opt'.
#7 77.06 make[3]: Leaving directory '/build/otp_src_26.2.5.12/lib/parsetools/doc/src'
#7 77.06 === Leaving application parsetools
#7 77.06 make[2]: Leaving directory '/build/otp_src_26.2.5.12/lib/parsetools'
#7 77.06 make[2]: Entering directory '/build/otp_src_26.2.5.12/lib/wx'
#7 77.07 === Entering application wx
#7 77.07 make[3]: Entering directory '/build/otp_src_26.2.5.12/lib/wx/src'
#7 77.08 make[3]: Nothing to be done for 'opt'.
#7 77.08 make[3]: Leaving directory '/build/otp_src_26.2.5.12/lib/wx/src'
#7 77.08 === Leaving application wx
#7 77.08 make[2]: Leaving directory '/build/otp_src_26.2.5.12/lib/wx'
#7 77.08 make[2]: Entering directory '/build/otp_src_26.2.5.12/lib/public_key'
#7 77.09 === Entering application public_key
#7 77.09 make[3]: Entering directory '/build/otp_src_26.2.5.12/lib/public_key/asn1'
#7 77.09 make[3]: Nothing to be done for 'opt'.
#7 77.09 make[3]: Leaving directory '/build/otp_src_26.2.5.12/lib/public_key/asn1'
#7 77.09 make[3]: Entering directory '/build/otp_src_26.2.5.12/lib/public_key/src'
#7 77.10 make[3]: Nothing to be done for 'opt'.
#7 77.10 make[3]: Leaving directory '/build/otp_src_26.2.5.12/lib/public_key/src'
#7 77.10 make[3]: Entering directory '/build/otp_src_26.2.5.12/lib/public_key/c_src'
#7 77.11 make[3]: Nothing to be done for 'opt'.
#7 77.11 make[3]: Leaving directory '/build/otp_src_26.2.5.12/lib/public_key/c_src'
#7 77.11 make[3]: Entering directory '/build/otp_src_26.2.5.12/lib/public_key/doc/src'
#7 77.12 make[3]: Nothing to be done for 'opt'.
#7 77.12 make[3]: Leaving directory '/build/otp_src_26.2.5.12/lib/public_key/doc/src'
#7 77.12 === Leaving application public_key
#7 77.12 make[2]: Leaving directory '/build/otp_src_26.2.5.12/lib/public_key'
#7 77.12 make[2]: Entering directory '/build/otp_src_26.2.5.12/lib/erl_interface'
#7 77.12 === Entering application erl_interface
#7 77.12 make[3]: Entering directory '/build/otp_src_26.2.5.12/lib/erl_interface/src'
#7 77.13  MAKE	opt
#7 77.13 make[4]: Entering directory '/build/otp_src_26.2.5.12/lib/erl_interface/src'
#7 77.14 make[4]: Nothing to be done for 'opt'.
#7 77.14 make[4]: Leaving directory '/build/otp_src_26.2.5.12/lib/erl_interface/src'
#7 77.14 make[3]: Leaving directory '/build/otp_src_26.2.5.12/lib/erl_interface/src'
#7 77.14 make[3]: Entering directory '/build/otp_src_26.2.5.12/lib/erl_interface/doc/src'
#7 77.15 make[3]: Nothing to be done for 'opt'.
#7 77.15 make[3]: Leaving directory '/build/otp_src_26.2.5.12/lib/erl_interface/doc/src'
#7 77.15 === Leaving application erl_interface
#7 77.15 make[2]: Leaving directory '/build/otp_src_26.2.5.12/lib/erl_interface'
#7 77.15 make[2]: Entering directory '/build/otp_src_26.2.5.12/lib/syntax_tools'
#7 77.16 === Entering application syntax_tools
#7 77.16 make[3]: Entering directory '/build/otp_src_26.2.5.12/lib/syntax_tools/src'
#7 77.16 make[3]: Nothing to be done for 'opt'.
#7 77.16 make[3]: Leaving directory '/build/otp_src_26.2.5.12/lib/syntax_tools/src'
#7 77.17 make[3]: Entering directory '/build/otp_src_26.2.5.12/lib/syntax_tools/examples'
#7 77.17 make[3]: Nothing to be done for 'opt'.
#7 77.17 make[3]: Leaving directory '/build/otp_src_26.2.5.12/lib/syntax_tools/examples'
#7 77.17 make[3]: Entering directory '/build/otp_src_26.2.5.12/lib/syntax_tools/doc/src'
#7 77.18 make[3]: Nothing to be done for 'opt'.
#7 77.18 make[3]: Leaving directory '/build/otp_src_26.2.5.12/lib/syntax_tools/doc/src'
#7 77.18 === Leaving application syntax_tools
#7 77.18 make[2]: Leaving directory '/build/otp_src_26.2.5.12/lib/syntax_tools'
#7 77.18 make[2]: Entering directory '/build/otp_src_26.2.5.12/lib/snmp'
#7 77.19 === Entering application snmp
#7 77.19 make[3]: Entering directory '/build/otp_src_26.2.5.12/lib/snmp/src/compile'
#7 77.19 make[3]: Nothing to be done for 'opt'.
#7 77.19 make[3]: Leaving directory '/build/otp_src_26.2.5.12/lib/snmp/src/compile'
#7 77.20 make[3]: Entering directory '/build/otp_src_26.2.5.12/lib/snmp/mibs'
#7 77.20 make[3]: Nothing to be done for 'opt'.
#7 77.20 make[3]: Leaving directory '/build/otp_src_26.2.5.12/lib/snmp/mibs'
#7 77.20 make[3]: Entering directory '/build/otp_src_26.2.5.12/lib/snmp/src'
#7 77.21 make[4]: Entering directory '/build/otp_src_26.2.5.12/lib/snmp/src/compile'
#7 77.21 make[4]: Nothing to be done for 'opt'.
#7 77.21 make[4]: Leaving directory '/build/otp_src_26.2.5.12/lib/snmp/src/compile'
#7 77.21 make[4]: Entering directory '/build/otp_src_26.2.5.12/lib/snmp/src/app'
#7 77.22 make[4]: Nothing to be done for 'opt'.
#7 77.22 make[4]: Leaving directory '/build/otp_src_26.2.5.12/lib/snmp/src/app'
#7 77.22 make[4]: Entering directory '/build/otp_src_26.2.5.12/lib/snmp/src/misc'
#7 77.22 make[4]: Nothing to be done for 'opt'.
#7 77.22 make[4]: Leaving directory '/build/otp_src_26.2.5.12/lib/snmp/src/misc'
#7 77.22 make[4]: Entering directory '/build/otp_src_26.2.5.12/lib/snmp/src/agent'
#7 77.23 make[5]: Entering directory '/build/otp_src_26.2.5.12/lib/snmp/src/agent'
#7 77.24 make[5]: Nothing to be done for 'behaviour_targets'.
#7 77.24 make[5]: Leaving directory '/build/otp_src_26.2.5.12/lib/snmp/src/agent'
#7 77.24 make[5]: Entering directory '/build/otp_src_26.2.5.12/lib/snmp/src/agent'
#7 77.24 make[5]: Nothing to be done for 'targets'.
#7 77.24 make[5]: Leaving directory '/build/otp_src_26.2.5.12/lib/snmp/src/agent'
#7 77.24 make[4]: Leaving directory '/build/otp_src_26.2.5.12/lib/snmp/src/agent'
#7 77.24 make[4]: Entering directory '/build/otp_src_26.2.5.12/lib/snmp/src/manager'
#7 77.25 make[5]: Entering directory '/build/otp_src_26.2.5.12/lib/snmp/src/manager'
#7 77.25 make[5]: Nothing to be done for 'behaviour_targets'.
#7 77.25 make[5]: Leaving directory '/build/otp_src_26.2.5.12/lib/snmp/src/manager'
#7 77.25 make[5]: Entering directory '/build/otp_src_26.2.5.12/lib/snmp/src/manager'
#7 77.26 make[5]: Nothing to be done for 'targets'.
#7 77.26 make[5]: Leaving directory '/build/otp_src_26.2.5.12/lib/snmp/src/manager'
#7 77.26 make[4]: Leaving directory '/build/otp_src_26.2.5.12/lib/snmp/src/manager'
#7 77.26 make[3]: Leaving directory '/build/otp_src_26.2.5.12/lib/snmp/src'
#7 77.26 make[3]: Entering directory '/build/otp_src_26.2.5.12/lib/snmp/examples'
#7 77.27 make[4]: Entering directory '/build/otp_src_26.2.5.12/lib/snmp/examples/ex1'
#7 77.27 make[4]: Nothing to be done for 'opt'.
#7 77.27 make[4]: Leaving directory '/build/otp_src_26.2.5.12/lib/snmp/examples/ex1'
#7 77.27 make[4]: Entering directory '/build/otp_src_26.2.5.12/lib/snmp/examples/ex2'
#7 77.28 make[4]: Nothing to be done for 'opt'.
#7 77.28 make[4]: Leaving directory '/build/otp_src_26.2.5.12/lib/snmp/examples/ex2'
#7 77.28 make[3]: Leaving directory '/build/otp_src_26.2.5.12/lib/snmp/examples'
#7 77.28 make[3]: Entering directory '/build/otp_src_26.2.5.12/lib/snmp/priv/conf'
#7 77.28 make[4]: Entering directory '/build/otp_src_26.2.5.12/lib/snmp/priv/conf/agent'
#7 77.29 make[4]: Nothing to be done for 'opt'.
#7 77.29 make[4]: Leaving directory '/build/otp_src_26.2.5.12/lib/snmp/priv/conf/agent'
#7 77.29 make[4]: Entering directory '/build/otp_src_26.2.5.12/lib/snmp/priv/conf/manager'
#7 77.29 make[4]: Nothing to be done for 'opt'.
#7 77.29 make[4]: Leaving directory '/build/otp_src_26.2.5.12/lib/snmp/priv/conf/manager'
#7 77.29 make[3]: Leaving directory '/build/otp_src_26.2.5.12/lib/snmp/priv/conf'
#7 77.29 make[3]: Entering directory '/build/otp_src_26.2.5.12/lib/snmp/doc/src'
#7 77.31 make[3]: Nothing to be done for 'opt'.
#7 77.31 make[3]: Leaving directory '/build/otp_src_26.2.5.12/lib/snmp/doc/src'
#7 77.31 === Leaving application snmp
#7 77.31 make[2]: Leaving directory '/build/otp_src_26.2.5.12/lib/snmp'
#7 77.31 make[1]: Leaving directory '/build/otp_src_26.2.5.12/lib'
#7 78.04  MAKE	libs
#7 78.04 make[1]: Entering directory '/build/otp_src_26.2.5.12/lib'
#7 78.05 make[2]: Entering directory '/build/otp_src_26.2.5.12/lib/stdlib'
#7 78.06 === Entering application stdlib
#7 78.06 make[3]: Entering directory '/build/otp_src_26.2.5.12/lib/stdlib/src'
#7 78.06 make[3]: Nothing to be done for 'opt'.
#7 78.06 make[3]: Leaving directory '/build/otp_src_26.2.5.12/lib/stdlib/src'
#7 78.07 make[3]: Entering directory '/build/otp_src_26.2.5.12/lib/stdlib/doc/src'
#7 78.08 make[3]: Nothing to be done for 'opt'.
#7 78.08 make[3]: Leaving directory '/build/otp_src_26.2.5.12/lib/stdlib/doc/src'
#7 78.08 make[3]: Entering directory '/build/otp_src_26.2.5.12/lib/stdlib/examples'
#7 78.08 make[3]: Nothing to be done for 'opt'.
#7 78.08 make[3]: Leaving directory '/build/otp_src_26.2.5.12/lib/stdlib/examples'
#7 78.08 === Leaving application stdlib
#7 78.08 make[2]: Leaving directory '/build/otp_src_26.2.5.12/lib/stdlib'
#7 78.08 make[2]: Entering directory '/build/otp_src_26.2.5.12/lib/sasl'
#7 78.09 === Entering application sasl
#7 78.09 make[3]: Entering directory '/build/otp_src_26.2.5.12/lib/sasl/src'
#7 78.10 make[3]: Nothing to be done for 'opt'.
#7 78.10 make[3]: Leaving directory '/build/otp_src_26.2.5.12/lib/sasl/src'
#7 78.10 make[3]: Entering directory '/build/otp_src_26.2.5.12/lib/sasl/doc/src'
#7 78.11 make[3]: Nothing to be done for 'opt'.
#7 78.11 make[3]: Leaving directory '/build/otp_src_26.2.5.12/lib/sasl/doc/src'
#7 78.11 make[3]: Entering directory '/build/otp_src_26.2.5.12/lib/sasl/examples/src'
#7 78.11 make[3]: Nothing to be done for 'opt'.
#7 78.11 make[3]: Leaving directory '/build/otp_src_26.2.5.12/lib/sasl/examples/src'
#7 78.11 === Leaving application sasl
#7 78.11 make[2]: Leaving directory '/build/otp_src_26.2.5.12/lib/sasl'
#7 78.11 make[2]: Entering directory '/build/otp_src_26.2.5.12/lib/kernel'
#7 78.12 === Entering application kernel
#7 78.12 make[3]: Entering directory '/build/otp_src_26.2.5.12/lib/kernel/src'
#7 78.13 make[3]: Nothing to be done for 'opt'.
#7 78.13 make[3]: Leaving directory '/build/otp_src_26.2.5.12/lib/kernel/src'
#7 78.13 make[3]: Entering directory '/build/otp_src_26.2.5.12/lib/kernel/doc/src'
#7 78.14 make[3]: Nothing to be done for 'opt'.
#7 78.14 make[3]: Leaving directory '/build/otp_src_26.2.5.12/lib/kernel/doc/src'
#7 78.14 make[3]: Entering directory '/build/otp_src_26.2.5.12/lib/kernel/examples'
#7 78.15 make[3]: Nothing to be done for 'opt'.
#7 78.15 make[3]: Leaving directory '/build/otp_src_26.2.5.12/lib/kernel/examples'
#7 78.15 === Leaving application kernel
#7 78.15 make[2]: Leaving directory '/build/otp_src_26.2.5.12/lib/kernel'
#7 78.15 make[2]: Entering directory '/build/otp_src_26.2.5.12/lib/compiler'
#7 78.15 === Entering application compiler
#7 78.15 make[3]: Entering directory '/build/otp_src_26.2.5.12/lib/compiler/src'
#7 78.16 make[3]: Nothing to be done for 'opt'.
#7 78.16 make[3]: Leaving directory '/build/otp_src_26.2.5.12/lib/compiler/src'
#7 78.16 make[3]: Entering directory '/build/otp_src_26.2.5.12/lib/compiler/doc/src'
#7 78.17 make[3]: Nothing to be done for 'opt'.
#7 78.17 make[3]: Leaving directory '/build/otp_src_26.2.5.12/lib/compiler/doc/src'
#7 78.17 === Leaving application compiler
#7 78.17 make[2]: Leaving directory '/build/otp_src_26.2.5.12/lib/compiler'
#7 78.17 make[2]: Entering directory '/build/otp_src_26.2.5.12/lib/tools'
#7 78.18 === Entering application tools
#7 78.18 make[3]: Entering directory '/build/otp_src_26.2.5.12/lib/tools/src'
#7 78.18 make[3]: Nothing to be done for 'opt'.
#7 78.18 make[3]: Leaving directory '/build/otp_src_26.2.5.12/lib/tools/src'
#7 78.18 make[3]: Entering directory '/build/otp_src_26.2.5.12/lib/tools/doc/src'
#7 78.20 make[3]: Nothing to be done for 'opt'.
#7 78.20 make[3]: Leaving directory '/build/otp_src_26.2.5.12/lib/tools/doc/src'
#7 78.20 make[3]: Entering directory '/build/otp_src_26.2.5.12/lib/tools/examples'
#7 78.20 make[3]: Nothing to be done for 'opt'.
#7 78.20 make[3]: Leaving directory '/build/otp_src_26.2.5.12/lib/tools/examples'
#7 78.20 make[3]: Entering directory '/build/otp_src_26.2.5.12/lib/tools/emacs'
#7 78.21 make[3]: Nothing to be done for 'opt'.
#7 78.21 make[3]: Leaving directory '/build/otp_src_26.2.5.12/lib/tools/emacs'
#7 78.21 === Leaving application tools
#7 78.21 make[2]: Leaving directory '/build/otp_src_26.2.5.12/lib/tools'
#7 78.21 make[2]: Entering directory '/build/otp_src_26.2.5.12/lib/common_test'
#7 78.21 === Entering application common_test
#7 78.21 make[3]: Entering directory '/build/otp_src_26.2.5.12/lib/common_test/doc/src'
#7 78.23 make[3]: Nothing to be done for 'opt'.
#7 78.23 make[3]: Leaving directory '/build/otp_src_26.2.5.12/lib/common_test/doc/src'
#7 78.23 make[3]: Entering directory '/build/otp_src_26.2.5.12/lib/common_test/src'
#7 78.23 make[3]: Nothing to be done for 'opt'.
#7 78.23 make[3]: Leaving directory '/build/otp_src_26.2.5.12/lib/common_test/src'
#7 78.23 make[3]: Entering directory '/build/otp_src_26.2.5.12/lib/common_test/priv'
#7 78.24  MAKE	opt
#7 78.24 make[4]: Entering directory '/build/otp_src_26.2.5.12/lib/common_test/priv'
#7 78.24 make[4]: Nothing to be done for 'debug'.
#7 78.24 make[4]: Leaving directory '/build/otp_src_26.2.5.12/lib/common_test/priv'
#7 78.24 make[3]: Leaving directory '/build/otp_src_26.2.5.12/lib/common_test/priv'
#7 78.24 === Leaving application common_test
#7 78.24 make[2]: Leaving directory '/build/otp_src_26.2.5.12/lib/common_test'
#7 78.24 make[2]: Entering directory '/build/otp_src_26.2.5.12/lib/runtime_tools'
#7 78.25 === Entering application runtime_tools
#7 78.25 make[3]: Entering directory '/build/otp_src_26.2.5.12/lib/runtime_tools/src'
#7 78.25 make[3]: Nothing to be done for 'opt'.
#7 78.25 make[3]: Leaving directory '/build/otp_src_26.2.5.12/lib/runtime_tools/src'
#7 78.25 make[3]: Entering directory '/build/otp_src_26.2.5.12/lib/runtime_tools/c_src'
#7 78.26  MAKE	opt
#7 78.26 make[4]: Entering directory '/build/otp_src_26.2.5.12/lib/runtime_tools/c_src'
#7 78.26  CC	../priv/obj/x86_64-pc-linux-gnu/dyntrace.o
#7 78.26  CC	../priv/obj/x86_64-pc-linux-gnu/trace_file_drv.o
#7 78.26  CC	../priv/obj/x86_64-pc-linux-gnu/trace_ip_drv.o
#7 78.35  LD	../priv/lib/x86_64-pc-linux-gnu/dyntrace.so
#7 78.37  LD	../priv/lib/x86_64-pc-linux-gnu/trace_file_drv.so
#7 78.44  LD	../priv/lib/x86_64-pc-linux-gnu/trace_ip_drv.so
#7 78.45 rm ../priv/obj/x86_64-pc-linux-gnu/trace_ip_drv.o ../priv/obj/x86_64-pc-linux-gnu/dyntrace.o ../priv/obj/x86_64-pc-linux-gnu/trace_file_drv.o
#7 78.45 make[4]: Leaving directory '/build/otp_src_26.2.5.12/lib/runtime_tools/c_src'
#7 78.46 make[3]: Leaving directory '/build/otp_src_26.2.5.12/lib/runtime_tools/c_src'
#7 78.46 make[3]: Entering directory '/build/otp_src_26.2.5.12/lib/runtime_tools/doc/src'
#7 78.47 make[3]: Nothing to be done for 'opt'.
#7 78.47 make[3]: Leaving directory '/build/otp_src_26.2.5.12/lib/runtime_tools/doc/src'
#7 78.47 === Leaving application runtime_tools
#7 78.47 make[2]: Leaving directory '/build/otp_src_26.2.5.12/lib/runtime_tools'
#7 78.47 make[2]: Entering directory '/build/otp_src_26.2.5.12/lib/inets'
#7 78.47 === Entering application inets
#7 78.47 make[3]: Entering directory '/build/otp_src_26.2.5.12/lib/inets/src'
#7 78.48 make[4]: Entering directory '/build/otp_src_26.2.5.12/lib/inets/src/inets_app'
#7 78.48 make[4]: Nothing to be done for 'opt'.
#7 78.48 make[4]: Leaving directory '/build/otp_src_26.2.5.12/lib/inets/src/inets_app'
#7 78.49 make[4]: Entering directory '/build/otp_src_26.2.5.12/lib/inets/src/http_lib'
#7 78.49 make[4]: Nothing to be done for 'opt'.
#7 78.49 make[4]: Leaving directory '/build/otp_src_26.2.5.12/lib/inets/src/http_lib'
#7 78.49 make[4]: Entering directory '/build/otp_src_26.2.5.12/lib/inets/src/http_client'
#7 78.50 make[4]: Nothing to be done for 'opt'.
#7 78.50 make[4]: Leaving directory '/build/otp_src_26.2.5.12/lib/inets/src/http_client'
#7 78.50 make[4]: Entering directory '/build/otp_src_26.2.5.12/lib/inets/src/http_server'
#7 78.50 make[4]: Nothing to be done for 'opt'.
#7 78.50 make[4]: Leaving directory '/build/otp_src_26.2.5.12/lib/inets/src/http_server'
#7 78.50 make[3]: Leaving directory '/build/otp_src_26.2.5.12/lib/inets/src'
#7 78.50 make[3]: Entering directory '/build/otp_src_26.2.5.12/lib/inets/examples'
#7 78.51 make[4]: Entering directory '/build/otp_src_26.2.5.12/lib/inets/examples/server_root'
#7 78.51 make[4]: Nothing to be done for 'opt'.
#7 78.51 make[4]: Leaving directory '/build/otp_src_26.2.5.12/lib/inets/examples/server_root'
#7 78.51 make[4]: Entering directory '/build/otp_src_26.2.5.12/lib/inets/examples/httpd_load_test'
#7 78.52 make[4]: Nothing to be done for 'opt'.
#7 78.52 make[4]: Leaving directory '/build/otp_src_26.2.5.12/lib/inets/examples/httpd_load_test'
#7 78.52 make[3]: Leaving directory '/build/otp_src_26.2.5.12/lib/inets/examples'
#7 78.52 make[3]: Entering directory '/build/otp_src_26.2.5.12/lib/inets/priv'
#7 78.52 make[3]: Nothing to be done for 'opt'.
#7 78.52 make[3]: Leaving directory '/build/otp_src_26.2.5.12/lib/inets/priv'
#7 78.52 make[3]: Entering directory '/build/otp_src_26.2.5.12/lib/inets/doc/src'
#7 78.54 make[3]: Nothing to be done for 'opt'.
#7 78.54 make[3]: Leaving directory '/build/otp_src_26.2.5.12/lib/inets/doc/src'
#7 78.54 === Leaving application inets
#7 78.54 make[2]: Leaving directory '/build/otp_src_26.2.5.12/lib/inets'
#7 78.54 make[2]: Entering directory '/build/otp_src_26.2.5.12/lib/parsetools'
#7 78.54 === Entering application parsetools
#7 78.54 make[3]: Entering directory '/build/otp_src_26.2.5.12/lib/parsetools/src'
#7 78.55 make[3]: Nothing to be done for 'opt'.
#7 78.55 make[3]: Leaving directory '/build/otp_src_26.2.5.12/lib/parsetools/src'
#7 78.55 make[3]: Entering directory '/build/otp_src_26.2.5.12/lib/parsetools/doc/src'
#7 78.56 make[3]: Nothing to be done for 'opt'.
#7 78.56 make[3]: Leaving directory '/build/otp_src_26.2.5.12/lib/parsetools/doc/src'
#7 78.56 === Leaving application parsetools
#7 78.56 make[2]: Leaving directory '/build/otp_src_26.2.5.12/lib/parsetools'
#7 78.56 make[2]: Entering directory '/build/otp_src_26.2.5.12/lib/xmerl'
#7 78.56 === Entering application xmerl
#7 78.57 make[3]: Entering directory '/build/otp_src_26.2.5.12/lib/xmerl/src'
#7 78.57 make[3]: Nothing to be done for 'opt'.
#7 78.57 make[3]: Leaving directory '/build/otp_src_26.2.5.12/lib/xmerl/src'
#7 78.57 make[3]: Entering directory '/build/otp_src_26.2.5.12/lib/xmerl/doc/src'
#7 78.58 make[3]: Nothing to be done for 'opt'.
#7 78.58 make[3]: Leaving directory '/build/otp_src_26.2.5.12/lib/xmerl/doc/src'
#7 78.58 === Leaving application xmerl
#7 78.58 make[2]: Leaving directory '/build/otp_src_26.2.5.12/lib/xmerl'
#7 78.59 make[2]: Entering directory '/build/otp_src_26.2.5.12/lib/edoc'
#7 78.59 === Entering application edoc
#7 78.59 make[3]: Entering directory '/build/otp_src_26.2.5.12/lib/edoc/bin'
#7 78.60 make[3]: Nothing to be done for 'opt'.
#7 78.60 make[3]: Leaving directory '/build/otp_src_26.2.5.12/lib/edoc/bin'
#7 78.60 make[3]: Entering directory '/build/otp_src_26.2.5.12/lib/edoc/src'
#7 78.60 make[3]: Nothing to be done for 'opt'.
#7 78.60 make[3]: Leaving directory '/build/otp_src_26.2.5.12/lib/edoc/src'
#7 78.60 make[3]: Entering directory '/build/otp_src_26.2.5.12/lib/edoc/include'
#7 78.61 make[3]: Nothing to be done for 'opt'.
#7 78.61 make[3]: Leaving directory '/build/otp_src_26.2.5.12/lib/edoc/include'
#7 78.61 make[3]: Entering directory '/build/otp_src_26.2.5.12/lib/edoc/priv'
#7 78.61 make[3]: Nothing to be done for 'opt'.
#7 78.61 make[3]: Leaving directory '/build/otp_src_26.2.5.12/lib/edoc/priv'
#7 78.61 make[3]: Entering directory '/build/otp_src_26.2.5.12/lib/edoc/doc/src'
#7 78.62 make[3]: Nothing to be done for 'opt'.
#7 78.62 make[3]: Leaving directory '/build/otp_src_26.2.5.12/lib/edoc/doc/src'
#7 78.62 === Leaving application edoc
#7 78.62 make[2]: Leaving directory '/build/otp_src_26.2.5.12/lib/edoc'
#7 78.63 make[2]: Entering directory '/build/otp_src_26.2.5.12/lib/erl_docgen'
#7 78.63 === Entering application erl_docgen
#7 78.63 make[3]: Entering directory '/build/otp_src_26.2.5.12/lib/erl_docgen/src'
#7 78.64 make[3]: Nothing to be done for 'opt'.
#7 78.64 make[3]: Leaving directory '/build/otp_src_26.2.5.12/lib/erl_docgen/src'
#7 78.64 make[3]: Entering directory '/build/otp_src_26.2.5.12/lib/erl_docgen/priv'
#7 78.64 make[4]: Entering directory '/build/otp_src_26.2.5.12/lib/erl_docgen/priv/bin'
#7 78.65 make[4]: Nothing to be done for 'opt'.
#7 78.65 make[4]: Leaving directory '/build/otp_src_26.2.5.12/lib/erl_docgen/priv/bin'
#7 78.65 make[4]: Entering directory '/build/otp_src_26.2.5.12/lib/erl_docgen/priv/css'
#7 78.65 make[4]: Nothing to be done for 'opt'.
#7 78.65 make[4]: Leaving directory '/build/otp_src_26.2.5.12/lib/erl_docgen/priv/css'
#7 78.65 make[4]: Entering directory '/build/otp_src_26.2.5.12/lib/erl_docgen/priv/dtd'
#7 78.66 make[4]: Nothing to be done for 'opt'.
#7 78.66 make[4]: Leaving directory '/build/otp_src_26.2.5.12/lib/erl_docgen/priv/dtd'
#7 78.66 make[4]: Entering directory '/build/otp_src_26.2.5.12/lib/erl_docgen/priv/dtd_html_entities'
#7 78.66 make[4]: Nothing to be done for 'opt'.
#7 78.66 make[4]: Leaving directory '/build/otp_src_26.2.5.12/lib/erl_docgen/priv/dtd_html_entities'
#7 78.66 make[4]: Entering directory '/build/otp_src_26.2.5.12/lib/erl_docgen/priv/dtd_man_entities'
#7 78.67 make[4]: Nothing to be done for 'opt'.
#7 78.67 make[4]: Leaving directory '/build/otp_src_26.2.5.12/lib/erl_docgen/priv/dtd_man_entities'
#7 78.67 make[4]: Entering directory '/build/otp_src_26.2.5.12/lib/erl_docgen/priv/images'
#7 78.67 make[4]: Nothing to be done for 'opt'.
#7 78.67 make[4]: Leaving directory '/build/otp_src_26.2.5.12/lib/erl_docgen/priv/images'
#7 78.67 make[4]: Entering directory '/build/otp_src_26.2.5.12/lib/erl_docgen/priv/js/flipmenu'
#7 78.68 make[4]: Nothing to be done for 'opt'.
#7 78.68 make[4]: Leaving directory '/build/otp_src_26.2.5.12/lib/erl_docgen/priv/js/flipmenu'
#7 78.68 make[4]: Entering directory '/build/otp_src_26.2.5.12/lib/erl_docgen/priv/xsl'
#7 78.68 make[4]: Nothing to be done for 'opt'.
#7 78.68 make[4]: Leaving directory '/build/otp_src_26.2.5.12/lib/erl_docgen/priv/xsl'
#7 78.68 make[3]: Leaving directory '/build/otp_src_26.2.5.12/lib/erl_docgen/priv'
#7 78.69 make[3]: Entering directory '/build/otp_src_26.2.5.12/lib/erl_docgen/doc/src'
#7 78.70 make[3]: Nothing to be done for 'opt'.
#7 78.70 make[3]: Leaving directory '/build/otp_src_26.2.5.12/lib/erl_docgen/doc/src'
#7 78.70 === Leaving application erl_docgen
#7 78.70 make[2]: Leaving directory '/build/otp_src_26.2.5.12/lib/erl_docgen'
#7 78.70 make[2]: Entering directory '/build/otp_src_26.2.5.12/lib/snmp'
#7 78.70 === Entering application snmp
#7 78.70 make[3]: Entering directory '/build/otp_src_26.2.5.12/lib/snmp/src/compile'
#7 78.71 make[3]: Nothing to be done for 'opt'.
#7 78.71 make[3]: Leaving directory '/build/otp_src_26.2.5.12/lib/snmp/src/compile'
#7 78.71 make[3]: Entering directory '/build/otp_src_26.2.5.12/lib/snmp/mibs'
#7 78.71 make[3]: Nothing to be done for 'opt'.
#7 78.71 make[3]: Leaving directory '/build/otp_src_26.2.5.12/lib/snmp/mibs'
#7 78.72 make[3]: Entering directory '/build/otp_src_26.2.5.12/lib/snmp/src'
#7 78.72 make[4]: Entering directory '/build/otp_src_26.2.5.12/lib/snmp/src/compile'
#7 78.73 make[4]: Nothing to be done for 'opt'.
#7 78.73 make[4]: Leaving directory '/build/otp_src_26.2.5.12/lib/snmp/src/compile'
#7 78.73 make[4]: Entering directory '/build/otp_src_26.2.5.12/lib/snmp/src/app'
#7 78.73 make[4]: Nothing to be done for 'opt'.
#7 78.73 make[4]: Leaving directory '/build/otp_src_26.2.5.12/lib/snmp/src/app'
#7 78.73 make[4]: Entering directory '/build/otp_src_26.2.5.12/lib/snmp/src/misc'
#7 78.74 make[4]: Nothing to be done for 'opt'.
#7 78.74 make[4]: Leaving directory '/build/otp_src_26.2.5.12/lib/snmp/src/misc'
#7 78.74 make[4]: Entering directory '/build/otp_src_26.2.5.12/lib/snmp/src/agent'
#7 78.74 make[5]: Entering directory '/build/otp_src_26.2.5.12/lib/snmp/src/agent'
#7 78.75 make[5]: Nothing to be done for 'behaviour_targets'.
#7 78.75 make[5]: Leaving directory '/build/otp_src_26.2.5.12/lib/snmp/src/agent'
#7 78.75 make[5]: Entering directory '/build/otp_src_26.2.5.12/lib/snmp/src/agent'
#7 78.76 make[5]: Nothing to be done for 'targets'.
#7 78.76 make[5]: Leaving directory '/build/otp_src_26.2.5.12/lib/snmp/src/agent'
#7 78.76 make[4]: Leaving directory '/build/otp_src_26.2.5.12/lib/snmp/src/agent'
#7 78.76 make[4]: Entering directory '/build/otp_src_26.2.5.12/lib/snmp/src/manager'
#7 78.76 make[5]: Entering directory '/build/otp_src_26.2.5.12/lib/snmp/src/manager'
#7 78.77 make[5]: Nothing to be done for 'behaviour_targets'.
#7 78.77 make[5]: Leaving directory '/build/otp_src_26.2.5.12/lib/snmp/src/manager'
#7 78.77 make[5]: Entering directory '/build/otp_src_26.2.5.12/lib/snmp/src/manager'
#7 78.77 make[5]: Nothing to be done for 'targets'.
#7 78.77 make[5]: Leaving directory '/build/otp_src_26.2.5.12/lib/snmp/src/manager'
#7 78.77 make[4]: Leaving directory '/build/otp_src_26.2.5.12/lib/snmp/src/manager'
#7 78.77 make[3]: Leaving directory '/build/otp_src_26.2.5.12/lib/snmp/src'
#7 78.78 make[3]: Entering directory '/build/otp_src_26.2.5.12/lib/snmp/examples'
#7 78.78 make[4]: Entering directory '/build/otp_src_26.2.5.12/lib/snmp/examples/ex1'
#7 78.79 make[4]: Nothing to be done for 'opt'.
#7 78.79 make[4]: Leaving directory '/build/otp_src_26.2.5.12/lib/snmp/examples/ex1'
#7 78.79 make[4]: Entering directory '/build/otp_src_26.2.5.12/lib/snmp/examples/ex2'
#7 78.79 make[4]: Nothing to be done for 'opt'.
#7 78.79 make[4]: Leaving directory '/build/otp_src_26.2.5.12/lib/snmp/examples/ex2'
#7 78.79 make[3]: Leaving directory '/build/otp_src_26.2.5.12/lib/snmp/examples'
#7 78.79 make[3]: Entering directory '/build/otp_src_26.2.5.12/lib/snmp/priv/conf'
#7 78.80 make[4]: Entering directory '/build/otp_src_26.2.5.12/lib/snmp/priv/conf/agent'
#7 78.80 make[4]: Nothing to be done for 'opt'.
#7 78.80 make[4]: Leaving directory '/build/otp_src_26.2.5.12/lib/snmp/priv/conf/agent'
#7 78.80 make[4]: Entering directory '/build/otp_src_26.2.5.12/lib/snmp/priv/conf/manager'
#7 78.81 make[4]: Nothing to be done for 'opt'.
#7 78.81 make[4]: Leaving directory '/build/otp_src_26.2.5.12/lib/snmp/priv/conf/manager'
#7 78.81 make[3]: Leaving directory '/build/otp_src_26.2.5.12/lib/snmp/priv/conf'
#7 78.81 make[3]: Entering directory '/build/otp_src_26.2.5.12/lib/snmp/doc/src'
#7 78.82 make[3]: Nothing to be done for 'opt'.
#7 78.82 make[3]: Leaving directory '/build/otp_src_26.2.5.12/lib/snmp/doc/src'
#7 78.82 === Leaving application snmp
#7 78.82 make[2]: Leaving directory '/build/otp_src_26.2.5.12/lib/snmp'
#7 78.82 make[2]: Entering directory '/build/otp_src_26.2.5.12/lib/erl_interface'
#7 78.83 === Entering application erl_interface
#7 78.83 make[3]: Entering directory '/build/otp_src_26.2.5.12/lib/erl_interface/src'
#7 78.83  MAKE	opt
#7 78.83 make[4]: Entering directory '/build/otp_src_26.2.5.12/lib/erl_interface/src'
#7 78.84 make[4]: Nothing to be done for 'opt'.
#7 78.84 make[4]: Leaving directory '/build/otp_src_26.2.5.12/lib/erl_interface/src'
#7 78.84 make[3]: Leaving directory '/build/otp_src_26.2.5.12/lib/erl_interface/src'
#7 78.84 make[3]: Entering directory '/build/otp_src_26.2.5.12/lib/erl_interface/doc/src'
#7 78.85 make[3]: Nothing to be done for 'opt'.
#7 78.85 make[3]: Leaving directory '/build/otp_src_26.2.5.12/lib/erl_interface/doc/src'
#7 78.86 === Leaving application erl_interface
#7 78.86 make[2]: Leaving directory '/build/otp_src_26.2.5.12/lib/erl_interface'
#7 78.86 make[2]: Entering directory '/build/otp_src_26.2.5.12/lib/asn1'
#7 78.86 === Entering application asn1
#7 78.86 make[3]: Entering directory '/build/otp_src_26.2.5.12/lib/asn1/src'
#7 78.87 make[3]: Nothing to be done for 'opt'.
#7 78.87 make[3]: Leaving directory '/build/otp_src_26.2.5.12/lib/asn1/src'
#7 78.87 make[3]: Entering directory '/build/otp_src_26.2.5.12/lib/asn1/doc/src'
#7 78.88 make[3]: Nothing to be done for 'opt'.
#7 78.88 make[3]: Leaving directory '/build/otp_src_26.2.5.12/lib/asn1/doc/src'
#7 78.88 make[3]: Entering directory '/build/otp_src_26.2.5.12/lib/asn1/c_src'
#7 78.89  CC	../priv/obj/x86_64-pc-linux-gnu/asn1_erl_nif.o
#7 79.27  LD	../priv/lib/x86_64-pc-linux-gnu/asn1rt_nif.so
#7 79.28 make[3]: Leaving directory '/build/otp_src_26.2.5.12/lib/asn1/c_src'
#7 79.29 === Leaving application asn1
#7 79.29 make[2]: Leaving directory '/build/otp_src_26.2.5.12/lib/asn1'
#7 79.29 === Skipping subdir jinterface, reason:
#7 79.29 Java compiler disabled by user
#7 79.29 ===
#7 79.29 make[2]: Entering directory '/build/otp_src_26.2.5.12/lib/wx'
#7 79.29 === Entering application wx
#7 79.29 make[3]: Entering directory '/build/otp_src_26.2.5.12/lib/wx/src'
#7 79.30 make[3]: Nothing to be done for 'opt'.
#7 79.30 make[3]: Leaving directory '/build/otp_src_26.2.5.12/lib/wx/src'
#7 79.31 make[3]: Entering directory '/build/otp_src_26.2.5.12/lib/wx/c_src'
#7 79.31  CXX	x86_64-pc-linux-gnu/wxe_wrapper_1.o
#7 79.31  CXX	x86_64-pc-linux-gnu/wxe_wrapper_2.o
#7 79.31  CXX	x86_64-pc-linux-gnu/wxe_wrapper_3.o
#7 79.31  CXX	x86_64-pc-linux-gnu/wxe_wrapper_4.o
#7 79.32  CXX	x86_64-pc-linux-gnu/wxe_wrapper_5.o
#7 79.32  CXX	x86_64-pc-linux-gnu/wxe_wrapper_6.o
#7 79.32  CXX	x86_64-pc-linux-gnu/wxe_wrapper_7.o
#7 79.32  CXX	x86_64-pc-linux-gnu/wxe_wrapper_8.o
#7 79.32  CXX	x86_64-pc-linux-gnu/wxe_events.o
#7 79.32  CXX	x86_64-pc-linux-gnu/wxe_init.o
#7 79.32  CXX	x86_64-pc-linux-gnu/wxe_func_table.o
#7 79.33  CC	x86_64-pc-linux-gnu/wxe_nif.o
#7 79.45  CC	x86_64-pc-linux-gnu/wxe_ps_init.o
#7 79.50  CXX	x86_64-pc-linux-gnu/wxe_main.o
#7 80.23 gen/wxe_init.cpp:610:13: warning: wxSTC_INDICS_MASK is deprecated. Style byte indicators are no longer used.
#7 80.23   610 |     { WXE_ATOM_define, "wxSTC_INDICS_MASK", rt.make_int(wxSTC_INDICS_MASK) },
#7 80.23       |             ^~~~~~~~~~~~~~~~~~~~~~~~~~~~~~~~~~~~~~~~~~~~~~~~~~~~~~~~~~~~~~~~~           
#7 80.23 gen/wxe_init.cpp:611:13: warning: wxSTC_INDIC2_MASK is deprecated. Style byte indicators are no longer used.
#7 80.23   611 |     { WXE_ATOM_define, "wxSTC_INDIC2_MASK", rt.make_int(wxSTC_INDIC2_MASK) },
#7 80.23       |             ^~~~~~~~~~~~~~~~~~~~~~~~~~~~~~~~~~~~~~~~~~~~~~~~~~~~~~~~~~~~~~~~~           
#7 80.23 gen/wxe_init.cpp:612:13: warning: wxSTC_INDIC1_MASK is deprecated. Style byte indicators are no longer used.
#7 80.23   612 |     { WXE_ATOM_define, "wxSTC_INDIC1_MASK", rt.make_int(wxSTC_INDIC1_MASK) },
#7 80.23       |             ^~~~~~~~~~~~~~~~~~~~~~~~~~~~~~~~~~~~~~~~~~~~~~~~~~~~~~~~~~~~~~~~~           
#7 80.23 gen/wxe_init.cpp:613:13: warning: wxSTC_INDIC0_MASK is deprecated. Style byte indicators are no longer used.
#7 80.23   613 |     { WXE_ATOM_define, "wxSTC_INDIC0_MASK", rt.make_int(wxSTC_INDIC0_MASK) },
#7 80.23       |             ^~~~~~~~~~~~~~~~~~~~~~~~~~~~~~~~~~~~~~~~~~~~~~~~~~~~~~~~~~~~~~~~~           
#7 82.10  CXX	x86_64-pc-linux-gnu/wxe_impl.o
#7 82.92  CXX	x86_64-pc-linux-gnu/wxe_helpers.o
#7 86.27  CXX	x86_64-pc-linux-gnu/wxe_callback_impl.o
#7 86.61  CXX	x86_64-pc-linux-gnu/wxe_return.o
#7 86.69  CXX	x86_64-pc-linux-gnu/wxe_gl.o
#7 88.69  CXX	x86_64-pc-linux-gnu/gl_nif.o
#7 90.27  CXX	x86_64-pc-linux-gnu/glu_nif.o
#7 90.35  CC	x86_64-pc-linux-gnu/egl_impl.o
#7 95.07  LD	../priv/x86_64-pc-linux-gnu/wxe_driver.so
#7 98.10  CXX	../priv/x86_64-pc-linux-gnu/erl_gl.so
#7 98.18 make[3]: Leaving directory '/build/otp_src_26.2.5.12/lib/wx/c_src'
#7 98.18 make[3]: Entering directory '/build/otp_src_26.2.5.12/lib/wx/examples'
#7 98.19 make[4]: Entering directory '/build/otp_src_26.2.5.12/lib/wx/examples/demo'
#7 98.19 make[4]: Nothing to be done for 'opt'.
#7 98.19 make[4]: Leaving directory '/build/otp_src_26.2.5.12/lib/wx/examples/demo'
#7 98.19 make[4]: Entering directory '/build/otp_src_26.2.5.12/lib/wx/examples/sudoku'
#7 98.20 make[4]: Nothing to be done for 'opt'.
#7 98.20 make[4]: Leaving directory '/build/otp_src_26.2.5.12/lib/wx/examples/sudoku'
#7 98.20 make[4]: Entering directory '/build/otp_src_26.2.5.12/lib/wx/examples/simple'
#7 98.20 make[4]: Nothing to be done for 'opt'.
#7 98.20 make[4]: Leaving directory '/build/otp_src_26.2.5.12/lib/wx/examples/simple'
#7 98.20 make[3]: Leaving directory '/build/otp_src_26.2.5.12/lib/wx/examples'
#7 98.21 make[3]: Entering directory '/build/otp_src_26.2.5.12/lib/wx/doc/src'
#7 98.33 make[3]: Nothing to be done for 'opt'.
#7 98.33 make[3]: Leaving directory '/build/otp_src_26.2.5.12/lib/wx/doc/src'
#7 98.33 === Leaving application wx
#7 98.33 make[2]: Leaving directory '/build/otp_src_26.2.5.12/lib/wx'
#7 98.34 make[2]: Entering directory '/build/otp_src_26.2.5.12/lib/debugger'
#7 98.34 === Entering application debugger
#7 98.34 make[3]: Entering directory '/build/otp_src_26.2.5.12/lib/debugger/src'
#7 98.35 make[3]: Nothing to be done for 'opt'.
#7 98.35 make[3]: Leaving directory '/build/otp_src_26.2.5.12/lib/debugger/src'
#7 98.35 make[3]: Entering directory '/build/otp_src_26.2.5.12/lib/debugger/priv'
#7 98.35 make[3]: Nothing to be done for 'opt'.
#7 98.35 make[3]: Leaving directory '/build/otp_src_26.2.5.12/lib/debugger/priv'
#7 98.35 make[3]: Entering directory '/build/otp_src_26.2.5.12/lib/debugger/doc/src'
#7 98.37 make[3]: Nothing to be done for 'opt'.
#7 98.37 make[3]: Leaving directory '/build/otp_src_26.2.5.12/lib/debugger/doc/src'
#7 98.37 === Leaving application debugger
#7 98.37 make[2]: Leaving directory '/build/otp_src_26.2.5.12/lib/debugger'
#7 98.37 make[2]: Entering directory '/build/otp_src_26.2.5.12/lib/reltool'
#7 98.37 === Entering application reltool
#7 98.37 make[3]: Entering directory '/build/otp_src_26.2.5.12/lib/reltool/src'
#7 98.38 make[3]: Nothing to be done for 'opt'.
#7 98.38 make[3]: Leaving directory '/build/otp_src_26.2.5.12/lib/reltool/src'
#7 98.38 make[3]: Entering directory '/build/otp_src_26.2.5.12/lib/reltool/examples'
#7 98.38 make[3]: Nothing to be done for 'opt'.
#7 98.38 make[3]: Leaving directory '/build/otp_src_26.2.5.12/lib/reltool/examples'
#7 98.39 make[3]: Entering directory '/build/otp_src_26.2.5.12/lib/reltool/doc/src'
#7 98.40 make[3]: Nothing to be done for 'opt'.
#7 98.40 make[3]: Leaving directory '/build/otp_src_26.2.5.12/lib/reltool/doc/src'
#7 98.40 === Leaving application reltool
#7 98.40 make[2]: Leaving directory '/build/otp_src_26.2.5.12/lib/reltool'
#7 98.40 make[2]: Entering directory '/build/otp_src_26.2.5.12/lib/mnesia'
#7 98.40 === Entering application mnesia
#7 98.40 make[3]: Entering directory '/build/otp_src_26.2.5.12/lib/mnesia/src'
#7 98.41 make[3]: Nothing to be done for 'opt'.
#7 98.41 make[3]: Leaving directory '/build/otp_src_26.2.5.12/lib/mnesia/src'
#7 98.41 make[3]: Entering directory '/build/otp_src_26.2.5.12/lib/mnesia/include'
#7 98.42 make[3]: Nothing to be done for 'opt'.
#7 98.42 make[3]: Leaving directory '/build/otp_src_26.2.5.12/lib/mnesia/include'
#7 98.42 make[3]: Entering directory '/build/otp_src_26.2.5.12/lib/mnesia/examples'
#7 98.42 make[3]: Nothing to be done for 'opt'.
#7 98.42 make[3]: Leaving directory '/build/otp_src_26.2.5.12/lib/mnesia/examples'
#7 98.42 make[3]: Entering directory '/build/otp_src_26.2.5.12/lib/mnesia/doc/src'
#7 98.43 make[3]: Nothing to be done for 'opt'.
#7 98.43 make[3]: Leaving directory '/build/otp_src_26.2.5.12/lib/mnesia/doc/src'
#7 98.43 === Leaving application mnesia
#7 98.43 make[2]: Leaving directory '/build/otp_src_26.2.5.12/lib/mnesia'
#7 98.44 make[2]: Entering directory '/build/otp_src_26.2.5.12/lib/crypto'
#7 98.44 === Entering application crypto
#7 98.44 make[3]: Entering directory '/build/otp_src_26.2.5.12/lib/crypto/src'
#7 98.45 make[3]: Nothing to be done for 'opt'.
#7 98.45 make[3]: Leaving directory '/build/otp_src_26.2.5.12/lib/crypto/src'
#7 98.45 make[3]: Entering directory '/build/otp_src_26.2.5.12/lib/crypto/c_src'
#7 98.45  MAKE	opt
#7 98.45 make[4]: Entering directory '/build/otp_src_26.2.5.12/lib/crypto/c_src'
#7 98.46  CC	../priv/obj/x86_64-pc-linux-gnu/crypto.o
#7 98.46  CC	../priv/obj/x86_64-pc-linux-gnu/aead.o
#7 98.46  CC	../priv/obj/x86_64-pc-linux-gnu/aes.o
#7 98.46  CC	../priv/obj/x86_64-pc-linux-gnu/algorithms.o
#7 98.46  CC	../priv/obj/x86_64-pc-linux-gnu/api_ng.o
#7 98.47  CC	../priv/obj/x86_64-pc-linux-gnu/atoms.o
#7 98.47  CC	../priv/obj/x86_64-pc-linux-gnu/bn.o
#7 98.47  CC	../priv/obj/x86_64-pc-linux-gnu/cipher.o
#7 98.47  CC	../priv/obj/x86_64-pc-linux-gnu/cmac.o
#7 98.47  CC	../priv/obj/x86_64-pc-linux-gnu/common.o
#7 98.47  CC	../priv/obj/x86_64-pc-linux-gnu/dh.o
#7 98.47  CC	../priv/obj/x86_64-pc-linux-gnu/digest.o
#7 98.59  CC	../priv/obj/x86_64-pc-linux-gnu/dss.o
#7 98.59  CC	../priv/obj/x86_64-pc-linux-gnu/ec.o
#7 98.60  CC	../priv/obj/x86_64-pc-linux-gnu/ecdh.o
#7 98.62  CC	../priv/obj/x86_64-pc-linux-gnu/eddsa.o
#7 98.63  CC	../priv/obj/x86_64-pc-linux-gnu/engine.o
#7 98.66  CC	../priv/obj/x86_64-pc-linux-gnu/evp.o
#7 98.66  CC	../priv/obj/x86_64-pc-linux-gnu/fips.o
#7 98.67  CC	../priv/obj/x86_64-pc-linux-gnu/hash.o
#7 98.68  CC	../priv/obj/x86_64-pc-linux-gnu/info.o
#7 98.68  CC	../priv/obj/x86_64-pc-linux-gnu/hmac.o
#7 98.75  CC	../priv/obj/x86_64-pc-linux-gnu/mac.o
#7 98.76  CC	../priv/obj/x86_64-pc-linux-gnu/math.o
#7 98.76  CC	../priv/obj/x86_64-pc-linux-gnu/pkey.o
#7 98.77  CC	../priv/obj/x86_64-pc-linux-gnu/rand.o
#7 98.79  CC	../priv/obj/x86_64-pc-linux-gnu/rsa.o
#7 98.80  CC	../priv/obj/x86_64-pc-linux-gnu/srp.o
#7 98.83  CC	../priv/obj/x86_64-pc-linux-gnu/hash_equals.o
#7 98.85  CC	../priv/obj/x86_64-pc-linux-gnu/pbkdf2_hmac.o
#7 98.87  CC	../priv/obj/x86_64-pc-linux-gnu/crypto_callback.o
#7 98.89  CC	../priv/obj/x86_64-pc-linux-gnu/otp_test_engine.o
#7 98.93 /usr/bin/install -c -d ../priv/lib/x86_64-pc-linux-gnu
#7 98.93 gcc -fsanitize=address -shared -Wl,-Bsymbolic -o ../priv/lib/x86_64-pc-linux-gnu/crypto_callback.so ../priv/obj/x86_64-pc-linux-gnu/crypto_callback.o 
#7 99.03  LD	../priv/lib/x86_64-pc-linux-gnu/otp_test_engine.so
#7 99.11  LD	../priv/lib/x86_64-pc-linux-gnu/crypto.so
#7 99.15 make[4]: Leaving directory '/build/otp_src_26.2.5.12/lib/crypto/c_src'
#7 99.15 make[3]: Leaving directory '/build/otp_src_26.2.5.12/lib/crypto/c_src'
#7 99.15 make[3]: Entering directory '/build/otp_src_26.2.5.12/lib/crypto/doc/src'
#7 99.17 make[3]: Nothing to be done for 'opt'.
#7 99.17 make[3]: Leaving directory '/build/otp_src_26.2.5.12/lib/crypto/doc/src'
#7 99.17 === Leaving application crypto
#7 99.17 make[2]: Leaving directory '/build/otp_src_26.2.5.12/lib/crypto'
#7 99.17 make[2]: Entering directory '/build/otp_src_26.2.5.12/lib/os_mon'
#7 99.17 === Entering application os_mon
#7 99.17 make[3]: Entering directory '/build/otp_src_26.2.5.12/lib/os_mon/src'
#7 99.18 make[3]: Nothing to be done for 'opt'.
#7 99.18 make[3]: Leaving directory '/build/otp_src_26.2.5.12/lib/os_mon/src'
#7 99.18 make[3]: Entering directory '/build/otp_src_26.2.5.12/lib/os_mon/c_src'
#7 99.18  MAKE	opt
#7 99.18 make[4]: Entering directory '/build/otp_src_26.2.5.12/lib/os_mon/c_src'
#7 99.19  CC	../priv/obj/x86_64-pc-linux-gnu/memsup.o
#7 99.19  CC	../priv/obj/x86_64-pc-linux-gnu/cpu_sup.o
#7 99.26  LD	../priv/bin/x86_64-pc-linux-gnu/memsup
#7 99.27  LD	../priv/bin/x86_64-pc-linux-gnu/cpu_sup
#7 99.28 make[4]: Leaving directory '/build/otp_src_26.2.5.12/lib/os_mon/c_src'
#7 99.28 make[3]: Leaving directory '/build/otp_src_26.2.5.12/lib/os_mon/c_src'
#7 99.29 make[3]: Entering directory '/build/otp_src_26.2.5.12/lib/os_mon/doc/src'
#7 99.30 make[3]: Nothing to be done for 'opt'.
#7 99.30 make[3]: Leaving directory '/build/otp_src_26.2.5.12/lib/os_mon/doc/src'
#7 99.30 === Leaving application os_mon
#7 99.30 make[2]: Leaving directory '/build/otp_src_26.2.5.12/lib/os_mon'
#7 99.30 make[2]: Entering directory '/build/otp_src_26.2.5.12/lib/syntax_tools'
#7 99.30 === Entering application syntax_tools
#7 99.30 make[3]: Entering directory '/build/otp_src_26.2.5.12/lib/syntax_tools/src'
#7 99.31 make[3]: Nothing to be done for 'opt'.
#7 99.31 make[3]: Leaving directory '/build/otp_src_26.2.5.12/lib/syntax_tools/src'
#7 99.31 make[3]: Entering directory '/build/otp_src_26.2.5.12/lib/syntax_tools/examples'
#7 99.31 make[3]: Nothing to be done for 'opt'.
#7 99.31 make[3]: Leaving directory '/build/otp_src_26.2.5.12/lib/syntax_tools/examples'
#7 99.32 make[3]: Entering directory '/build/otp_src_26.2.5.12/lib/syntax_tools/doc/src'
#7 99.33 make[3]: Nothing to be done for 'opt'.
#7 99.33 make[3]: Leaving directory '/build/otp_src_26.2.5.12/lib/syntax_tools/doc/src'
#7 99.33 === Leaving application syntax_tools
#7 99.33 make[2]: Leaving directory '/build/otp_src_26.2.5.12/lib/syntax_tools'
#7 99.33 make[2]: Entering directory '/build/otp_src_26.2.5.12/lib/public_key'
#7 99.33 === Entering application public_key
#7 99.33 make[3]: Entering directory '/build/otp_src_26.2.5.12/lib/public_key/asn1'
#7 99.34 make[3]: Nothing to be done for 'opt'.
#7 99.34 make[3]: Leaving directory '/build/otp_src_26.2.5.12/lib/public_key/asn1'
#7 99.34 make[3]: Entering directory '/build/otp_src_26.2.5.12/lib/public_key/src'
#7 99.34 make[3]: Nothing to be done for 'opt'.
#7 99.34 make[3]: Leaving directory '/build/otp_src_26.2.5.12/lib/public_key/src'
#7 99.35 make[3]: Entering directory '/build/otp_src_26.2.5.12/lib/public_key/c_src'
#7 99.35 make[3]: Nothing to be done for 'opt'.
#7 99.35 make[3]: Leaving directory '/build/otp_src_26.2.5.12/lib/public_key/c_src'
#7 99.35 make[3]: Entering directory '/build/otp_src_26.2.5.12/lib/public_key/doc/src'
#7 99.36 make[3]: Nothing to be done for 'opt'.
#7 99.36 make[3]: Leaving directory '/build/otp_src_26.2.5.12/lib/public_key/doc/src'
#7 99.36 === Leaving application public_key
#7 99.36 make[2]: Leaving directory '/build/otp_src_26.2.5.12/lib/public_key'
#7 99.36 make[2]: Entering directory '/build/otp_src_26.2.5.12/lib/ssl'
#7 99.37 === Entering application ssl
#7 99.37 make[3]: Entering directory '/build/otp_src_26.2.5.12/lib/ssl/src'
#7 99.38 make[3]: Nothing to be done for 'opt'.
#7 99.38 make[3]: Leaving directory '/build/otp_src_26.2.5.12/lib/ssl/src'
#7 99.38 make[3]: Entering directory '/build/otp_src_26.2.5.12/lib/ssl/doc/src'
#7 99.39 make[3]: Nothing to be done for 'opt'.
#7 99.39 make[3]: Leaving directory '/build/otp_src_26.2.5.12/lib/ssl/doc/src'
#7 99.39 make[3]: Entering directory '/build/otp_src_26.2.5.12/lib/ssl/examples/certs'
#7 99.40 make[3]: Nothing to be done for 'opt'.
#7 99.40 make[3]: Leaving directory '/build/otp_src_26.2.5.12/lib/ssl/examples/certs'
#7 99.40 make[3]: Entering directory '/build/otp_src_26.2.5.12/lib/ssl/examples/src'
#7 99.40 make[3]: Nothing to be done for 'opt'.
#7 99.40 make[3]: Leaving directory '/build/otp_src_26.2.5.12/lib/ssl/examples/src'
#7 99.40 === Leaving application ssl
#7 99.40 make[2]: Leaving directory '/build/otp_src_26.2.5.12/lib/ssl'
#7 99.40 make[2]: Entering directory '/build/otp_src_26.2.5.12/lib/observer'
#7 99.41 === Entering application observer
#7 99.41 make[3]: Entering directory '/build/otp_src_26.2.5.12/lib/observer/src'
#7 99.42 make[3]: Nothing to be done for 'opt'.
#7 99.42 make[3]: Leaving directory '/build/otp_src_26.2.5.12/lib/observer/src'
#7 99.42 make[3]: Entering directory '/build/otp_src_26.2.5.12/lib/observer/doc/src'
#7 99.43 make[3]: Nothing to be done for 'opt'.
#7 99.43 make[3]: Leaving directory '/build/otp_src_26.2.5.12/lib/observer/doc/src'
#7 99.43 === Leaving application observer
#7 99.43 make[2]: Leaving directory '/build/otp_src_26.2.5.12/lib/observer'
#7 99.43 make[2]: Entering directory '/build/otp_src_26.2.5.12/lib/diameter'
#7 99.44 === Entering application diameter
#7 99.44 make[3]: Entering directory '/build/otp_src_26.2.5.12/lib/diameter/src'
#7 99.45 make[3]: Nothing to be done for 'opt'.
#7 99.45 make[3]: Leaving directory '/build/otp_src_26.2.5.12/lib/diameter/src'
#7 99.45 make[3]: Entering directory '/build/otp_src_26.2.5.12/lib/diameter/doc/src'
#7 99.46 make[3]: Nothing to be done for 'opt'.
#7 99.46 make[3]: Leaving directory '/build/otp_src_26.2.5.12/lib/diameter/doc/src'
#7 99.46 make[3]: Entering directory '/build/otp_src_26.2.5.12/lib/diameter/doc/src'
#7 99.47 make[3]: Nothing to be done for 'opt'.
#7 99.47 make[3]: Leaving directory '/build/otp_src_26.2.5.12/lib/diameter/doc/src'
#7 99.47 === Leaving application diameter
#7 99.47 make[2]: Leaving directory '/build/otp_src_26.2.5.12/lib/diameter'
#7 99.47 make[2]: Entering directory '/build/otp_src_26.2.5.12/lib/et'
#7 99.48 === Entering application et
#7 99.48 make[3]: Entering directory '/build/otp_src_26.2.5.12/lib/et/src'
#7 99.49 make[3]: Nothing to be done for 'opt'.
#7 99.49 make[3]: Leaving directory '/build/otp_src_26.2.5.12/lib/et/src'
#7 99.49 make[3]: Entering directory '/build/otp_src_26.2.5.12/lib/et/examples'
#7 99.49 make[3]: Nothing to be done for 'opt'.
#7 99.49 make[3]: Leaving directory '/build/otp_src_26.2.5.12/lib/et/examples'
#7 99.49 make[3]: Entering directory '/build/otp_src_26.2.5.12/lib/et/doc/src'
#7 99.50 make[3]: Nothing to be done for 'opt'.
#7 99.50 make[3]: Leaving directory '/build/otp_src_26.2.5.12/lib/et/doc/src'
#7 99.50 === Leaving application et
#7 99.50 make[2]: Leaving directory '/build/otp_src_26.2.5.12/lib/et'
#7 99.51 make[2]: Entering directory '/build/otp_src_26.2.5.12/lib/megaco'
#7 99.51 === Entering application megaco
#7 99.51 make[3]: Entering directory '/build/otp_src_26.2.5.12/lib/megaco/src'
#7 99.52 make[4]: Entering directory '/build/otp_src_26.2.5.12/lib/megaco/src/app'
#7 99.52 make[4]: Nothing to be done for 'opt'.
#7 99.52 make[4]: Leaving directory '/build/otp_src_26.2.5.12/lib/megaco/src/app'
#7 99.52 make[4]: Entering directory '/build/otp_src_26.2.5.12/lib/megaco/src/engine'
#7 99.53 make[4]: Nothing to be done for 'opt'.
#7 99.53 make[4]: Leaving directory '/build/otp_src_26.2.5.12/lib/megaco/src/engine'
#7 99.53 make[4]: Entering directory '/build/otp_src_26.2.5.12/lib/megaco/src/text'
#7 99.53 make[4]: Nothing to be done for 'opt'.
#7 99.53 make[4]: Leaving directory '/build/otp_src_26.2.5.12/lib/megaco/src/text'
#7 99.54 make[4]: Entering directory '/build/otp_src_26.2.5.12/lib/megaco/src/flex'
#7 99.54  MAKE	opt
#7 99.54 make[5]: Entering directory '/build/otp_src_26.2.5.12/lib/megaco/src/flex'
#7 99.55  ERLC	../../ebin/megaco_flex_scanner.beam
#7 99.55  ERLC	../../ebin/megaco_flex_scanner_handler.beam
#7 100.2 make[5]: Leaving directory '/build/otp_src_26.2.5.12/lib/megaco/src/flex'
#7 100.2 make[4]: Leaving directory '/build/otp_src_26.2.5.12/lib/megaco/src/flex'
#7 100.2 make[4]: Entering directory '/build/otp_src_26.2.5.12/lib/megaco/src/binary'
#7 100.2  GEN	prebuild.skip
#7 100.2 make[4]: Leaving directory '/build/otp_src_26.2.5.12/lib/megaco/src/binary'
#7 100.2 make[4]: Entering directory '/build/otp_src_26.2.5.12/lib/megaco/src/tcp'
#7 100.2 make[4]: Nothing to be done for 'opt'.
#7 100.2 make[4]: Leaving directory '/build/otp_src_26.2.5.12/lib/megaco/src/tcp'
#7 100.2 make[4]: Entering directory '/build/otp_src_26.2.5.12/lib/megaco/src/udp'
#7 100.2 make[4]: Nothing to be done for 'opt'.
#7 100.2 make[4]: Leaving directory '/build/otp_src_26.2.5.12/lib/megaco/src/udp'
#7 100.2 make[3]: Leaving directory '/build/otp_src_26.2.5.12/lib/megaco/src'
#7 100.2 make[3]: Entering directory '/build/otp_src_26.2.5.12/lib/megaco/examples/simple'
#7 100.2 make[3]: Nothing to be done for 'opt'.
#7 100.2 make[3]: Leaving directory '/build/otp_src_26.2.5.12/lib/megaco/examples/simple'
#7 100.2 make[3]: Entering directory '/build/otp_src_26.2.5.12/lib/megaco/examples/meas'
#7 100.2 make[3]: Nothing to be done for 'opt'.
#7 100.2 make[3]: Leaving directory '/build/otp_src_26.2.5.12/lib/megaco/examples/meas'
#7 100.2 make[3]: Entering directory '/build/otp_src_26.2.5.12/lib/megaco/doc/src'
#7 100.2 make[3]: Nothing to be done for 'opt'.
#7 100.2 make[3]: Leaving directory '/build/otp_src_26.2.5.12/lib/megaco/doc/src'
#7 100.2 === Leaving application megaco
#7 100.2 make[2]: Leaving directory '/build/otp_src_26.2.5.12/lib/megaco'
#7 100.2 make[2]: Entering directory '/build/otp_src_26.2.5.12/lib/eunit'
#7 100.2 === Entering application eunit
#7 100.2 make[3]: Entering directory '/build/otp_src_26.2.5.12/lib/eunit/src'
#7 100.2 make[3]: Nothing to be done for 'opt'.
#7 100.2 make[3]: Leaving directory '/build/otp_src_26.2.5.12/lib/eunit/src'
#7 100.2 make[3]: Entering directory '/build/otp_src_26.2.5.12/lib/eunit/examples'
#7 100.2 make[3]: Nothing to be done for 'opt'.
#7 100.2 make[3]: Leaving directory '/build/otp_src_26.2.5.12/lib/eunit/examples'
#7 100.2 make[3]: Entering directory '/build/otp_src_26.2.5.12/lib/eunit/doc/src'
#7 100.2 make[3]: Nothing to be done for 'opt'.
#7 100.2 make[3]: Leaving directory '/build/otp_src_26.2.5.12/lib/eunit/doc/src'
#7 100.3 === Leaving application eunit
#7 100.3 make[2]: Leaving directory '/build/otp_src_26.2.5.12/lib/eunit'
#7 100.3 make[2]: Entering directory '/build/otp_src_26.2.5.12/lib/ssh'
#7 100.3 === Entering application ssh
#7 100.3 make[3]: Entering directory '/build/otp_src_26.2.5.12/lib/ssh/src'
#7 100.3 SED x86_64-pc-linux-gnu /build/otp_src_26.2.5.12
#7 100.3  GEN	/build/otp_src_26.2.5.12/lib/ssh/src/deps/ssh.d
#7 101.2 make[3]: Nothing to be done for 'opt'.
#7 101.2 make[3]: Leaving directory '/build/otp_src_26.2.5.12/lib/ssh/src'
#7 101.2 make[3]: Entering directory '/build/otp_src_26.2.5.12/lib/ssh/doc/src'
#7 101.2 make[3]: Nothing to be done for 'opt'.
#7 101.2 make[3]: Leaving directory '/build/otp_src_26.2.5.12/lib/ssh/doc/src'
#7 101.2 === Leaving application ssh
#7 101.2 make[2]: Leaving directory '/build/otp_src_26.2.5.12/lib/ssh'
#7 101.2 make[2]: Entering directory '/build/otp_src_26.2.5.12/lib/eldap'
#7 101.2 === Entering application eldap
#7 101.2 make[3]: Entering directory '/build/otp_src_26.2.5.12/lib/eldap/src'
#7 101.2 make[3]: Nothing to be done for 'opt'.
#7 101.2 make[3]: Leaving directory '/build/otp_src_26.2.5.12/lib/eldap/src'
#7 101.2 make[3]: Entering directory '/build/otp_src_26.2.5.12/lib/eldap/doc/src'
#7 101.2 make[3]: Nothing to be done for 'opt'.
#7 101.2 make[3]: Leaving directory '/build/otp_src_26.2.5.12/lib/eldap/doc/src'
#7 101.2 === Leaving application eldap
#7 101.2 make[2]: Leaving directory '/build/otp_src_26.2.5.12/lib/eldap'
#7 101.2 make[2]: Entering directory '/build/otp_src_26.2.5.12/lib/dialyzer'
#7 101.2 === Entering application dialyzer
#7 101.2 make[3]: Entering directory '/build/otp_src_26.2.5.12/lib/dialyzer/src'
#7 101.2 make[3]: Nothing to be done for 'opt'.
#7 101.2 make[3]: Leaving directory '/build/otp_src_26.2.5.12/lib/dialyzer/src'
#7 101.2 make[3]: Entering directory '/build/otp_src_26.2.5.12/lib/dialyzer/doc/src'
#7 101.2 make[3]: Nothing to be done for 'opt'.
#7 101.2 make[3]: Leaving directory '/build/otp_src_26.2.5.12/lib/dialyzer/doc/src'
#7 101.2 === Leaving application dialyzer
#7 101.2 make[2]: Leaving directory '/build/otp_src_26.2.5.12/lib/dialyzer'
#7 101.2 make[2]: Entering directory '/build/otp_src_26.2.5.12/lib/ftp'
#7 101.3 === Entering application ftp
#7 101.3 make[3]: Entering directory '/build/otp_src_26.2.5.12/lib/ftp/src'
#7 101.3 make[3]: Nothing to be done for 'opt'.
#7 101.3 make[3]: Leaving directory '/build/otp_src_26.2.5.12/lib/ftp/src'
#7 101.3 make[3]: Entering directory '/build/otp_src_26.2.5.12/lib/ftp/doc/src'
#7 101.3 make[3]: Nothing to be done for 'opt'.
#7 101.3 make[3]: Leaving directory '/build/otp_src_26.2.5.12/lib/ftp/doc/src'
#7 101.3 === Leaving application ftp
#7 101.3 make[2]: Leaving directory '/build/otp_src_26.2.5.12/lib/ftp'
#7 101.3 make[2]: Entering directory '/build/otp_src_26.2.5.12/lib/tftp'
#7 101.3 === Entering application tftp
#7 101.3 make[3]: Entering directory '/build/otp_src_26.2.5.12/lib/tftp/src'
#7 101.3 make[3]: Nothing to be done for 'opt'.
#7 101.3 make[3]: Leaving directory '/build/otp_src_26.2.5.12/lib/tftp/src'
#7 101.3 make[3]: Entering directory '/build/otp_src_26.2.5.12/lib/tftp/doc/src'
#7 101.3 make[3]: Nothing to be done for 'opt'.
#7 101.3 make[3]: Leaving directory '/build/otp_src_26.2.5.12/lib/tftp/doc/src'
#7 101.3 === Leaving application tftp
#7 101.3 make[2]: Leaving directory '/build/otp_src_26.2.5.12/lib/tftp'
#7 101.3 make[1]: Leaving directory '/build/otp_src_26.2.5.12/lib'
#7 101.3 make[1]: Entering directory '/build/otp_src_26.2.5.12/erts'
#7 101.3 make[2]: Entering directory '/build/otp_src_26.2.5.12/erts/start_scripts'
#7 101.3  GEN	/build/otp_src_26.2.5.12/erts/start_scripts/start_clean.rel
#7 101.3  GEN	/build/otp_src_26.2.5.12/erts/start_scripts/start_sasl.rel
#7 101.3  GEN	/build/otp_src_26.2.5.12/erts/start_scripts/start_all_example.rel
#7 101.3  GEN	/build/otp_src_26.2.5.12/erts/start_scripts/no_dot_erlang.rel
#7 101.3  GEN	/build/otp_src_26.2.5.12/erts/start_scripts/start_clean.script
#7 101.7  GEN	/build/otp_src_26.2.5.12/erts/start_scripts/start_sasl.boot
#7 102.0  GEN	/build/otp_src_26.2.5.12/erts/start_scripts/no_dot_erlang.boot
#7 102.4  GEN	RELEASES.src
#7 102.8 make[2]: Leaving directory '/build/otp_src_26.2.5.12/erts/start_scripts'
#7 102.8 make[2]: Entering directory '/build/otp_src_26.2.5.12/erts/etc/unix'
#7 102.8 make[2]: Nothing to be done for 'opt'.
#7 102.8 make[2]: Leaving directory '/build/otp_src_26.2.5.12/erts/etc/unix'
#7 102.8 make[2]: Entering directory '/build/otp_src_26.2.5.12/erts/start_scripts'
#7 102.8  GEN	/build/otp_src_26.2.5.12/bin/start.script
#7 103.2  GEN	/build/otp_src_26.2.5.12/bin/start_sasl.script
#7 103.5  GEN	/build/otp_src_26.2.5.12/bin/start_clean.script
#7 103.9  GEN	/build/otp_src_26.2.5.12/bin/no_dot_erlang.script
#7 104.2 make[2]: Leaving directory '/build/otp_src_26.2.5.12/erts/start_scripts'
#7 104.2 make[1]: Leaving directory '/build/otp_src_26.2.5.12/erts'
#7 104.2  MAKE	erl_interface
#7 104.2 make[1]: Entering directory '/build/otp_src_26.2.5.12/lib/erl_interface'
#7 104.3 === Entering application erl_interface
#7 104.3 make[2]: Entering directory '/build/otp_src_26.2.5.12/lib/erl_interface/src'
#7 104.3  MAKE	opt
#7 104.3 make[3]: Entering directory '/build/otp_src_26.2.5.12/lib/erl_interface/src'
#7 104.3 make[3]: Nothing to be done for 'opt'.
#7 104.3 make[3]: Leaving directory '/build/otp_src_26.2.5.12/lib/erl_interface/src'
#7 104.3 make[2]: Leaving directory '/build/otp_src_26.2.5.12/lib/erl_interface/src'
#7 104.3 make[2]: Entering directory '/build/otp_src_26.2.5.12/lib/erl_interface/doc/src'
#7 104.3 make[2]: Nothing to be done for 'opt'.
#7 104.3 make[2]: Leaving directory '/build/otp_src_26.2.5.12/lib/erl_interface/doc/src'
#7 104.3 === Leaving application erl_interface
#7 104.3 make[1]: Leaving directory '/build/otp_src_26.2.5.12/lib/erl_interface'
#7 104.3  MAKE	emulator
#7 104.3 make[1]: Entering directory '/build/otp_src_26.2.5.12/erts'
#7 104.3 make[2]: Entering directory '/build/otp_src_26.2.5.12/erts'
#7 104.3 make[3]: Entering directory '/build/otp_src_26.2.5.12/erts/emulator'
#7 104.3  MAKE	opt
#7 104.3 make[4]: Entering directory '/build/otp_src_26.2.5.12/erts/emulator'
#7 104.3 make[4]: Nothing to be done for 'all'.
#7 104.3 make[4]: Leaving directory '/build/otp_src_26.2.5.12/erts/emulator'
#7 104.3 make[3]: Leaving directory '/build/otp_src_26.2.5.12/erts/emulator'
#7 104.3 make[3]: Entering directory '/build/otp_src_26.2.5.12/erts/etc'
#7 104.3 make[4]: Entering directory '/build/otp_src_26.2.5.12/erts/etc/common'
#7 104.4  MAKE	opt
#7 104.4 make[5]: Entering directory '/build/otp_src_26.2.5.12/erts/etc/common'
#7 104.4 make[5]: Nothing to be done for 'etc'.
#7 104.4 make[5]: Leaving directory '/build/otp_src_26.2.5.12/erts/etc/common'
#7 104.4 make[4]: Leaving directory '/build/otp_src_26.2.5.12/erts/etc/common'
#7 104.4 make[4]: Entering directory '/build/otp_src_26.2.5.12/erts/etc/unix'
#7 104.4 make[4]: Nothing to be done for 'opt'.
#7 104.4 make[4]: Leaving directory '/build/otp_src_26.2.5.12/erts/etc/unix'
#7 104.4 make[3]: Leaving directory '/build/otp_src_26.2.5.12/erts/etc'
#7 104.4 make[3]: Entering directory '/build/otp_src_26.2.5.12/erts/epmd'
#7 104.4 make[4]: Entering directory '/build/otp_src_26.2.5.12/erts/epmd/src'
#7 104.4  MAKE	opt
#7 104.4 make[5]: Entering directory '/build/otp_src_26.2.5.12/erts/epmd/src'
#7 104.4 make[5]: Nothing to be done for 'all'.
#7 104.4 make[5]: Leaving directory '/build/otp_src_26.2.5.12/erts/epmd/src'
#7 104.4 make[4]: Leaving directory '/build/otp_src_26.2.5.12/erts/epmd/src'
#7 104.4 make[3]: Leaving directory '/build/otp_src_26.2.5.12/erts/epmd'
#7 104.4 make[3]: Entering directory '/build/otp_src_26.2.5.12/erts/lib_src'
#7 104.4  MAKE	opt
#7 104.4 make[4]: Entering directory '/build/otp_src_26.2.5.12/erts/lib_src'
#7 104.4 make[4]: Nothing to be done for 'all'.
#7 104.4 make[4]: Leaving directory '/build/otp_src_26.2.5.12/erts/lib_src'
#7 104.4 make[3]: Leaving directory '/build/otp_src_26.2.5.12/erts/lib_src'
#7 104.4 (cd preloaded/src && make ../ebin/erts.app)
#7 104.4 make[3]: Entering directory '/build/otp_src_26.2.5.12/erts/preloaded/src'
#7 104.4 make[3]: '../ebin/erts.app' is up to date.
#7 104.4 make[3]: Leaving directory '/build/otp_src_26.2.5.12/erts/preloaded/src'
#7 104.4 make[2]: Leaving directory '/build/otp_src_26.2.5.12/erts'
#7 104.4 make[1]: Leaving directory '/build/otp_src_26.2.5.12/erts'
#7 104.4  MAKE	secondary_bootstrap
#7 104.4 make[1]: Entering directory '/build/otp_src_26.2.5.12/lib'
#7 104.4 make[2]: Entering directory '/build/otp_src_26.2.5.12/lib/parsetools'
#7 104.4 === Entering application parsetools
#7 104.4 make[3]: Entering directory '/build/otp_src_26.2.5.12/lib/parsetools/src'
#7 104.4 make[3]: Nothing to be done for 'opt'.
#7 104.4 make[3]: Leaving directory '/build/otp_src_26.2.5.12/lib/parsetools/src'
#7 104.4 make[3]: Entering directory '/build/otp_src_26.2.5.12/lib/parsetools/doc/src'
#7 104.4 make[3]: Nothing to be done for 'opt'.
#7 104.4 make[3]: Leaving directory '/build/otp_src_26.2.5.12/lib/parsetools/doc/src'
#7 104.4 === Leaving application parsetools
#7 104.4 make[2]: Leaving directory '/build/otp_src_26.2.5.12/lib/parsetools'
#7 104.4 make[2]: Entering directory '/build/otp_src_26.2.5.12/lib/sasl'
#7 104.4 === Entering application sasl
#7 104.4 make[3]: Entering directory '/build/otp_src_26.2.5.12/lib/sasl/src'
#7 104.4 make[3]: Nothing to be done for 'opt'.
#7 104.4 make[3]: Leaving directory '/build/otp_src_26.2.5.12/lib/sasl/src'
#7 104.4 make[3]: Entering directory '/build/otp_src_26.2.5.12/lib/sasl/doc/src'
#7 104.5 make[3]: Nothing to be done for 'opt'.
#7 104.5 make[3]: Leaving directory '/build/otp_src_26.2.5.12/lib/sasl/doc/src'
#7 104.5 make[3]: Entering directory '/build/otp_src_26.2.5.12/lib/sasl/examples/src'
#7 104.5 make[3]: Nothing to be done for 'opt'.
#7 104.5 make[3]: Leaving directory '/build/otp_src_26.2.5.12/lib/sasl/examples/src'
#7 104.5 === Leaving application sasl
#7 104.5 make[2]: Leaving directory '/build/otp_src_26.2.5.12/lib/sasl'
#7 104.5 make[2]: Entering directory '/build/otp_src_26.2.5.12/lib/asn1/src'
#7 104.5 make[2]: Nothing to be done for 'opt'.
#7 104.5 make[2]: Leaving directory '/build/otp_src_26.2.5.12/lib/asn1/src'
#7 104.5 make[1]: Leaving directory '/build/otp_src_26.2.5.12/lib'
#7 104.5  MAKE	tertiary_bootstrap
#7 104.5 make[1]: Entering directory '/build/otp_src_26.2.5.12/lib'
#7 104.6 make[2]: Entering directory '/build/otp_src_26.2.5.12/lib/parsetools'
#7 104.6 === Entering application parsetools
#7 104.6 make[3]: Entering directory '/build/otp_src_26.2.5.12/lib/parsetools/src'
#7 104.6 make[3]: Nothing to be done for 'opt'.
#7 104.6 make[3]: Leaving directory '/build/otp_src_26.2.5.12/lib/parsetools/src'
#7 104.6 make[3]: Entering directory '/build/otp_src_26.2.5.12/lib/parsetools/doc/src'
#7 104.6 make[3]: Nothing to be done for 'opt'.
#7 104.6 make[3]: Leaving directory '/build/otp_src_26.2.5.12/lib/parsetools/doc/src'
#7 104.6 === Leaving application parsetools
#7 104.6 make[2]: Leaving directory '/build/otp_src_26.2.5.12/lib/parsetools'
#7 104.6 make[2]: Entering directory '/build/otp_src_26.2.5.12/lib/wx'
#7 104.6 === Entering application wx
#7 104.6 make[3]: Entering directory '/build/otp_src_26.2.5.12/lib/wx/src'
#7 104.6 make[3]: Nothing to be done for 'opt'.
#7 104.6 make[3]: Leaving directory '/build/otp_src_26.2.5.12/lib/wx/src'
#7 104.6 === Leaving application wx
#7 104.6 make[2]: Leaving directory '/build/otp_src_26.2.5.12/lib/wx'
#7 104.6 make[2]: Entering directory '/build/otp_src_26.2.5.12/lib/public_key'
#7 104.6 === Entering application public_key
#7 104.6 make[3]: Entering directory '/build/otp_src_26.2.5.12/lib/public_key/asn1'
#7 104.6 make[3]: Nothing to be done for 'opt'.
#7 104.6 make[3]: Leaving directory '/build/otp_src_26.2.5.12/lib/public_key/asn1'
#7 104.6 make[3]: Entering directory '/build/otp_src_26.2.5.12/lib/public_key/src'
#7 104.6 make[3]: Nothing to be done for 'opt'.
#7 104.6 make[3]: Leaving directory '/build/otp_src_26.2.5.12/lib/public_key/src'
#7 104.6 make[3]: Entering directory '/build/otp_src_26.2.5.12/lib/public_key/c_src'
#7 104.6 make[3]: Nothing to be done for 'opt'.
#7 104.6 make[3]: Leaving directory '/build/otp_src_26.2.5.12/lib/public_key/c_src'
#7 104.6 make[3]: Entering directory '/build/otp_src_26.2.5.12/lib/public_key/doc/src'
#7 104.6 make[3]: Nothing to be done for 'opt'.
#7 104.6 make[3]: Leaving directory '/build/otp_src_26.2.5.12/lib/public_key/doc/src'
#7 104.6 === Leaving application public_key
#7 104.6 make[2]: Leaving directory '/build/otp_src_26.2.5.12/lib/public_key'
#7 104.6 make[2]: Entering directory '/build/otp_src_26.2.5.12/lib/erl_interface'
#7 104.6 === Entering application erl_interface
#7 104.6 make[3]: Entering directory '/build/otp_src_26.2.5.12/lib/erl_interface/src'
#7 104.6  MAKE	opt
#7 104.6 make[4]: Entering directory '/build/otp_src_26.2.5.12/lib/erl_interface/src'
#7 104.7 make[4]: Nothing to be done for 'opt'.
#7 104.7 make[4]: Leaving directory '/build/otp_src_26.2.5.12/lib/erl_interface/src'
#7 104.7 make[3]: Leaving directory '/build/otp_src_26.2.5.12/lib/erl_interface/src'
#7 104.7 make[3]: Entering directory '/build/otp_src_26.2.5.12/lib/erl_interface/doc/src'
#7 104.7 make[3]: Nothing to be done for 'opt'.
#7 104.7 make[3]: Leaving directory '/build/otp_src_26.2.5.12/lib/erl_interface/doc/src'
#7 104.7 === Leaving application erl_interface
#7 104.7 make[2]: Leaving directory '/build/otp_src_26.2.5.12/lib/erl_interface'
#7 104.7 make[2]: Entering directory '/build/otp_src_26.2.5.12/lib/syntax_tools'
#7 104.7 === Entering application syntax_tools
#7 104.7 make[3]: Entering directory '/build/otp_src_26.2.5.12/lib/syntax_tools/src'
#7 104.7 make[3]: Nothing to be done for 'opt'.
#7 104.7 make[3]: Leaving directory '/build/otp_src_26.2.5.12/lib/syntax_tools/src'
#7 104.7 make[3]: Entering directory '/build/otp_src_26.2.5.12/lib/syntax_tools/examples'
#7 104.7 make[3]: Nothing to be done for 'opt'.
#7 104.7 make[3]: Leaving directory '/build/otp_src_26.2.5.12/lib/syntax_tools/examples'
#7 104.7 make[3]: Entering directory '/build/otp_src_26.2.5.12/lib/syntax_tools/doc/src'
#7 104.7 make[3]: Nothing to be done for 'opt'.
#7 104.7 make[3]: Leaving directory '/build/otp_src_26.2.5.12/lib/syntax_tools/doc/src'
#7 104.7 === Leaving application syntax_tools
#7 104.7 make[2]: Leaving directory '/build/otp_src_26.2.5.12/lib/syntax_tools'
#7 104.7 make[2]: Entering directory '/build/otp_src_26.2.5.12/lib/snmp'
#7 104.7 === Entering application snmp
#7 104.7 make[3]: Entering directory '/build/otp_src_26.2.5.12/lib/snmp/src/compile'
#7 104.7 make[3]: Nothing to be done for 'opt'.
#7 104.7 make[3]: Leaving directory '/build/otp_src_26.2.5.12/lib/snmp/src/compile'
#7 104.7 make[3]: Entering directory '/build/otp_src_26.2.5.12/lib/snmp/mibs'
#7 104.7 make[3]: Nothing to be done for 'opt'.
#7 104.7 make[3]: Leaving directory '/build/otp_src_26.2.5.12/lib/snmp/mibs'
#7 104.7 make[3]: Entering directory '/build/otp_src_26.2.5.12/lib/snmp/src'
#7 104.7 make[4]: Entering directory '/build/otp_src_26.2.5.12/lib/snmp/src/compile'
#7 104.7 make[4]: Nothing to be done for 'opt'.
#7 104.7 make[4]: Leaving directory '/build/otp_src_26.2.5.12/lib/snmp/src/compile'
#7 104.7 make[4]: Entering directory '/build/otp_src_26.2.5.12/lib/snmp/src/app'
#7 104.7 make[4]: Nothing to be done for 'opt'.
#7 104.7 make[4]: Leaving directory '/build/otp_src_26.2.5.12/lib/snmp/src/app'
#7 104.7 make[4]: Entering directory '/build/otp_src_26.2.5.12/lib/snmp/src/misc'
#7 104.7 make[4]: Nothing to be done for 'opt'.
#7 104.7 make[4]: Leaving directory '/build/otp_src_26.2.5.12/lib/snmp/src/misc'
#7 104.7 make[4]: Entering directory '/build/otp_src_26.2.5.12/lib/snmp/src/agent'
#7 104.7 make[5]: Entering directory '/build/otp_src_26.2.5.12/lib/snmp/src/agent'
#7 104.7 make[5]: Nothing to be done for 'behaviour_targets'.
#7 104.7 make[5]: Leaving directory '/build/otp_src_26.2.5.12/lib/snmp/src/agent'
#7 104.7 make[5]: Entering directory '/build/otp_src_26.2.5.12/lib/snmp/src/agent'
#7 104.8 make[5]: Nothing to be done for 'targets'.
#7 104.8 make[5]: Leaving directory '/build/otp_src_26.2.5.12/lib/snmp/src/agent'
#7 104.8 make[4]: Leaving directory '/build/otp_src_26.2.5.12/lib/snmp/src/agent'
#7 104.8 make[4]: Entering directory '/build/otp_src_26.2.5.12/lib/snmp/src/manager'
#7 104.8 make[5]: Entering directory '/build/otp_src_26.2.5.12/lib/snmp/src/manager'
#7 104.8 make[5]: Nothing to be done for 'behaviour_targets'.
#7 104.8 make[5]: Leaving directory '/build/otp_src_26.2.5.12/lib/snmp/src/manager'
#7 104.8 make[5]: Entering directory '/build/otp_src_26.2.5.12/lib/snmp/src/manager'
#7 104.8 make[5]: Nothing to be done for 'targets'.
#7 104.8 make[5]: Leaving directory '/build/otp_src_26.2.5.12/lib/snmp/src/manager'
#7 104.8 make[4]: Leaving directory '/build/otp_src_26.2.5.12/lib/snmp/src/manager'
#7 104.8 make[3]: Leaving directory '/build/otp_src_26.2.5.12/lib/snmp/src'
#7 104.8 make[3]: Entering directory '/build/otp_src_26.2.5.12/lib/snmp/examples'
#7 104.8 make[4]: Entering directory '/build/otp_src_26.2.5.12/lib/snmp/examples/ex1'
#7 104.8 make[4]: Nothing to be done for 'opt'.
#7 104.8 make[4]: Leaving directory '/build/otp_src_26.2.5.12/lib/snmp/examples/ex1'
#7 104.8 make[4]: Entering directory '/build/otp_src_26.2.5.12/lib/snmp/examples/ex2'
#7 104.8 make[4]: Nothing to be done for 'opt'.
#7 104.8 make[4]: Leaving directory '/build/otp_src_26.2.5.12/lib/snmp/examples/ex2'
#7 104.8 make[3]: Leaving directory '/build/otp_src_26.2.5.12/lib/snmp/examples'
#7 104.8 make[3]: Entering directory '/build/otp_src_26.2.5.12/lib/snmp/priv/conf'
#7 104.8 make[4]: Entering directory '/build/otp_src_26.2.5.12/lib/snmp/priv/conf/agent'
#7 104.8 make[4]: Nothing to be done for 'opt'.
#7 104.8 make[4]: Leaving directory '/build/otp_src_26.2.5.12/lib/snmp/priv/conf/agent'
#7 104.8 make[4]: Entering directory '/build/otp_src_26.2.5.12/lib/snmp/priv/conf/manager'
#7 104.8 make[4]: Nothing to be done for 'opt'.
#7 104.8 make[4]: Leaving directory '/build/otp_src_26.2.5.12/lib/snmp/priv/conf/manager'
#7 104.8 make[3]: Leaving directory '/build/otp_src_26.2.5.12/lib/snmp/priv/conf'
#7 104.8 make[3]: Entering directory '/build/otp_src_26.2.5.12/lib/snmp/doc/src'
#7 104.8 make[3]: Nothing to be done for 'opt'.
#7 104.8 make[3]: Leaving directory '/build/otp_src_26.2.5.12/lib/snmp/doc/src'
#7 104.8 === Leaving application snmp
#7 104.8 make[2]: Leaving directory '/build/otp_src_26.2.5.12/lib/snmp'
#7 104.8 make[1]: Leaving directory '/build/otp_src_26.2.5.12/lib'
#7 105.6 test -d "/usr/local/bin" || /usr/bin/install -c -d "/usr/local/bin"
#7 105.6 /usr/bin/install -c -d "/usr/local/lib/erlang"
#7 105.6 /usr/bin/install -c -d "/usr/local/lib/erlang/usr/lib"
#7 105.6 cd erts && \
#7 105.6   ERL_TOP=/build/otp_src_26.2.5.12 PATH=/build/otp_src_26.2.5.12/bootstrap/bin:"${PATH}" \
#7 105.6   make PROFILE= TESTROOT="/usr/local/lib/erlang" release
#7 105.6 make[1]: Entering directory '/build/otp_src_26.2.5.12/erts'
#7 105.6 for t in opt; do \
#7 105.6   ( cd emulator && make release TYPE=$t ) || exit $?; \
#7 105.6 done
#7 105.6 make[2]: Entering directory '/build/otp_src_26.2.5.12/erts/emulator'
#7 105.6  MAKE	release
#7 105.6 make[3]: Entering directory '/build/otp_src_26.2.5.12/erts/emulator'
#7 105.6 make -w RELEASE_PATH="/usr/local/lib/erlang"   release_spec 
#7 105.6 make[4]: Entering directory '/build/otp_src_26.2.5.12/erts/emulator'
#7 105.6  MAKE	release_spec
#7 105.6 make[5]: Entering directory '/build/otp_src_26.2.5.12/erts/emulator'
#7 105.7 /usr/bin/install -c -d "/usr/local/lib/erlang/erts-14.2.5.10"
#7 105.7 /usr/bin/install -c -d "/usr/local/lib/erlang/erts-14.2.5.10/src"
#7 105.7 /usr/bin/install -c -d "/usr/local/lib/erlang/erts-14.2.5.10/include"
#7 105.7 /usr/bin/install -c -d "/usr/local/lib/erlang/erts-14.2.5.10/man"
#7 105.7 /usr/bin/install -c -d "/usr/local/lib/erlang/erts-14.2.5.10/doc"
#7 105.7 /usr/bin/install -c -d "/usr/local/lib/erlang/erts-14.2.5.10/bin"
#7 105.7 /usr/bin/install -c -d "/usr/local/lib/erlang/usr/include"
#7 105.7 /usr/bin/install -c -m 644 beam/erl_driver.h sys/unix/driver_int.h beam/erl_nif.h beam/erl_nif_api_funcs.h beam/erl_drv_nif.h "/usr/local/lib/erlang/usr/include"
#7 105.7 /usr/bin/install -c -m 644 beam/erl_driver.h sys/unix/driver_int.h beam/erl_nif.h beam/erl_nif_api_funcs.h beam/erl_drv_nif.h "/usr/local/lib/erlang/erts-14.2.5.10/include"
#7 105.7 /usr/bin/install -c /build/otp_src_26.2.5.12/bin/x86_64-pc-linux-gnu/beam.smp "/usr/local/lib/erlang/erts-14.2.5.10/bin"
#7 105.7 /usr/bin/install -c /build/otp_src_26.2.5.12/bin/x86_64-pc-linux-gnu/erl_child_setup "/usr/local/lib/erlang/erts-14.2.5.10/bin"
#7 105.7 make[5]: Leaving directory '/build/otp_src_26.2.5.12/erts/emulator'
#7 105.7 make[4]: Leaving directory '/build/otp_src_26.2.5.12/erts/emulator'
#7 105.7 make[3]: Leaving directory '/build/otp_src_26.2.5.12/erts/emulator'
#7 105.7 make[2]: Leaving directory '/build/otp_src_26.2.5.12/erts/emulator'
#7 105.7 make[2]: Entering directory '/build/otp_src_26.2.5.12/erts/etc'
#7 105.7 make[3]: Entering directory '/build/otp_src_26.2.5.12/erts/etc/common'
#7 105.7  MAKE	release
#7 105.7 make[4]: Entering directory '/build/otp_src_26.2.5.12/erts/etc/common'
#7 105.8 make -w RELEASE_PATH="/usr/local/lib/erlang"   release_spec 
#7 105.8 make[5]: Entering directory '/build/otp_src_26.2.5.12/erts/etc/common'
#7 105.8  MAKE	release_spec
#7 105.8 make[6]: Entering directory '/build/otp_src_26.2.5.12/erts/etc/common'
#7 105.8 /usr/bin/install -c -d "/usr/local/lib/erlang/erts-14.2.5.10/bin"
#7 105.8 /usr/bin/install -c erl.src "/usr/local/lib/erlang/erts-14.2.5.10/bin"
#7 105.8 case "x86_64-pc-linux-gnu" in \
#7 105.8 	*-android*) \
#7 105.8 	sed -i'' -e "s;/bin/sh;/system/bin/sh;" \
#7 105.8 		"/usr/local/lib/erlang/erts-14.2.5.10/bin/erl.src" \
#7 105.8 	;; \
#7 105.8 esac
#7 105.8 /usr/bin/install -c /build/otp_src_26.2.5.12/bin/x86_64-pc-linux-gnu/inet_gethost /build/otp_src_26.2.5.12/bin/x86_64-pc-linux-gnu/heart /build/otp_src_26.2.5.12/bin/x86_64-pc-linux-gnu/erlexec /build/otp_src_26.2.5.12/bin/x86_64-pc-linux-gnu/typer /build/otp_src_26.2.5.12/bin/x86_64-pc-linux-gnu/dialyzer /build/otp_src_26.2.5.12/bin/x86_64-pc-linux-gnu/erlc /build/otp_src_26.2.5.12/bin/x86_64-pc-linux-gnu/escript /build/otp_src_26.2.5.12/bin/x86_64-pc-linux-gnu/ct_run /build/otp_src_26.2.5.12/bin/x86_64-pc-linux-gnu/run_erl /build/otp_src_26.2.5.12/bin/x86_64-pc-linux-gnu/to_erl /build/otp_src_26.2.5.12/bin/x86_64-pc-linux-gnu/dyn_erl /build/otp_src_26.2.5.12/bin/x86_64-pc-linux-gnu/erl_call "/usr/local/lib/erlang/erts-14.2.5.10/bin"
#7 105.8 /usr/bin/install -c Install "/usr/local/lib/erlang"
#7 105.8 /usr/bin/install -c -d "/usr/local/lib/erlang/misc"
#7 105.8 /usr/bin/install -c ../unix/format_man_pages "/usr/local/lib/erlang/misc"
#7 105.8 /usr/bin/install -c -d "/usr/local/lib/erlang/erts-14.2.5.10/src"
#7 105.8 /usr/bin/install -c -m 644 ../unix/setuid_socket_wrap.c  "/usr/local/lib/erlang/erts-14.2.5.10/src"
#7 105.8 /usr/bin/install -c ../unix/start.src ../unix/start_erl.src "/usr/local/lib/erlang/erts-14.2.5.10/bin"
#7 105.8 case "x86_64-pc-linux-gnu" in \
#7 105.8 	*-android*) \
#7 105.8 	sed -i'' -e "s;/bin/sh;/system/bin/sh;" \
#7 105.8 		"/usr/local/lib/erlang/erts-14.2.5.10/bin/start_erl.src"; \
#7 105.8 	sed -i'' -e "s;/bin/sh;/system/bin/sh;" \
#7 105.8 		"/usr/local/lib/erlang/erts-14.2.5.10/bin/start.src"; \
#7 105.8 	;; \
#7 105.8 esac
#7 105.8 make[6]: Leaving directory '/build/otp_src_26.2.5.12/erts/etc/common'
#7 105.8 make[5]: Leaving directory '/build/otp_src_26.2.5.12/erts/etc/common'
#7 105.8 make[4]: Leaving directory '/build/otp_src_26.2.5.12/erts/etc/common'
#7 105.8 make[3]: Leaving directory '/build/otp_src_26.2.5.12/erts/etc/common'
#7 105.8 make[3]: Entering directory '/build/otp_src_26.2.5.12/erts/etc/unix'
#7 105.8 make -w RELEASE_PATH="/usr/local/lib/erlang"   release_spec 
#7 105.8 make[4]: Entering directory '/build/otp_src_26.2.5.12/erts/etc/unix'
#7 105.8 make[4]: Nothing to be done for 'release_spec'.
#7 105.8 make[4]: Leaving directory '/build/otp_src_26.2.5.12/erts/etc/unix'
#7 105.8 make[3]: Leaving directory '/build/otp_src_26.2.5.12/erts/etc/unix'
#7 105.8 make[2]: Leaving directory '/build/otp_src_26.2.5.12/erts/etc'
#7 105.8 make[2]: Entering directory '/build/otp_src_26.2.5.12/erts/epmd'
#7 105.8 make[3]: Entering directory '/build/otp_src_26.2.5.12/erts/epmd/src'
#7 105.8  MAKE	release
#7 105.8 make[4]: Entering directory '/build/otp_src_26.2.5.12/erts/epmd/src'
#7 105.8 make -w RELEASE_PATH="/usr/local/lib/erlang"   release_spec 
#7 105.8 make[5]: Entering directory '/build/otp_src_26.2.5.12/erts/epmd/src'
#7 105.8  MAKE	release_spec
#7 105.8 make[6]: Entering directory '/build/otp_src_26.2.5.12/erts/epmd/src'
#7 105.8 /usr/bin/install -c -d     "/usr/local/lib/erlang/erts-14.2.5.10/bin"
#7 105.8 /usr/bin/install -c /build/otp_src_26.2.5.12/bin/x86_64-pc-linux-gnu/epmd "/usr/local/lib/erlang/erts-14.2.5.10/bin"
#7 105.8 make[6]: Leaving directory '/build/otp_src_26.2.5.12/erts/epmd/src'
#7 105.8 make[5]: Leaving directory '/build/otp_src_26.2.5.12/erts/epmd/src'
#7 105.8 make[4]: Leaving directory '/build/otp_src_26.2.5.12/erts/epmd/src'
#7 105.8 make[3]: Leaving directory '/build/otp_src_26.2.5.12/erts/epmd/src'
#7 105.8 make[2]: Leaving directory '/build/otp_src_26.2.5.12/erts/epmd'
#7 105.8 make[2]: Entering directory '/build/otp_src_26.2.5.12/erts/lib_src'
#7 105.8  MAKE	release
#7 105.8 make[3]: Entering directory '/build/otp_src_26.2.5.12/erts/lib_src'
#7 105.8 make -w RELEASE_PATH="/usr/local/lib/erlang"   release_spec 
#7 105.8 make[4]: Entering directory '/build/otp_src_26.2.5.12/erts/lib_src'
#7 105.8  MAKE	release_spec
#7 105.8 make[5]: Entering directory '/build/otp_src_26.2.5.12/erts/lib_src'
#7 105.8 /usr/bin/install -c /build/otp_src_26.2.5.12/erts/lib_src/yielding_c_fun/bin/x86_64-pc-linux-gnu/yielding_c_fun "/usr/local/lib/erlang/erts-14.2.5.10/bin"
#7 105.8 /usr/bin/install -c -d "/usr/local/lib/erlang/erts-14.2.5.10/include"
#7 105.8 /usr/bin/install -c -d "/usr/local/lib/erlang/usr/include"
#7 105.8 /usr/bin/install -c -m 644 ../include/x86_64-pc-linux-gnu/erl_int_sizes_config.h ../include/erl_fixed_size_int_types.h "/usr/local/lib/erlang/erts-14.2.5.10/include"
#7 105.8 /usr/bin/install -c -m 644 ../include/x86_64-pc-linux-gnu/erl_int_sizes_config.h ../include/erl_fixed_size_int_types.h "/usr/local/lib/erlang/usr/include"
#7 105.9 /usr/bin/install -c -d "/usr/local/lib/erlang/erts-14.2.5.10/include/internal"
#7 105.9 /usr/bin/install -c -m 644 ../include/internal/README ../include/internal/ethread.h ../include/internal/ethread_inline.h ../include/internal/ethr_mutex.h ../include/internal/ethr_optimized_fallbacks.h ../include/internal/ethr_atomics.h ../include/internal/x86_64-pc-linux-gnu/ethread.mk ../include/internal/x86_64-pc-linux-gnu/erts_internal.mk ../include/internal/x86_64-pc-linux-gnu/ethread_header_config.h ../include/internal/erl_printf.h ../include/internal/erl_printf_format.h ../include/internal/erl_misc_utils.h ../include/internal/erl_errno.h "/usr/local/lib/erlang/erts-14.2.5.10/include/internal"
#7 105.9 for xdir in i386 x86_64 ppc32 sparc32 sparc64 tile gcc pthread win libatomic_ops; do \
#7 105.9 	/usr/bin/install -c -d "/usr/local/lib/erlang/erts-14.2.5.10/include/internal/$xdir"; \
#7 105.9 	/usr/bin/install -c -m 644 ../include/internal/$xdir/*.h \
#7 105.9 		"/usr/local/lib/erlang/erts-14.2.5.10/include/internal/$xdir"; \
#7 105.9 done
#7 105.9 /usr/bin/install -c -d "/usr/local/lib/erlang/erts-14.2.5.10/lib/internal"
#7 105.9 /usr/bin/install -c -m 644 ../lib/internal/README ../lib/internal/x86_64-pc-linux-gnu/libethread.a ../lib/internal/x86_64-pc-linux-gnu/liberts_internal.a ../lib/internal/x86_64-pc-linux-gnu/liberts_internal_r.a "/usr/local/lib/erlang/erts-14.2.5.10/lib/internal"
#7 105.9 make[5]: Leaving directory '/build/otp_src_26.2.5.12/erts/lib_src'
#7 105.9 make[4]: Leaving directory '/build/otp_src_26.2.5.12/erts/lib_src'
#7 105.9 make[3]: Leaving directory '/build/otp_src_26.2.5.12/erts/lib_src'
#7 105.9 make[2]: Leaving directory '/build/otp_src_26.2.5.12/erts/lib_src'
#7 105.9 make[2]: Entering directory '/build/otp_src_26.2.5.12/erts/start_scripts'
#7 105.9 make -w RELEASE_PATH="/usr/local/lib/erlang"   release_spec 
#7 105.9 make[3]: Entering directory '/build/otp_src_26.2.5.12/erts/start_scripts'
#7 105.9 make[3]: Leaving directory '/build/otp_src_26.2.5.12/erts/start_scripts'
#7 105.9 make[2]: Leaving directory '/build/otp_src_26.2.5.12/erts/start_scripts'
#7 105.9 make[2]: Entering directory '/build/otp_src_26.2.5.12/erts/preloaded'
#7 105.9 make[3]: Entering directory '/build/otp_src_26.2.5.12/erts/preloaded/src'
#7 105.9 make -w RELEASE_PATH="/usr/local/lib/erlang"   release_spec 
#7 105.9 make[4]: Entering directory '/build/otp_src_26.2.5.12/erts/preloaded/src'
#7 105.9 /usr/bin/install -c -d "/usr/local/lib/erlang/lib/erts-14.2.5.10/src"
#7 105.9 /usr/bin/install -c -m 644 erl_prim_loader.erl init.erl prim_buffer.erl prim_file.erl prim_inet.erl socket_registry.erl prim_socket.erl prim_net.erl zlib.erl prim_zip.erl erl_init.erl erts_code_purger.erl erlang.erl erts_internal.erl erl_tracer.erl erts_literal_area_collector.erl erts_dirty_process_signal_handler.erl atomics.erl counters.erl persistent_term.erl prim_eval.S prim_eval.erl "/usr/local/lib/erlang/lib/erts-14.2.5.10/src"
#7 105.9 /usr/bin/install -c -d "/usr/local/lib/erlang/lib/erts-14.2.5.10/ebin"
#7 105.9 /usr/bin/install -c -m 644 ../ebin/erl_prim_loader.beam ../ebin/init.beam ../ebin/prim_buffer.beam ../ebin/prim_file.beam ../ebin/prim_inet.beam ../ebin/socket_registry.beam ../ebin/prim_socket.beam ../ebin/prim_net.beam ../ebin/zlib.beam ../ebin/prim_zip.beam ../ebin/erl_init.beam ../ebin/erts_code_purger.beam ../ebin/erlang.beam ../ebin/erts_internal.beam ../ebin/erl_tracer.beam ../ebin/erts_literal_area_collector.beam ../ebin/erts_dirty_process_signal_handler.beam ../ebin/atomics.beam ../ebin/counters.beam ../ebin/persistent_term.beam ../ebin/prim_eval.beam ../ebin/erts.app "/usr/local/lib/erlang/lib/erts-14.2.5.10/ebin"
#7 105.9 make[4]: Leaving directory '/build/otp_src_26.2.5.12/erts/preloaded/src'
#7 105.9 make[3]: Leaving directory '/build/otp_src_26.2.5.12/erts/preloaded/src'
#7 105.9 make[2]: Leaving directory '/build/otp_src_26.2.5.12/erts/preloaded'
#7 105.9 ( make -f "/build/otp_src_26.2.5.12/make/otp_released_app.mk"	\
#7 105.9 	APP_PWD="/build/otp_src_26.2.5.12/erts" APP_VSN=VSN APP=erts	\
#7 105.9 	TESTROOT="/usr/local/lib/erlang" update)			\
#7 105.9  || exit $?
#7 105.9 make[2]: Entering directory '/build/otp_src_26.2.5.12/erts'
#7 105.9 test -d "/usr/local/lib/erlang/releases/26" || mkdir -p "/usr/local/lib/erlang/releases/26" ;			\
#7 105.9 if test ! -f "/usr/local/lib/erlang/releases/26/installed_application_versions" ; then				\
#7 105.9  echo "erts-14.2.5.10" > "/usr/local/lib/erlang/releases/26/installed_application_versions" || exit 1;	\
#7 105.9 else								\
#7 105.9  if test x = x`grep erts-14.2.5.10 "/usr/local/lib/erlang/releases/26/installed_application_versions"` ; then \
#7 105.9   echo erts-14.2.5.10 >> "/usr/local/lib/erlang/releases/26/installed_application_versions" || exit 1;	\
#7 105.9  fi ;								\
#7 105.9 fi
#7 105.9 make[2]: Leaving directory '/build/otp_src_26.2.5.12/erts'
#7 105.9 make[1]: Leaving directory '/build/otp_src_26.2.5.12/erts'
#7 105.9 cd lib && \
#7 105.9   ERL_TOP=/build/otp_src_26.2.5.12 PATH=/build/otp_src_26.2.5.12/bootstrap/bin:"${PATH}" \
#7 105.9   make TESTROOT="/usr/local/lib/erlang" BUILD_ALL=true release
#7 105.9 make[1]: Entering directory '/build/otp_src_26.2.5.12/lib'
#7 105.9 make[2]: Entering directory '/build/otp_src_26.2.5.12/lib/stdlib'
#7 105.9 === Entering application stdlib
#7 105.9 make[3]: Entering directory '/build/otp_src_26.2.5.12/lib/stdlib/src'
#7 105.9 make -w RELEASE_PATH="/usr/local/lib/erlang"   release_spec 
#7 106.0 make[4]: Entering directory '/build/otp_src_26.2.5.12/lib/stdlib/src'
#7 106.0 /usr/bin/install -c -d "/usr/local/lib/erlang/lib/stdlib-5.2.3.3/src"
#7 106.0 /usr/bin/install -c -m 644 array.erl argparse.erl base64.erl beam_lib.erl binary.erl c.erl calendar.erl dets.erl dets_server.erl dets_sup.erl dets_utils.erl dets_v9.erl dict.erl digraph.erl digraph_utils.erl edlin.erl edlin_key.erl edlin_context.erl edlin_expand.erl edlin_type_suggestion.erl epp.erl erl_abstract_code.erl erl_anno.erl erl_bits.erl erl_compile.erl erl_error.erl erl_eval.erl erl_expand_records.erl erl_features.erl erl_internal.erl erl_lint.erl erl_parse.erl erl_posix_msg.erl erl_pp.erl erl_scan.erl erl_stdlib_errors.erl erl_tar.erl error_logger_file_h.erl error_logger_tty_h.erl escript.erl ets.erl eval_bits.erl file_sorter.erl filelib.erl filename.erl gb_trees.erl gb_sets.erl gen.erl gen_event.erl gen_fsm.erl gen_server.erl gen_statem.erl io.erl io_lib.erl io_lib_format.erl io_lib_fread.erl io_lib_pretty.erl lists.erl log_mf_h.erl maps.erl math.erl ms_transform.erl otp_internal.erl orddict.erl ordsets.erl re.erl peer.erl pool.erl proc_lib.erl proplists.erl qlc.erl qlc_pt.erl queue.erl rand.erl random.erl sets.erl shell.erl shell_default.erl shell_docs.erl slave.erl sofs.erl string.erl supervisor.erl supervisor_bridge.erl sys.erl timer.erl unicode.erl unicode_util.erl uri_string.erl win32reg.erl zip.erl erl_parse.yrl "/usr/local/lib/erlang/lib/stdlib-5.2.3.3/src"
#7 106.0 /usr/bin/install -c -m 644 dets.hrl erl_tar.hrl otp_internal.hrl "/usr/local/lib/erlang/lib/stdlib-5.2.3.3/src"
#7 106.0 /usr/bin/install -c -d "/usr/local/lib/erlang/lib/stdlib-5.2.3.3/include"
#7 106.0 /usr/bin/install -c -m 644 ../include/assert.hrl ../include/erl_compile.hrl ../include/erl_bits.hrl ../include/ms_transform.hrl ../include/qlc.hrl ../include/zip.hrl "/usr/local/lib/erlang/lib/stdlib-5.2.3.3/include"
#7 106.0 /usr/bin/install -c -d "/usr/local/lib/erlang/lib/stdlib-5.2.3.3/ebin"
#7 106.0 /usr/bin/install -c -m 644 ../ebin/array.beam ../ebin/argparse.beam ../ebin/base64.beam ../ebin/beam_lib.beam ../ebin/binary.beam ../ebin/c.beam ../ebin/calendar.beam ../ebin/dets.beam ../ebin/dets_server.beam ../ebin/dets_sup.beam ../ebin/dets_utils.beam ../ebin/dets_v9.beam ../ebin/dict.beam ../ebin/digraph.beam ../ebin/digraph_utils.beam ../ebin/edlin.beam ../ebin/edlin_key.beam ../ebin/edlin_context.beam ../ebin/edlin_expand.beam ../ebin/edlin_type_suggestion.beam ../ebin/epp.beam ../ebin/erl_abstract_code.beam ../ebin/erl_anno.beam ../ebin/erl_bits.beam ../ebin/erl_compile.beam ../ebin/erl_error.beam ../ebin/erl_eval.beam ../ebin/erl_expand_records.beam ../ebin/erl_features.beam ../ebin/erl_internal.beam ../ebin/erl_lint.beam ../ebin/erl_parse.beam ../ebin/erl_posix_msg.beam ../ebin/erl_pp.beam ../ebin/erl_scan.beam ../ebin/erl_stdlib_errors.beam ../ebin/erl_tar.beam ../ebin/error_logger_file_h.beam ../ebin/error_logger_tty_h.beam ../ebin/escript.beam ../ebin/ets.beam ../ebin/eval_bits.beam ../ebin/file_sorter.beam ../ebin/filelib.beam ../ebin/filename.beam ../ebin/gb_trees.beam ../ebin/gb_sets.beam ../ebin/gen.beam ../ebin/gen_event.beam ../ebin/gen_fsm.beam ../ebin/gen_server.beam ../ebin/gen_statem.beam ../ebin/io.beam ../ebin/io_lib.beam ../ebin/io_lib_format.beam ../ebin/io_lib_fread.beam ../ebin/io_lib_pretty.beam ../ebin/lists.beam ../ebin/log_mf_h.beam ../ebin/maps.beam ../ebin/math.beam ../ebin/ms_transform.beam ../ebin/otp_internal.beam ../ebin/orddict.beam ../ebin/ordsets.beam ../ebin/re.beam ../ebin/peer.beam ../ebin/pool.beam ../ebin/proc_lib.beam ../ebin/proplists.beam ../ebin/qlc.beam ../ebin/qlc_pt.beam ../ebin/queue.beam ../ebin/rand.beam ../ebin/random.beam ../ebin/sets.beam ../ebin/shell.beam ../ebin/shell_default.beam ../ebin/shell_docs.beam ../ebin/slave.beam ../ebin/sofs.beam ../ebin/string.beam ../ebin/supervisor.beam ../ebin/supervisor_bridge.beam ../ebin/sys.beam ../ebin/timer.beam ../ebin/unicode.beam ../ebin/unicode_util.beam ../ebin/uri_string.beam ../ebin/win32reg.beam ../ebin/zip.beam ../ebin/stdlib.app ../ebin/stdlib.appup "/usr/local/lib/erlang/lib/stdlib-5.2.3.3/ebin"
#7 106.0 make[4]: Leaving directory '/build/otp_src_26.2.5.12/lib/stdlib/src'
#7 106.0 make[3]: Leaving directory '/build/otp_src_26.2.5.12/lib/stdlib/src'
#7 106.0 make[3]: Entering directory '/build/otp_src_26.2.5.12/lib/stdlib/doc/src'
#7 106.0 make -w RELEASE_PATH="/usr/local/lib/erlang"   release_spec 
#7 106.0 make[4]: Entering directory '/build/otp_src_26.2.5.12/lib/stdlib/doc/src'
#7 106.0 make[4]: Nothing to be done for 'release_spec'.
#7 106.0 make[4]: Leaving directory '/build/otp_src_26.2.5.12/lib/stdlib/doc/src'
#7 106.0 make[3]: Leaving directory '/build/otp_src_26.2.5.12/lib/stdlib/doc/src'
#7 106.0 make[3]: Entering directory '/build/otp_src_26.2.5.12/lib/stdlib/examples'
#7 106.0 make -w RELEASE_PATH="/usr/local/lib/erlang"   release_spec 
#7 106.0 make[4]: Entering directory '/build/otp_src_26.2.5.12/lib/stdlib/examples'
#7 106.0 /usr/bin/install -c -d "/usr/local/lib/erlang/lib/stdlib-5.2.3.3/examples"
#7 106.0 /usr/bin/install -c -m 644 erl_id_trans.erl "/usr/local/lib/erlang/lib/stdlib-5.2.3.3/examples"
#7 106.0 make[4]: Leaving directory '/build/otp_src_26.2.5.12/lib/stdlib/examples'
#7 106.0 make[3]: Leaving directory '/build/otp_src_26.2.5.12/lib/stdlib/examples'
#7 106.0 make[3]: Entering directory '/build/otp_src_26.2.5.12/lib/stdlib'
#7 106.0 test -d "/usr/local/lib/erlang/releases/26" || mkdir -p "/usr/local/lib/erlang/releases/26" ;			\
#7 106.0 if test ! -f "/usr/local/lib/erlang/releases/26/installed_application_versions" ; then				\
#7 106.0  echo "stdlib-5.2.3.3" > "/usr/local/lib/erlang/releases/26/installed_application_versions" || exit 1;	\
#7 106.0 else								\
#7 106.0  if test x = x`grep stdlib-5.2.3.3 "/usr/local/lib/erlang/releases/26/installed_application_versions"` ; then \
#7 106.0   echo stdlib-5.2.3.3 >> "/usr/local/lib/erlang/releases/26/installed_application_versions" || exit 1;	\
#7 106.0  fi ;								\
#7 106.0 fi
#7 106.0 make[3]: Leaving directory '/build/otp_src_26.2.5.12/lib/stdlib'
#7 106.0 === Leaving application stdlib
#7 106.0 make[2]: Leaving directory '/build/otp_src_26.2.5.12/lib/stdlib'
#7 106.0 make[2]: Entering directory '/build/otp_src_26.2.5.12/lib/sasl'
#7 106.0 === Entering application sasl
#7 106.0 make[3]: Entering directory '/build/otp_src_26.2.5.12/lib/sasl/src'
#7 106.0 make -w RELEASE_PATH="/usr/local/lib/erlang"   release_spec 
#7 106.0 make[4]: Entering directory '/build/otp_src_26.2.5.12/lib/sasl/src'
#7 106.0 /usr/bin/install -c -d "/usr/local/lib/erlang/lib/sasl-4.2.1/src"
#7 106.1 /usr/bin/install -c -m 644 alarm_handler.erl sasl.erl sasl_report.erl sasl_report_file_h.erl sasl_report_tty_h.erl format_lib_supp.erl misc_supp.erl rb.erl rb_format_supp.erl release_handler.erl release_handler_1.erl systools.erl systools_make.erl systools_rc.erl systools_relup.erl systools_lib.erl erlsrv.erl "/usr/local/lib/erlang/lib/sasl-4.2.1/src"
#7 106.1 /usr/bin/install -c -m 644 systools.hrl "/usr/local/lib/erlang/lib/sasl-4.2.1/src"
#7 106.1 /usr/bin/install -c -d "/usr/local/lib/erlang/lib/sasl-4.2.1/ebin"
#7 106.1 /usr/bin/install -c -m 644 ../ebin/alarm_handler.beam ../ebin/sasl.beam ../ebin/sasl_report.beam ../ebin/sasl_report_file_h.beam ../ebin/sasl_report_tty_h.beam ../ebin/format_lib_supp.beam ../ebin/misc_supp.beam ../ebin/rb.beam ../ebin/rb_format_supp.beam ../ebin/release_handler.beam ../ebin/release_handler_1.beam ../ebin/systools.beam ../ebin/systools_make.beam ../ebin/systools_rc.beam ../ebin/systools_relup.beam ../ebin/systools_lib.beam ../ebin/erlsrv.beam ../ebin/sasl.app ../ebin/sasl.appup "/usr/local/lib/erlang/lib/sasl-4.2.1/ebin"
#7 106.1 make[4]: Leaving directory '/build/otp_src_26.2.5.12/lib/sasl/src'
#7 106.1 make[3]: Leaving directory '/build/otp_src_26.2.5.12/lib/sasl/src'
#7 106.1 make[3]: Entering directory '/build/otp_src_26.2.5.12/lib/sasl/doc/src'
#7 106.1 make -w RELEASE_PATH="/usr/local/lib/erlang"   release_spec 
#7 106.1 make[4]: Entering directory '/build/otp_src_26.2.5.12/lib/sasl/doc/src'
#7 106.1 make[4]: Nothing to be done for 'release_spec'.
#7 106.1 make[4]: Leaving directory '/build/otp_src_26.2.5.12/lib/sasl/doc/src'
#7 106.1 make[3]: Leaving directory '/build/otp_src_26.2.5.12/lib/sasl/doc/src'
#7 106.1 make[3]: Entering directory '/build/otp_src_26.2.5.12/lib/sasl/examples/src'
#7 106.1 make -w RELEASE_PATH="/usr/local/lib/erlang"   release_spec 
#7 106.1 make[4]: Entering directory '/build/otp_src_26.2.5.12/lib/sasl/examples/src'
#7 106.1 /usr/bin/install -c -d "/usr/local/lib/erlang/lib/sasl-4.2.1/examples/src"
#7 106.1 /usr/bin/install -c -d "/usr/local/lib/erlang/lib/sasl-4.2.1/examples/ebin"
#7 106.1 (cd ..; tar cf - src ebin  | (cd "/usr/local/lib/erlang/lib/sasl-4.2.1/examples"; tar xf -))
#7 106.1 chmod -R ug+w "/usr/local/lib/erlang/lib/sasl-4.2.1/examples"
#7 106.1 make[4]: Leaving directory '/build/otp_src_26.2.5.12/lib/sasl/examples/src'
#7 106.1 make[3]: Leaving directory '/build/otp_src_26.2.5.12/lib/sasl/examples/src'
#7 106.1 make[3]: Entering directory '/build/otp_src_26.2.5.12/lib/sasl'
#7 106.1 test -d "/usr/local/lib/erlang/releases/26" || mkdir -p "/usr/local/lib/erlang/releases/26" ;			\
#7 106.1 if test ! -f "/usr/local/lib/erlang/releases/26/installed_application_versions" ; then				\
#7 106.1  echo "sasl-4.2.1" > "/usr/local/lib/erlang/releases/26/installed_application_versions" || exit 1;	\
#7 106.1 else								\
#7 106.1  if test x = x`grep sasl-4.2.1 "/usr/local/lib/erlang/releases/26/installed_application_versions"` ; then \
#7 106.1   echo sasl-4.2.1 >> "/usr/local/lib/erlang/releases/26/installed_application_versions" || exit 1;	\
#7 106.1  fi ;								\
#7 106.1 fi
#7 106.1 make[3]: Leaving directory '/build/otp_src_26.2.5.12/lib/sasl'
#7 106.1 === Leaving application sasl
#7 106.1 make[2]: Leaving directory '/build/otp_src_26.2.5.12/lib/sasl'
#7 106.1 make[2]: Entering directory '/build/otp_src_26.2.5.12/lib/kernel'
#7 106.1 === Entering application kernel
#7 106.1 make[3]: Entering directory '/build/otp_src_26.2.5.12/lib/kernel/src'
#7 106.1 make -w RELEASE_PATH="/usr/local/lib/erlang"   release_spec 
#7 106.1 make[4]: Entering directory '/build/otp_src_26.2.5.12/lib/kernel/src'
#7 106.1 /usr/bin/install -c -d "/usr/local/lib/erlang/lib/kernel-9.2.4.8/src"
#7 106.1 /usr/bin/install -c -m 644 application.erl application_controller.erl application_master.erl application_starter.erl auth.erl code.erl code_server.erl disk_log.erl disk_log_1.erl disk_log_server.erl disk_log_sup.erl dist_ac.erl dist_util.erl erl_boot_server.erl erl_compile_server.erl erl_ddll.erl erl_distribution.erl erl_erts_errors.erl erl_epmd.erl erl_kernel_errors.erl erl_reply.erl erl_signal_handler.erl erpc.erl erts_debug.erl error_handler.erl error_logger.erl file.erl file_io_server.erl file_server.erl gen_tcp.erl gen_tcp_socket.erl gen_udp.erl gen_udp_socket.erl gen_sctp.erl global.erl global_group.erl global_search.erl group.erl group_history.erl heart.erl inet.erl inet6_tcp.erl inet6_tcp_dist.erl inet6_udp.erl inet6_sctp.erl inet_config.erl inet_db.erl inet_dns.erl inet_epmd_dist.erl inet_epmd_socket.erl inet_gethost_native.erl inet_hosts.erl inet_parse.erl inet_res.erl inet_tcp.erl inet_tcp_dist.erl inet_udp.erl inet_sctp.erl kernel.erl kernel_config.erl kernel_refc.erl local_udp.erl local_tcp.erl logger.erl logger_backend.erl logger_config.erl logger_handler_watcher.erl logger_std_h.erl logger_disk_log_h.erl logger_h_common.erl logger_filters.erl logger_formatter.erl logger_olp.erl logger_proxy.erl logger_server.erl logger_simple_h.erl logger_sup.erl net.erl net_adm.erl net_kernel.erl os.erl pg.erl pg2.erl ram_file.erl rpc.erl seq_trace.erl socket.erl standard_error.erl user_drv.erl user_sup.erl prim_tty.erl raw_file_io.erl raw_file_io_compressed.erl raw_file_io_inflate.erl raw_file_io_deflate.erl raw_file_io_delayed.erl raw_file_io_list.erl wrap_log_reader.erl "/usr/local/lib/erlang/lib/kernel-9.2.4.8/src"
#7 106.1 /usr/bin/install -c -m 644 application_master.hrl disk_log.hrl erl_epmd.hrl file_int.hrl inet_dns.hrl inet_res.hrl inet_boot.hrl inet_config.hrl inet_int.hrl inet_dns_record_adts.hrl logger_internal.hrl logger_olp.hrl logger_h_common.hrl "/usr/local/lib/erlang/lib/kernel-9.2.4.8/src"
#7 106.1 /usr/bin/install -c -d "/usr/local/lib/erlang/lib/kernel-9.2.4.8/include"
#7 106.1 /usr/bin/install -c -m 644 ../include/file.hrl ../include/inet.hrl ../include/inet_sctp.hrl ../include/dist.hrl ../include/dist_util.hrl ../include/net_address.hrl ../include/logger.hrl ../include/eep48.hrl "/usr/local/lib/erlang/lib/kernel-9.2.4.8/include"
#7 106.1 /usr/bin/install -c -d "/usr/local/lib/erlang/lib/kernel-9.2.4.8/ebin"
#7 106.1 /usr/bin/install -c -m 644 ../ebin/application.beam ../ebin/application_controller.beam ../ebin/application_master.beam ../ebin/application_starter.beam ../ebin/auth.beam ../ebin/code.beam ../ebin/code_server.beam ../ebin/disk_log.beam ../ebin/disk_log_1.beam ../ebin/disk_log_server.beam ../ebin/disk_log_sup.beam ../ebin/dist_ac.beam ../ebin/dist_util.beam ../ebin/erl_boot_server.beam ../ebin/erl_compile_server.beam ../ebin/erl_ddll.beam ../ebin/erl_distribution.beam ../ebin/erl_erts_errors.beam ../ebin/erl_epmd.beam ../ebin/erl_kernel_errors.beam ../ebin/erl_reply.beam ../ebin/erl_signal_handler.beam ../ebin/erpc.beam ../ebin/erts_debug.beam ../ebin/error_handler.beam ../ebin/error_logger.beam ../ebin/file.beam ../ebin/file_io_server.beam ../ebin/file_server.beam ../ebin/gen_tcp.beam ../ebin/gen_tcp_socket.beam ../ebin/gen_udp.beam ../ebin/gen_udp_socket.beam ../ebin/gen_sctp.beam ../ebin/global.beam ../ebin/global_group.beam ../ebin/global_search.beam ../ebin/group.beam ../ebin/group_history.beam ../ebin/heart.beam ../ebin/inet.beam ../ebin/inet6_tcp.beam ../ebin/inet6_tcp_dist.beam ../ebin/inet6_udp.beam ../ebin/inet6_sctp.beam ../ebin/inet_config.beam ../ebin/inet_db.beam ../ebin/inet_dns.beam ../ebin/inet_epmd_dist.beam ../ebin/inet_epmd_socket.beam ../ebin/inet_gethost_native.beam ../ebin/inet_hosts.beam ../ebin/inet_parse.beam ../ebin/inet_res.beam ../ebin/inet_tcp.beam ../ebin/inet_tcp_dist.beam ../ebin/inet_udp.beam ../ebin/inet_sctp.beam ../ebin/kernel.beam ../ebin/kernel_config.beam ../ebin/kernel_refc.beam ../ebin/local_udp.beam ../ebin/local_tcp.beam ../ebin/logger.beam ../ebin/logger_backend.beam ../ebin/logger_config.beam ../ebin/logger_handler_watcher.beam ../ebin/logger_std_h.beam ../ebin/logger_disk_log_h.beam ../ebin/logger_h_common.beam ../ebin/logger_filters.beam ../ebin/logger_formatter.beam ../ebin/logger_olp.beam ../ebin/logger_proxy.beam ../ebin/logger_server.beam ../ebin/logger_simple_h.beam ../ebin/logger_sup.beam ../ebin/net.beam ../ebin/net_adm.beam ../ebin/net_kernel.beam ../ebin/os.beam ../ebin/pg.beam ../ebin/pg2.beam ../ebin/ram_file.beam ../ebin/rpc.beam ../ebin/seq_trace.beam ../ebin/socket.beam ../ebin/standard_error.beam ../ebin/user_drv.beam ../ebin/user_sup.beam ../ebin/prim_tty.beam ../ebin/raw_file_io.beam ../ebin/raw_file_io_compressed.beam ../ebin/raw_file_io_inflate.beam ../ebin/raw_file_io_deflate.beam ../ebin/raw_file_io_delayed.beam ../ebin/raw_file_io_list.beam ../ebin/wrap_log_reader.beam ../ebin/kernel.app ../ebin/kernel.appup "/usr/local/lib/erlang/lib/kernel-9.2.4.8/ebin"
#7 106.2 make[4]: Leaving directory '/build/otp_src_26.2.5.12/lib/kernel/src'
#7 106.2 make[3]: Leaving directory '/build/otp_src_26.2.5.12/lib/kernel/src'
#7 106.2 make[3]: Entering directory '/build/otp_src_26.2.5.12/lib/kernel/doc/src'
#7 106.2 make -w RELEASE_PATH="/usr/local/lib/erlang"   release_spec 
#7 106.2 make[4]: Entering directory '/build/otp_src_26.2.5.12/lib/kernel/doc/src'
#7 106.2 make[4]: Nothing to be done for 'release_spec'.
#7 106.2 make[4]: Leaving directory '/build/otp_src_26.2.5.12/lib/kernel/doc/src'
#7 106.2 make[3]: Leaving directory '/build/otp_src_26.2.5.12/lib/kernel/doc/src'
#7 106.2 make[3]: Entering directory '/build/otp_src_26.2.5.12/lib/kernel/examples'
#7 106.2 make -w RELEASE_PATH="/usr/local/lib/erlang"   release_spec 
#7 106.2 make[4]: Entering directory '/build/otp_src_26.2.5.12/lib/kernel/examples'
#7 106.2 /usr/bin/install -c -d "/usr/local/lib/erlang/lib/kernel-9.2.4.8/examples"
#7 106.2 tar cf - uds_dist erl_uds_dist gen_tcp_dist | \
#7 106.2 (cd "/usr/local/lib/erlang/lib/kernel-9.2.4.8/examples"; tar xf - ; chmod -R ug+w uds_dist erl_uds_dist gen_tcp_dist )
#7 106.2 make[4]: Leaving directory '/build/otp_src_26.2.5.12/lib/kernel/examples'
#7 106.2 make[3]: Leaving directory '/build/otp_src_26.2.5.12/lib/kernel/examples'
#7 106.2 make[3]: Entering directory '/build/otp_src_26.2.5.12/lib/kernel'
#7 106.2 test -d "/usr/local/lib/erlang/releases/26" || mkdir -p "/usr/local/lib/erlang/releases/26" ;			\
#7 106.2 if test ! -f "/usr/local/lib/erlang/releases/26/installed_application_versions" ; then				\
#7 106.2  echo "kernel-9.2.4.8" > "/usr/local/lib/erlang/releases/26/installed_application_versions" || exit 1;	\
#7 106.2 else								\
#7 106.2  if test x = x`grep kernel-9.2.4.8 "/usr/local/lib/erlang/releases/26/installed_application_versions"` ; then \
#7 106.2   echo kernel-9.2.4.8 >> "/usr/local/lib/erlang/releases/26/installed_application_versions" || exit 1;	\
#7 106.2  fi ;								\
#7 106.2 fi
#7 106.2 make[3]: Leaving directory '/build/otp_src_26.2.5.12/lib/kernel'
#7 106.2 === Leaving application kernel
#7 106.2 make[2]: Leaving directory '/build/otp_src_26.2.5.12/lib/kernel'
#7 106.2 make[2]: Entering directory '/build/otp_src_26.2.5.12/lib/compiler'
#7 106.2 === Entering application compiler
#7 106.2 make[3]: Entering directory '/build/otp_src_26.2.5.12/lib/compiler/src'
#7 106.2 make -w RELEASE_PATH="/usr/local/lib/erlang"   release_spec 
#7 106.2 make[4]: Entering directory '/build/otp_src_26.2.5.12/lib/compiler/src'
#7 106.2 /usr/bin/install -c -d "/usr/local/lib/erlang/lib/compiler-8.4.3.3/src"
#7 106.2 /usr/bin/install -c -m 644 beam_a.erl beam_asm.erl beam_bounds.erl beam_block.erl beam_call_types.erl beam_clean.erl beam_dict.erl beam_digraph.erl beam_disasm.erl beam_flatten.erl beam_jump.erl beam_listing.erl beam_opcodes.erl beam_ssa.erl beam_ssa_alias.erl beam_ssa_bc_size.erl beam_ssa_bool.erl beam_ssa_bsm.erl beam_ssa_check.erl beam_ssa_codegen.erl beam_ssa_dead.erl beam_ssa_lint.erl beam_ssa_opt.erl beam_ssa_pp.erl beam_ssa_pre_codegen.erl beam_ssa_private_append.erl beam_ssa_recv.erl beam_ssa_share.erl beam_ssa_throw.erl beam_ssa_type.erl beam_kernel_to_ssa.erl beam_trim.erl beam_types.erl beam_utils.erl beam_validator.erl beam_z.erl cerl.erl cerl_clauses.erl cerl_inline.erl cerl_trees.erl compile.erl core_lib.erl core_lint.erl core_parse.erl core_pp.erl core_scan.erl erl_bifs.erl rec_env.erl sys_core_alias.erl sys_core_bsm.erl sys_core_fold.erl sys_core_fold_lists.erl sys_core_inline.erl sys_core_prepare.erl sys_messages.erl sys_pre_attributes.erl v3_core.erl v3_kernel.erl v3_kernel_pp.erl beam_asm.hrl beam_disasm.hrl beam_ssa_opt.hrl beam_ssa.hrl beam_types.hrl core_parse.hrl v3_kernel.hrl ./beam_opcodes.hrl \
#7 106.2 	core_parse.yrl "/usr/local/lib/erlang/lib/compiler-8.4.3.3/src"
#7 106.2 /usr/bin/install -c -d "/usr/local/lib/erlang/lib/compiler-8.4.3.3/ebin"
#7 106.2 /usr/bin/install -c -m 644 ../ebin/beam_a.beam ../ebin/beam_asm.beam ../ebin/beam_bounds.beam ../ebin/beam_block.beam ../ebin/beam_call_types.beam ../ebin/beam_clean.beam ../ebin/beam_dict.beam ../ebin/beam_digraph.beam ../ebin/beam_disasm.beam ../ebin/beam_flatten.beam ../ebin/beam_jump.beam ../ebin/beam_listing.beam ../ebin/beam_opcodes.beam ../ebin/beam_ssa.beam ../ebin/beam_ssa_alias.beam ../ebin/beam_ssa_bc_size.beam ../ebin/beam_ssa_bool.beam ../ebin/beam_ssa_bsm.beam ../ebin/beam_ssa_check.beam ../ebin/beam_ssa_codegen.beam ../ebin/beam_ssa_dead.beam ../ebin/beam_ssa_lint.beam ../ebin/beam_ssa_opt.beam ../ebin/beam_ssa_pp.beam ../ebin/beam_ssa_pre_codegen.beam ../ebin/beam_ssa_private_append.beam ../ebin/beam_ssa_recv.beam ../ebin/beam_ssa_share.beam ../ebin/beam_ssa_throw.beam ../ebin/beam_ssa_type.beam ../ebin/beam_kernel_to_ssa.beam ../ebin/beam_trim.beam ../ebin/beam_types.beam ../ebin/beam_utils.beam ../ebin/beam_validator.beam ../ebin/beam_z.beam ../ebin/cerl.beam ../ebin/cerl_clauses.beam ../ebin/cerl_inline.beam ../ebin/cerl_trees.beam ../ebin/compile.beam ../ebin/core_lib.beam ../ebin/core_lint.beam ../ebin/core_parse.beam ../ebin/core_pp.beam ../ebin/core_scan.beam ../ebin/erl_bifs.beam ../ebin/rec_env.beam ../ebin/sys_core_alias.beam ../ebin/sys_core_bsm.beam ../ebin/sys_core_fold.beam ../ebin/sys_core_fold_lists.beam ../ebin/sys_core_inline.beam ../ebin/sys_core_prepare.beam ../ebin/sys_messages.beam ../ebin/sys_pre_attributes.beam ../ebin/v3_core.beam ../ebin/v3_kernel.beam ../ebin/v3_kernel_pp.beam ../ebin/compiler.app ../ebin/compiler.appup "/usr/local/lib/erlang/lib/compiler-8.4.3.3/ebin"
#7 106.2 make[4]: Leaving directory '/build/otp_src_26.2.5.12/lib/compiler/src'
#7 106.2 make[3]: Leaving directory '/build/otp_src_26.2.5.12/lib/compiler/src'
#7 106.2 make[3]: Entering directory '/build/otp_src_26.2.5.12/lib/compiler/doc/src'
#7 106.3 make -w RELEASE_PATH="/usr/local/lib/erlang"   release_spec 
#7 106.3 make[4]: Entering directory '/build/otp_src_26.2.5.12/lib/compiler/doc/src'
#7 106.3 make[4]: Nothing to be done for 'release_spec'.
#7 106.3 make[4]: Leaving directory '/build/otp_src_26.2.5.12/lib/compiler/doc/src'
#7 106.3 make[3]: Leaving directory '/build/otp_src_26.2.5.12/lib/compiler/doc/src'
#7 106.3 make[3]: Entering directory '/build/otp_src_26.2.5.12/lib/compiler'
#7 106.3 test -d "/usr/local/lib/erlang/releases/26" || mkdir -p "/usr/local/lib/erlang/releases/26" ;			\
#7 106.3 if test ! -f "/usr/local/lib/erlang/releases/26/installed_application_versions" ; then				\
#7 106.3  echo "compiler-8.4.3.3" > "/usr/local/lib/erlang/releases/26/installed_application_versions" || exit 1;	\
#7 106.3 else								\
#7 106.3  if test x = x`grep compiler-8.4.3.3 "/usr/local/lib/erlang/releases/26/installed_application_versions"` ; then \
#7 106.3   echo compiler-8.4.3.3 >> "/usr/local/lib/erlang/releases/26/installed_application_versions" || exit 1;	\
#7 106.3  fi ;								\
#7 106.3 fi
#7 106.3 make[3]: Leaving directory '/build/otp_src_26.2.5.12/lib/compiler'
#7 106.3 === Leaving application compiler
#7 106.3 make[2]: Leaving directory '/build/otp_src_26.2.5.12/lib/compiler'
#7 106.3 make[2]: Entering directory '/build/otp_src_26.2.5.12/lib/tools'
#7 106.3 === Entering application tools
#7 106.3 make[3]: Entering directory '/build/otp_src_26.2.5.12/lib/tools/src'
#7 106.3 make -w RELEASE_PATH="/usr/local/lib/erlang"   release_spec 
#7 106.3 make[4]: Entering directory '/build/otp_src_26.2.5.12/lib/tools/src'
#7 106.3 /usr/bin/install -c -d "/usr/local/lib/erlang/lib/tools-3.6/src"
#7 106.3 /usr/bin/install -c -m 644 cover.erl eprof.erl fprof.erl cprof.erl lcnt.erl make.erl tags.erl xref.erl xref_base.erl xref_compiler.erl xref_parser.erl xref_reader.erl xref_scanner.erl xref_utils.erl xref_parser.yrl xref.hrl "/usr/local/lib/erlang/lib/tools-3.6/src"
#7 106.3 /usr/bin/install -c -d "/usr/local/lib/erlang/lib/tools-3.6/ebin"
#7 106.3 /usr/bin/install -c -m 644 ../ebin/cover.beam ../ebin/eprof.beam ../ebin/fprof.beam ../ebin/cprof.beam ../ebin/lcnt.beam ../ebin/make.beam ../ebin/tags.beam ../ebin/xref.beam ../ebin/xref_base.beam ../ebin/xref_compiler.beam ../ebin/xref_parser.beam ../ebin/xref_reader.beam ../ebin/xref_scanner.beam ../ebin/xref_utils.beam ../ebin/tools.app ../ebin/tools.appup \
#7 106.3 	"/usr/local/lib/erlang/lib/tools-3.6/ebin"
#7 106.3 /usr/bin/install -c -d "/usr/local/lib/erlang/lib/tools-3.6/priv"
#7 106.3 /usr/bin/install -c -m 644 ../priv/styles.css "/usr/local/lib/erlang/lib/tools-3.6/priv"
#7 106.3 make[4]: Leaving directory '/build/otp_src_26.2.5.12/lib/tools/src'
#7 106.3 make[3]: Leaving directory '/build/otp_src_26.2.5.12/lib/tools/src'
#7 106.3 make[3]: Entering directory '/build/otp_src_26.2.5.12/lib/tools/doc/src'
#7 106.3 make -w RELEASE_PATH="/usr/local/lib/erlang"   release_spec 
#7 106.3 make[4]: Entering directory '/build/otp_src_26.2.5.12/lib/tools/doc/src'
#7 106.3 make[4]: Nothing to be done for 'release_spec'.
#7 106.3 make[4]: Leaving directory '/build/otp_src_26.2.5.12/lib/tools/doc/src'
#7 106.3 make[3]: Leaving directory '/build/otp_src_26.2.5.12/lib/tools/doc/src'
#7 106.3 make[3]: Entering directory '/build/otp_src_26.2.5.12/lib/tools/examples'
#7 106.3 make -w RELEASE_PATH="/usr/local/lib/erlang"   release_spec 
#7 106.3 make[4]: Entering directory '/build/otp_src_26.2.5.12/lib/tools/examples'
#7 106.3 /usr/bin/install -c -d "/usr/local/lib/erlang/lib/tools-3.6/examples"
#7 106.3 /usr/bin/install -c -m 644 xref_examples.erl "/usr/local/lib/erlang/lib/tools-3.6/examples"
#7 106.3 make[4]: Leaving directory '/build/otp_src_26.2.5.12/lib/tools/examples'
#7 106.3 make[3]: Leaving directory '/build/otp_src_26.2.5.12/lib/tools/examples'
#7 106.3 make[3]: Entering directory '/build/otp_src_26.2.5.12/lib/tools/emacs'
#7 106.3 make -w RELEASE_PATH="/usr/local/lib/erlang"   release_spec 
#7 106.3 make[4]: Entering directory '/build/otp_src_26.2.5.12/lib/tools/emacs'
#7 106.4 /usr/bin/install -c -d "/usr/local/lib/erlang/lib/tools-3.6/emacs"
#7 106.4 /usr/bin/install -c -m 644 erldoc.el erlang-skels.el erlang-skels-old.el erlang_appwiz.el erlang-start.el erlang-eunit.el erlang-edoc.el erlang-flymake.el erlang-test.el erlang.el README \
#7 106.4 	"/usr/local/lib/erlang/lib/tools-3.6/emacs"
#7 106.4 make[4]: Leaving directory '/build/otp_src_26.2.5.12/lib/tools/emacs'
#7 106.4 make[3]: Leaving directory '/build/otp_src_26.2.5.12/lib/tools/emacs'
#7 106.4 make[3]: Entering directory '/build/otp_src_26.2.5.12/lib/tools'
#7 106.4 test -d "/usr/local/lib/erlang/releases/26" || mkdir -p "/usr/local/lib/erlang/releases/26" ;			\
#7 106.4 if test ! -f "/usr/local/lib/erlang/releases/26/installed_application_versions" ; then				\
#7 106.4  echo "tools-3.6" > "/usr/local/lib/erlang/releases/26/installed_application_versions" || exit 1;	\
#7 106.4 else								\
#7 106.4  if test x = x`grep tools-3.6 "/usr/local/lib/erlang/releases/26/installed_application_versions"` ; then \
#7 106.4   echo tools-3.6 >> "/usr/local/lib/erlang/releases/26/installed_application_versions" || exit 1;	\
#7 106.4  fi ;								\
#7 106.4 fi
#7 106.4 make[3]: Leaving directory '/build/otp_src_26.2.5.12/lib/tools'
#7 106.4 === Leaving application tools
#7 106.4 make[2]: Leaving directory '/build/otp_src_26.2.5.12/lib/tools'
#7 106.4 make[2]: Entering directory '/build/otp_src_26.2.5.12/lib/common_test'
#7 106.4 === Entering application common_test
#7 106.4 make[3]: Entering directory '/build/otp_src_26.2.5.12/lib/common_test/doc/src'
#7 106.4 make -w RELEASE_PATH="/usr/local/lib/erlang"   release_spec 
#7 106.4 make[4]: Entering directory '/build/otp_src_26.2.5.12/lib/common_test/doc/src'
#7 106.4 make[4]: Nothing to be done for 'release_spec'.
#7 106.4 make[4]: Leaving directory '/build/otp_src_26.2.5.12/lib/common_test/doc/src'
#7 106.4 make[3]: Leaving directory '/build/otp_src_26.2.5.12/lib/common_test/doc/src'
#7 106.4 make[3]: Entering directory '/build/otp_src_26.2.5.12/lib/common_test/src'
#7 106.4 make -w RELEASE_PATH="/usr/local/lib/erlang"   release_spec 
#7 106.4 make[4]: Entering directory '/build/otp_src_26.2.5.12/lib/common_test/src'
#7 106.4 /usr/bin/install -c -d "/usr/local/lib/erlang/lib/common_test-1.26.2.4/src"
#7 106.4 /usr/bin/install -c -m 644 ct.erl ct_logs.erl ct_framework.erl ct_ftp.erl ct_ssh.erl ct_snmp.erl ct_gen_conn.erl ct_rpc.erl ct_run.erl ct_master.erl ct_telnet.erl ct_util.erl ct_cover.erl ct_testspec.erl ct_event.erl ct_master_event.erl ct_master_logs.erl ct_master_status.erl ct_repeat.erl ct_telnet_client.erl ct_make.erl unix_telnet.erl ct_config.erl ct_config_plain.erl ct_config_xml.erl ct_slave.erl ct_hooks.erl ct_hooks_lock.erl cth_log_redirect.erl cth_surefire.erl ct_netconfc.erl ct_conn_log_h.erl cth_conn_log.erl ct_groups.erl ct_property_test.erl ct_release_test.erl ct_default_gl.erl erl2html2.erl test_server_ctrl.erl test_server_gl.erl test_server_io.erl test_server_node.erl test_server.erl test_server_sup.erl ct_suite.erl ct_util.hrl ct_netconfc.hrl "/usr/local/lib/erlang/lib/common_test-1.26.2.4/src"
#7 106.4 /usr/bin/install -c -d "/usr/local/lib/erlang/lib/common_test-1.26.2.4/ebin"
#7 106.4 /usr/bin/install -c -m 644  ../ebin/ct.beam ../ebin/ct_logs.beam ../ebin/ct_framework.beam ../ebin/ct_ftp.beam ../ebin/ct_ssh.beam ../ebin/ct_snmp.beam ../ebin/ct_gen_conn.beam ../ebin/ct_rpc.beam ../ebin/ct_run.beam ../ebin/ct_master.beam ../ebin/ct_telnet.beam ../ebin/ct_util.beam ../ebin/ct_cover.beam ../ebin/ct_testspec.beam ../ebin/ct_event.beam ../ebin/ct_master_event.beam ../ebin/ct_master_logs.beam ../ebin/ct_master_status.beam ../ebin/ct_repeat.beam ../ebin/ct_telnet_client.beam ../ebin/ct_make.beam ../ebin/unix_telnet.beam ../ebin/ct_config.beam ../ebin/ct_config_plain.beam ../ebin/ct_config_xml.beam ../ebin/ct_slave.beam ../ebin/ct_hooks.beam ../ebin/ct_hooks_lock.beam ../ebin/cth_log_redirect.beam ../ebin/cth_surefire.beam ../ebin/ct_netconfc.beam ../ebin/ct_conn_log_h.beam ../ebin/cth_conn_log.beam ../ebin/ct_groups.beam ../ebin/ct_property_test.beam ../ebin/ct_release_test.beam ../ebin/ct_default_gl.beam ../ebin/erl2html2.beam ../ebin/test_server_ctrl.beam ../ebin/test_server_gl.beam ../ebin/test_server_io.beam ../ebin/test_server_node.beam ../ebin/test_server.beam ../ebin/test_server_sup.beam ../ebin/ct_suite.beam ../ebin/common_test.app ../ebin/common_test.appup "/usr/local/lib/erlang/lib/common_test-1.26.2.4/ebin"
#7 106.4 /usr/bin/install -c -d "/usr/local/lib/erlang/lib/common_test-1.26.2.4/include"
#7 106.4 /usr/bin/install -c -m 644 ../include/ct.hrl ../include/ct_event.hrl ../include/ct_property_test.hrl "/usr/local/lib/erlang/lib/common_test-1.26.2.4/include"
#7 106.4 make[4]: Leaving directory '/build/otp_src_26.2.5.12/lib/common_test/src'
#7 106.4 make[3]: Leaving directory '/build/otp_src_26.2.5.12/lib/common_test/src'
#7 106.4 make[3]: Entering directory '/build/otp_src_26.2.5.12/lib/common_test/priv'
#7 106.4  MAKE	release
#7 106.4 make[4]: Entering directory '/build/otp_src_26.2.5.12/lib/common_test/priv'
#7 106.4 make -w RELEASE_PATH="/usr/local/lib/erlang"   release_spec 
#7 106.4 make[5]: Entering directory '/build/otp_src_26.2.5.12/lib/common_test/priv'
#7 106.4  MAKE	release_spec
#7 106.4 make[6]: Entering directory '/build/otp_src_26.2.5.12/lib/common_test/priv'
#7 106.4 /usr/bin/install -c -d "/usr/local/lib/erlang/lib/common_test-1.26.2.4/priv"
#7 106.4 /usr/bin/install -c -m 644  tile1.jpg ct_default.css jquery-latest.js jquery.tablesorter.min.js  "/usr/local/lib/erlang/lib/common_test-1.26.2.4/priv"
#7 106.4 make[6]: Leaving directory '/build/otp_src_26.2.5.12/lib/common_test/priv'
#7 106.4 make[5]: Leaving directory '/build/otp_src_26.2.5.12/lib/common_test/priv'
#7 106.4 make[4]: Leaving directory '/build/otp_src_26.2.5.12/lib/common_test/priv'
#7 106.4 make[3]: Leaving directory '/build/otp_src_26.2.5.12/lib/common_test/priv'
#7 106.4 make[3]: Entering directory '/build/otp_src_26.2.5.12/lib/common_test'
#7 106.5 test -d "/usr/local/lib/erlang/releases/26" || mkdir -p "/usr/local/lib/erlang/releases/26" ;			\
#7 106.5 if test ! -f "/usr/local/lib/erlang/releases/26/installed_application_versions" ; then				\
#7 106.5  echo "common_test-1.26.2.4" > "/usr/local/lib/erlang/releases/26/installed_application_versions" || exit 1;	\
#7 106.5 else								\
#7 106.5  if test x = x`grep common_test-1.26.2.4 "/usr/local/lib/erlang/releases/26/installed_application_versions"` ; then \
#7 106.5   echo common_test-1.26.2.4 >> "/usr/local/lib/erlang/releases/26/installed_application_versions" || exit 1;	\
#7 106.5  fi ;								\
#7 106.5 fi
#7 106.5 make[3]: Leaving directory '/build/otp_src_26.2.5.12/lib/common_test'
#7 106.5 === Leaving application common_test
#7 106.5 make[2]: Leaving directory '/build/otp_src_26.2.5.12/lib/common_test'
#7 106.5 make[2]: Entering directory '/build/otp_src_26.2.5.12/lib/runtime_tools'
#7 106.5 === Entering application runtime_tools
#7 106.5 make[3]: Entering directory '/build/otp_src_26.2.5.12/lib/runtime_tools/src'
#7 106.5 make -w RELEASE_PATH="/usr/local/lib/erlang"   release_spec 
#7 106.5 make[4]: Entering directory '/build/otp_src_26.2.5.12/lib/runtime_tools/src'
#7 106.5 /usr/bin/install -c -d "/usr/local/lib/erlang/lib/runtime_tools-2.0.1/src"
#7 106.5 /usr/bin/install -c -m 644 appmon_info.erl erts_alloc_config.erl instrument.erl runtime_tools.erl runtime_tools_sup.erl dbg.erl dyntrace.erl system_information.erl observer_backend.erl ttb_autostart.erl scheduler.erl msacc.erl "/usr/local/lib/erlang/lib/runtime_tools-2.0.1/src"
#7 106.5 /usr/bin/install -c -d "/usr/local/lib/erlang/lib/runtime_tools-2.0.1/include"
#7 106.5 /usr/bin/install -c -m 644 ../include/observer_backend.hrl "/usr/local/lib/erlang/lib/runtime_tools-2.0.1/include"
#7 106.5 /usr/bin/install -c -d "/usr/local/lib/erlang/lib/runtime_tools-2.0.1/examples"
#7 106.5 /usr/bin/install -c -m 644 ../examples/* "/usr/local/lib/erlang/lib/runtime_tools-2.0.1/examples"
#7 106.5 /usr/bin/install -c -d "/usr/local/lib/erlang/lib/runtime_tools-2.0.1/ebin"
#7 106.5 /usr/bin/install -c -m 644 ../ebin/appmon_info.beam ../ebin/erts_alloc_config.beam ../ebin/instrument.beam ../ebin/runtime_tools.beam ../ebin/runtime_tools_sup.beam ../ebin/dbg.beam ../ebin/dyntrace.beam ../ebin/system_information.beam ../ebin/observer_backend.beam ../ebin/ttb_autostart.beam ../ebin/scheduler.beam ../ebin/msacc.beam ../ebin/runtime_tools.app ../ebin/runtime_tools.appup "/usr/local/lib/erlang/lib/runtime_tools-2.0.1/ebin"
#7 106.5 make[4]: Leaving directory '/build/otp_src_26.2.5.12/lib/runtime_tools/src'
#7 106.5 make[3]: Leaving directory '/build/otp_src_26.2.5.12/lib/runtime_tools/src'
#7 106.5 make[3]: Entering directory '/build/otp_src_26.2.5.12/lib/runtime_tools/c_src'
#7 106.5  MAKE	release
#7 106.5 make[4]: Entering directory '/build/otp_src_26.2.5.12/lib/runtime_tools/c_src'
#7 106.5 make -w RELEASE_PATH="/usr/local/lib/erlang"   release_spec 
#7 106.5 make[5]: Entering directory '/build/otp_src_26.2.5.12/lib/runtime_tools/c_src'
#7 106.5  MAKE	release_spec
#7 106.5 make[6]: Entering directory '/build/otp_src_26.2.5.12/lib/runtime_tools/c_src'
#7 106.5 /usr/bin/install -c -d "/usr/local/lib/erlang/lib/runtime_tools-2.0.1/priv/lib"
#7 106.5 /usr/bin/install -c  ../priv/lib/x86_64-pc-linux-gnu/dyntrace.so  ../priv/lib/x86_64-pc-linux-gnu/trace_file_drv.so  ../priv/lib/x86_64-pc-linux-gnu/trace_ip_drv.so "/usr/local/lib/erlang/lib/runtime_tools-2.0.1/priv/lib"
#7 106.5 make[6]: Leaving directory '/build/otp_src_26.2.5.12/lib/runtime_tools/c_src'
#7 106.5 make[5]: Leaving directory '/build/otp_src_26.2.5.12/lib/runtime_tools/c_src'
#7 106.5 make[4]: Leaving directory '/build/otp_src_26.2.5.12/lib/runtime_tools/c_src'
#7 106.5 make[3]: Leaving directory '/build/otp_src_26.2.5.12/lib/runtime_tools/c_src'
#7 106.5 make[3]: Entering directory '/build/otp_src_26.2.5.12/lib/runtime_tools/doc/src'
#7 106.5 make -w RELEASE_PATH="/usr/local/lib/erlang"   release_spec 
#7 106.5 make[4]: Entering directory '/build/otp_src_26.2.5.12/lib/runtime_tools/doc/src'
#7 106.5 make[4]: Nothing to be done for 'release_spec'.
#7 106.5 make[4]: Leaving directory '/build/otp_src_26.2.5.12/lib/runtime_tools/doc/src'
#7 106.5 make[3]: Leaving directory '/build/otp_src_26.2.5.12/lib/runtime_tools/doc/src'
#7 106.5 make[3]: Entering directory '/build/otp_src_26.2.5.12/lib/runtime_tools'
#7 106.5 test -d "/usr/local/lib/erlang/releases/26" || mkdir -p "/usr/local/lib/erlang/releases/26" ;			\
#7 106.5 if test ! -f "/usr/local/lib/erlang/releases/26/installed_application_versions" ; then				\
#7 106.5  echo "runtime_tools-2.0.1" > "/usr/local/lib/erlang/releases/26/installed_application_versions" || exit 1;	\
#7 106.5 else								\
#7 106.5  if test x = x`grep runtime_tools-2.0.1 "/usr/local/lib/erlang/releases/26/installed_application_versions"` ; then \
#7 106.5   echo runtime_tools-2.0.1 >> "/usr/local/lib/erlang/releases/26/installed_application_versions" || exit 1;	\
#7 106.5  fi ;								\
#7 106.5 fi
#7 106.5 make[3]: Leaving directory '/build/otp_src_26.2.5.12/lib/runtime_tools'
#7 106.5 === Leaving application runtime_tools
#7 106.5 make[2]: Leaving directory '/build/otp_src_26.2.5.12/lib/runtime_tools'
#7 106.5 make[2]: Entering directory '/build/otp_src_26.2.5.12/lib/inets'
#7 106.5 === Entering application inets
#7 106.5 make[3]: Entering directory '/build/otp_src_26.2.5.12/lib/inets/src'
#7 106.6 make[4]: Entering directory '/build/otp_src_26.2.5.12/lib/inets/src/inets_app'
#7 106.6 make -w RELEASE_PATH="/usr/local/lib/erlang"   release_spec 
#7 106.6 make[5]: Entering directory '/build/otp_src_26.2.5.12/lib/inets/src/inets_app'
#7 106.6 /usr/bin/install -c -d  "/usr/local/lib/erlang/lib/inets-9.1.0.2/src"
#7 106.6 /usr/bin/install -c -d  "/usr/local/lib/erlang/lib/inets-9.1.0.2/src/inets_app"
#7 106.6 /usr/bin/install -c -m 644 inets_internal.hrl inets.erl inets_service.erl inets_app.erl inets_sup.erl inets_trace.erl inets_lib.erl "/usr/local/lib/erlang/lib/inets-9.1.0.2/src/inets_app"
#7 106.6 /usr/bin/install -c -d  "/usr/local/lib/erlang/lib/inets-9.1.0.2/include"
#7 106.6 /usr/bin/install -c -m 644 ../../include/httpd.hrl ../../include/mod_auth.hrl "/usr/local/lib/erlang/lib/inets-9.1.0.2/include"
#7 106.6 /usr/bin/install -c -d  "/usr/local/lib/erlang/lib/inets-9.1.0.2/ebin"
#7 106.6 /usr/bin/install -c -m 644 ../../ebin/inets.beam ../../ebin/inets_service.beam ../../ebin/inets_app.beam ../../ebin/inets_sup.beam ../../ebin/inets_trace.beam ../../ebin/inets_lib.beam ../../ebin/inets.app ../../ebin/inets.appup "/usr/local/lib/erlang/lib/inets-9.1.0.2/ebin"
#7 106.6 make[5]: Leaving directory '/build/otp_src_26.2.5.12/lib/inets/src/inets_app'
#7 106.6 make[4]: Leaving directory '/build/otp_src_26.2.5.12/lib/inets/src/inets_app'
#7 106.6 make[4]: Entering directory '/build/otp_src_26.2.5.12/lib/inets/src/http_lib'
#7 106.6 make -w RELEASE_PATH="/usr/local/lib/erlang"   release_spec 
#7 106.6 make[5]: Entering directory '/build/otp_src_26.2.5.12/lib/inets/src/http_lib'
#7 106.6 /usr/bin/install -c -d  "/usr/local/lib/erlang/lib/inets-9.1.0.2/src"
#7 106.6 /usr/bin/install -c -d  "/usr/local/lib/erlang/lib/inets-9.1.0.2/src/http_lib"
#7 106.6 /usr/bin/install -c -m 644 http_internal.hrl http_chunk.erl http_transport.erl http_util.erl http_request.erl http_response.erl http_uri.erl "/usr/local/lib/erlang/lib/inets-9.1.0.2/src/http_lib"
#7 106.6 /usr/bin/install -c -d  "/usr/local/lib/erlang/lib/inets-9.1.0.2/ebin"
#7 106.6 /usr/bin/install -c -m 644 ../../ebin/http_chunk.beam ../../ebin/http_transport.beam ../../ebin/http_util.beam ../../ebin/http_request.beam ../../ebin/http_response.beam ../../ebin/http_uri.beam  "/usr/local/lib/erlang/lib/inets-9.1.0.2/ebin"
#7 106.6 make[5]: Leaving directory '/build/otp_src_26.2.5.12/lib/inets/src/http_lib'
#7 106.6 make[4]: Leaving directory '/build/otp_src_26.2.5.12/lib/inets/src/http_lib'
#7 106.6 make[4]: Entering directory '/build/otp_src_26.2.5.12/lib/inets/src/http_client'
#7 106.6 make -w RELEASE_PATH="/usr/local/lib/erlang"   release_spec 
#7 106.6 make[5]: Entering directory '/build/otp_src_26.2.5.12/lib/inets/src/http_client'
#7 106.6 /usr/bin/install -c -d  "/usr/local/lib/erlang/lib/inets-9.1.0.2/src"
#7 106.6 /usr/bin/install -c -d  "/usr/local/lib/erlang/lib/inets-9.1.0.2/src/http_client"
#7 106.6 /usr/bin/install -c -m 644 httpc_internal.hrl httpc.erl httpc_cookie.erl httpc_handler.erl httpc_manager.erl httpc_sup.erl httpc_handler_sup.erl httpc_profile_sup.erl httpc_response.erl httpc_request.erl "/usr/local/lib/erlang/lib/inets-9.1.0.2/src/http_client"
#7 106.6 /usr/bin/install -c -d  "/usr/local/lib/erlang/lib/inets-9.1.0.2/ebin"
#7 106.6 /usr/bin/install -c -m 644 ../../ebin/httpc.beam ../../ebin/httpc_cookie.beam ../../ebin/httpc_handler.beam ../../ebin/httpc_manager.beam ../../ebin/httpc_sup.beam ../../ebin/httpc_handler_sup.beam ../../ebin/httpc_profile_sup.beam ../../ebin/httpc_response.beam ../../ebin/httpc_request.beam  "/usr/local/lib/erlang/lib/inets-9.1.0.2/ebin"
#7 106.6 make[5]: Leaving directory '/build/otp_src_26.2.5.12/lib/inets/src/http_client'
#7 106.6 make[4]: Leaving directory '/build/otp_src_26.2.5.12/lib/inets/src/http_client'
#7 106.6 make[4]: Entering directory '/build/otp_src_26.2.5.12/lib/inets/src/http_server'
#7 106.6 make -w RELEASE_PATH="/usr/local/lib/erlang"   release_spec 
#7 106.6 make[5]: Entering directory '/build/otp_src_26.2.5.12/lib/inets/src/http_server'
#7 106.6 /usr/bin/install -c -d  "/usr/local/lib/erlang/lib/inets-9.1.0.2/src"
#7 106.6 /usr/bin/install -c -d  "/usr/local/lib/erlang/lib/inets-9.1.0.2/src/http_server"
#7 106.6 /usr/bin/install -c -m 644 httpd.hrl httpd_internal.hrl mod_auth.hrl httpd.erl httpd_acceptor.erl httpd_acceptor_sup.erl httpd_connection_sup.erl httpd_cgi.erl httpd_conf.erl httpd_custom.erl httpd_example.erl httpd_esi.erl httpd_file.erl httpd_instance_sup.erl httpd_log.erl httpd_logger.erl httpd_manager.erl httpd_misc_sup.erl httpd_request.erl httpd_request_handler.erl httpd_response.erl httpd_script_env.erl httpd_socket.erl httpd_sup.erl httpd_util.erl mod_actions.erl mod_alias.erl mod_auth.erl mod_auth_plain.erl mod_auth_dets.erl mod_auth_mnesia.erl mod_auth_server.erl mod_cgi.erl mod_dir.erl mod_disk_log.erl mod_esi.erl mod_get.erl mod_head.erl mod_log.erl mod_range.erl mod_responsecontrol.erl mod_trace.erl mod_security.erl mod_security_server.erl httpd_custom_api.erl "/usr/local/lib/erlang/lib/inets-9.1.0.2/src/http_server"
#7 106.6 /usr/bin/install -c -d  "/usr/local/lib/erlang/lib/inets-9.1.0.2/ebin"
#7 106.6 /usr/bin/install -c -m 644 ../../ebin/httpd.beam ../../ebin/httpd_acceptor.beam ../../ebin/httpd_acceptor_sup.beam ../../ebin/httpd_connection_sup.beam ../../ebin/httpd_cgi.beam ../../ebin/httpd_conf.beam ../../ebin/httpd_custom.beam ../../ebin/httpd_example.beam ../../ebin/httpd_esi.beam ../../ebin/httpd_file.beam ../../ebin/httpd_instance_sup.beam ../../ebin/httpd_log.beam ../../ebin/httpd_logger.beam ../../ebin/httpd_manager.beam ../../ebin/httpd_misc_sup.beam ../../ebin/httpd_request.beam ../../ebin/httpd_request_handler.beam ../../ebin/httpd_response.beam ../../ebin/httpd_script_env.beam ../../ebin/httpd_socket.beam ../../ebin/httpd_sup.beam ../../ebin/httpd_util.beam ../../ebin/mod_actions.beam ../../ebin/mod_alias.beam ../../ebin/mod_auth.beam ../../ebin/mod_auth_plain.beam ../../ebin/mod_auth_dets.beam ../../ebin/mod_auth_mnesia.beam ../../ebin/mod_auth_server.beam ../../ebin/mod_cgi.beam ../../ebin/mod_dir.beam ../../ebin/mod_disk_log.beam ../../ebin/mod_esi.beam ../../ebin/mod_get.beam ../../ebin/mod_head.beam ../../ebin/mod_log.beam ../../ebin/mod_range.beam ../../ebin/mod_responsecontrol.beam ../../ebin/mod_trace.beam ../../ebin/mod_security.beam ../../ebin/mod_security_server.beam  ../../ebin/httpd_custom_api.beam "/usr/local/lib/erlang/lib/inets-9.1.0.2/ebin"
#7 106.6 make[5]: Leaving directory '/build/otp_src_26.2.5.12/lib/inets/src/http_server'
#7 106.6 make[4]: Leaving directory '/build/otp_src_26.2.5.12/lib/inets/src/http_server'
#7 106.6 make[3]: Leaving directory '/build/otp_src_26.2.5.12/lib/inets/src'
#7 106.6 make[3]: Entering directory '/build/otp_src_26.2.5.12/lib/inets/examples'
#7 106.6 make[4]: Entering directory '/build/otp_src_26.2.5.12/lib/inets/examples/server_root'
#7 106.6 make -w RELEASE_PATH="/usr/local/lib/erlang"   release_spec 
#7 106.6 make[5]: Entering directory '/build/otp_src_26.2.5.12/lib/inets/examples/server_root'
#7 106.7 /usr/bin/install -c -d "/usr/local/lib/erlang/lib/inets-9.1.0.2/examples/server_root/auth"
#7 106.7 /usr/bin/install -c -m 644 auth/group auth/passwd  "/usr/local/lib/erlang/lib/inets-9.1.0.2/examples/server_root/auth"
#7 106.7 /usr/bin/install -c -d "/usr/local/lib/erlang/lib/inets-9.1.0.2/examples/server_root/cgi-bin"
#7 106.7 /usr/bin/install -c cgi-bin/printenv.sh  "/usr/local/lib/erlang/lib/inets-9.1.0.2/examples/server_root/cgi-bin"
#7 106.7 /usr/bin/install -c -d "/usr/local/lib/erlang/lib/inets-9.1.0.2/examples/server_root/conf"
#7 106.7 /usr/bin/install -c -m 644 conf/8080.conf conf/httpd.conf conf/ssl.conf conf/mime.types  "/usr/local/lib/erlang/lib/inets-9.1.0.2/examples/server_root/conf"
#7 106.7 /usr/bin/install -c -d "/usr/local/lib/erlang/lib/inets-9.1.0.2/examples/server_root/htdocs/open"
#7 106.7 /usr/bin/install -c -m 644 htdocs/open/dummy.html  \
#7 106.7 	"/usr/local/lib/erlang/lib/inets-9.1.0.2/examples/server_root/htdocs/open"
#7 106.7 /usr/bin/install -c -d "/usr/local/lib/erlang/lib/inets-9.1.0.2/examples/server_root/htdocs/mnesia_open"
#7 106.7 /usr/bin/install -c -m 644 htdocs/mnesia_open/dummy.html  \
#7 106.7 	"/usr/local/lib/erlang/lib/inets-9.1.0.2/examples/server_root/htdocs/mnesia_open"
#7 106.7 /usr/bin/install -c -d "/usr/local/lib/erlang/lib/inets-9.1.0.2/examples/server_root/htdocs/misc"
#7 106.7 /usr/bin/install -c -m 644 htdocs/misc/friedrich.html htdocs/misc/oech.html \
#7 106.7 	"/usr/local/lib/erlang/lib/inets-9.1.0.2/examples/server_root/htdocs/misc"
#7 106.7 /usr/bin/install -c -d  \
#7 106.7 	"/usr/local/lib/erlang/lib/inets-9.1.0.2/examples/server_root/htdocs/secret/top_secret"
#7 106.7 /usr/bin/install -c -d  \
#7 106.7 	"/usr/local/lib/erlang/lib/inets-9.1.0.2/examples/server_root/htdocs/mnesia_secret/top_secret"
#7 106.7 /usr/bin/install -c -m 644 htdocs/secret/dummy.html   \
#7 106.7 	"/usr/local/lib/erlang/lib/inets-9.1.0.2/examples/server_root/htdocs/secret"
#7 106.7 /usr/bin/install -c -m 644 htdocs/mnesia_secret/dummy.html   \
#7 106.7 	"/usr/local/lib/erlang/lib/inets-9.1.0.2/examples/server_root/htdocs/mnesia_secret"
#7 106.7 /usr/bin/install -c -d "/usr/local/lib/erlang/lib/inets-9.1.0.2/examples/server_root/htdocs"
#7 106.7 /usr/bin/install -c -m 644 htdocs/index.html htdocs/config.shtml htdocs/echo.shtml htdocs/exec.shtml htdocs/flastmod.shtml htdocs/fsize.shtml htdocs/include.shtml "/usr/local/lib/erlang/lib/inets-9.1.0.2/examples/server_root/htdocs"
#7 106.7 /usr/bin/install -c -d "/usr/local/lib/erlang/lib/inets-9.1.0.2/examples/server_root/icons"
#7 106.7 /usr/bin/install -c -m 644 icons/README icons/a.gif icons/alert.black.gif icons/alert.red.gif icons/apache_pb.gif icons/back.gif icons/ball.gray.gif icons/ball.red.gif icons/binary.gif icons/binhex.gif icons/blank.gif icons/bomb.gif icons/box1.gif icons/box2.gif icons/broken.gif icons/burst.gif icons/button1.gif icons/button10.gif icons/button2.gif icons/button3.gif icons/button4.gif icons/button5.gif icons/button6.gif icons/button7.gif icons/button8.gif icons/button9.gif icons/buttonl.gif icons/buttonr.gif icons/c.gif icons/comp.blue.gif icons/comp.gray.gif icons/compressed.gif icons/continued.gif icons/dir.gif icons/down.gif icons/dvi.gif icons/f.gif icons/folder.gif icons/folder.open.gif icons/folder.sec.gif icons/forward.gif icons/generic.gif icons/generic.red.gif icons/generic.sec.gif icons/hand.right.gif icons/hand.up.gif icons/htdig.gif icons/icon.sheet.gif icons/image1.gif icons/image2.gif icons/image3.gif icons/index.gif icons/layout.gif icons/left.gif icons/link.gif icons/movie.gif icons/p.gif icons/patch.gif icons/pdf.gif icons/pie0.gif icons/pie1.gif icons/pie2.gif icons/pie3.gif icons/pie4.gif icons/pie5.gif icons/pie6.gif icons/pie7.gif icons/pie8.gif icons/portal.gif icons/poweredby.gif icons/ps.gif icons/quill.gif icons/right.gif icons/screw1.gif icons/screw2.gif icons/script.gif icons/sound1.gif icons/sound2.gif icons/sphere1.gif icons/sphere2.gif icons/star.gif icons/star_blank.gif icons/tar.gif icons/tex.gif icons/text.gif icons/transfer.gif icons/unknown.gif icons/up.gif icons/uu.gif icons/uuencoded.gif icons/world1.gif icons/world2.gif "/usr/local/lib/erlang/lib/inets-9.1.0.2/examples/server_root/icons"
#7 106.7 /usr/bin/install -c -d "/usr/local/lib/erlang/lib/inets-9.1.0.2/examples/server_root/ssl"
#7 106.7 /usr/bin/install -c -m 644 ssl/ssl_client.pem ssl/ssl_server.pem "/usr/local/lib/erlang/lib/inets-9.1.0.2/examples/server_root/ssl"
#7 106.7 /usr/bin/install -c -d "/usr/local/lib/erlang/lib/inets-9.1.0.2/examples/server_root/logs"
#7 106.7 make[5]: Leaving directory '/build/otp_src_26.2.5.12/lib/inets/examples/server_root'
#7 106.7 make[4]: Leaving directory '/build/otp_src_26.2.5.12/lib/inets/examples/server_root'
#7 106.7 make[4]: Entering directory '/build/otp_src_26.2.5.12/lib/inets/examples/httpd_load_test'
#7 106.7 make -w RELEASE_PATH="/usr/local/lib/erlang"   release_spec 
#7 106.7 make[5]: Entering directory '/build/otp_src_26.2.5.12/lib/inets/examples/httpd_load_test'
#7 106.7 /usr/bin/install -c -d  "/usr/local/lib/erlang/lib/inets-9.1.0.2/examples"
#7 106.7 /usr/bin/install -c -d  "/usr/local/lib/erlang/lib/inets-9.1.0.2/examples"/httpd_load_test
#7 106.7 /usr/bin/install -c -m 644 hdlt.sh.skel "/usr/local/lib/erlang/lib/inets-9.1.0.2/examples"/httpd_load_test
#7 106.7 /usr/bin/install -c -m 644 hdlt.config.skel   "/usr/local/lib/erlang/lib/inets-9.1.0.2/examples"/httpd_load_test
#7 106.7 /usr/bin/install -c -m 644 hdlt_ssl_client_cert.pem hdlt_ssl_server_cert.pem       "/usr/local/lib/erlang/lib/inets-9.1.0.2/examples"/httpd_load_test
#7 106.7 /usr/bin/install -c -m 644 ./hdlt.beam ./hdlt_ctrl.beam ./hdlt_client.beam ./hdlt_logger.beam ./hdlt_random_html.beam ./hdlt_server.beam ./hdlt_slave.beam     "/usr/local/lib/erlang/lib/inets-9.1.0.2/examples"/httpd_load_test
#7 106.7 /usr/bin/install -c -m 644 hdlt.erl hdlt_ctrl.erl hdlt_client.erl hdlt_logger.erl hdlt_random_html.erl hdlt_server.erl hdlt_slave.erl        "/usr/local/lib/erlang/lib/inets-9.1.0.2/examples"/httpd_load_test
#7 106.7 make[5]: Leaving directory '/build/otp_src_26.2.5.12/lib/inets/examples/httpd_load_test'
#7 106.7 make[4]: Leaving directory '/build/otp_src_26.2.5.12/lib/inets/examples/httpd_load_test'
#7 106.7 make[3]: Leaving directory '/build/otp_src_26.2.5.12/lib/inets/examples'
#7 106.7 make[3]: Entering directory '/build/otp_src_26.2.5.12/lib/inets/priv'
#7 106.7 make -w RELEASE_PATH="/usr/local/lib/erlang"   release_spec 
#7 106.7 make[4]: Entering directory '/build/otp_src_26.2.5.12/lib/inets/priv'
#7 106.7 /usr/bin/install -c -d "/usr/local/lib/erlang/lib/inets-9.1.0.2/priv/bin"
#7 106.7 /usr/bin/install -c bin/runcgi.sh "/usr/local/lib/erlang/lib/inets-9.1.0.2/priv/bin"
#7 106.7 make[4]: Leaving directory '/build/otp_src_26.2.5.12/lib/inets/priv'
#7 106.7 make[3]: Leaving directory '/build/otp_src_26.2.5.12/lib/inets/priv'
#7 106.7 make[3]: Entering directory '/build/otp_src_26.2.5.12/lib/inets/doc/src'
#7 106.7 make -w RELEASE_PATH="/usr/local/lib/erlang"   release_spec 
#7 106.7 make[4]: Entering directory '/build/otp_src_26.2.5.12/lib/inets/doc/src'
#7 106.7 make[4]: Nothing to be done for 'release_spec'.
#7 106.7 make[4]: Leaving directory '/build/otp_src_26.2.5.12/lib/inets/doc/src'
#7 106.7 make[3]: Leaving directory '/build/otp_src_26.2.5.12/lib/inets/doc/src'
#7 106.8 make[3]: Entering directory '/build/otp_src_26.2.5.12/lib/inets'
#7 106.8 test -d "/usr/local/lib/erlang/releases/26" || mkdir -p "/usr/local/lib/erlang/releases/26" ;			\
#7 106.8 if test ! -f "/usr/local/lib/erlang/releases/26/installed_application_versions" ; then				\
#7 106.8  echo "inets-9.1.0.2" > "/usr/local/lib/erlang/releases/26/installed_application_versions" || exit 1;	\
#7 106.8 else								\
#7 106.8  if test x = x`grep inets-9.1.0.2 "/usr/local/lib/erlang/releases/26/installed_application_versions"` ; then \
#7 106.8   echo inets-9.1.0.2 >> "/usr/local/lib/erlang/releases/26/installed_application_versions" || exit 1;	\
#7 106.8  fi ;								\
#7 106.8 fi
#7 106.8 make[3]: Leaving directory '/build/otp_src_26.2.5.12/lib/inets'
#7 106.8 === Leaving application inets
#7 106.8 make[2]: Leaving directory '/build/otp_src_26.2.5.12/lib/inets'
#7 106.8 make[2]: Entering directory '/build/otp_src_26.2.5.12/lib/parsetools'
#7 106.8 === Entering application parsetools
#7 106.8 make[3]: Entering directory '/build/otp_src_26.2.5.12/lib/parsetools/src'
#7 106.8 make -w RELEASE_PATH="/usr/local/lib/erlang"   release_spec 
#7 106.8 make[4]: Entering directory '/build/otp_src_26.2.5.12/lib/parsetools/src'
#7 106.8 /usr/bin/install -c -d "/usr/local/lib/erlang/lib/parsetools-2.5/src"
#7 106.8 /usr/bin/install -c -m 644 leex.erl yecc.erl yeccparser.erl yeccscan.erl "/usr/local/lib/erlang/lib/parsetools-2.5/src"
#7 106.8 /usr/bin/install -c -d "/usr/local/lib/erlang/lib/parsetools-2.5/ebin"
#7 106.8 /usr/bin/install -c -m 644 ../ebin/leex.beam ../ebin/yecc.beam ../ebin/yeccparser.beam ../ebin/yeccscan.beam ../ebin/parsetools.app ../ebin/parsetools.appup "/usr/local/lib/erlang/lib/parsetools-2.5/ebin"
#7 106.8 /usr/bin/install -c -d "/usr/local/lib/erlang/lib/parsetools-2.5/include"
#7 106.8 /usr/bin/install -c -m 644 ../include/yeccpre.hrl ../include/leexinc.hrl "/usr/local/lib/erlang/lib/parsetools-2.5/include"
#7 106.8 make[4]: Leaving directory '/build/otp_src_26.2.5.12/lib/parsetools/src'
#7 106.8 make[3]: Leaving directory '/build/otp_src_26.2.5.12/lib/parsetools/src'
#7 106.8 make[3]: Entering directory '/build/otp_src_26.2.5.12/lib/parsetools/doc/src'
#7 106.8 make -w RELEASE_PATH="/usr/local/lib/erlang"   release_spec 
#7 106.8 make[4]: Entering directory '/build/otp_src_26.2.5.12/lib/parsetools/doc/src'
#7 106.8 make[4]: Nothing to be done for 'release_spec'.
#7 106.8 make[4]: Leaving directory '/build/otp_src_26.2.5.12/lib/parsetools/doc/src'
#7 106.8 make[3]: Leaving directory '/build/otp_src_26.2.5.12/lib/parsetools/doc/src'
#7 106.8 make[3]: Entering directory '/build/otp_src_26.2.5.12/lib/parsetools'
#7 106.8 test -d "/usr/local/lib/erlang/releases/26" || mkdir -p "/usr/local/lib/erlang/releases/26" ;			\
#7 106.8 if test ! -f "/usr/local/lib/erlang/releases/26/installed_application_versions" ; then				\
#7 106.8  echo "parsetools-2.5" > "/usr/local/lib/erlang/releases/26/installed_application_versions" || exit 1;	\
#7 106.8 else								\
#7 106.8  if test x = x`grep parsetools-2.5 "/usr/local/lib/erlang/releases/26/installed_application_versions"` ; then \
#7 106.8   echo parsetools-2.5 >> "/usr/local/lib/erlang/releases/26/installed_application_versions" || exit 1;	\
#7 106.8  fi ;								\
#7 106.8 fi
#7 106.8 make[3]: Leaving directory '/build/otp_src_26.2.5.12/lib/parsetools'
#7 106.8 === Leaving application parsetools
#7 106.8 make[2]: Leaving directory '/build/otp_src_26.2.5.12/lib/parsetools'
#7 106.8 make[2]: Entering directory '/build/otp_src_26.2.5.12/lib/xmerl'
#7 106.8 === Entering application xmerl
#7 106.8 make[3]: Entering directory '/build/otp_src_26.2.5.12/lib/xmerl/src'
#7 106.8 make -w RELEASE_PATH="/usr/local/lib/erlang"   release_spec 
#7 106.8 make[4]: Entering directory '/build/otp_src_26.2.5.12/lib/xmerl/src'
#7 106.8 /usr/bin/install -c -d "/usr/local/lib/erlang/lib/xmerl-1.3.34.3/ebin"
#7 106.8 /usr/bin/install -c -m 644 ../ebin/xmerl_scan.beam ../ebin/xmerl.beam ../ebin/xmerl_xs.beam ../ebin/xmerl_eventp.beam ../ebin/xmerl_xpath.beam ../ebin/xmerl_xsd.beam ../ebin/xmerl_b64Bin.beam ../ebin/xmerl_b64Bin_scan.beam ../ebin/xmerl_html.beam ../ebin/xmerl_lib.beam ../ebin/xmerl_otpsgml.beam ../ebin/xmerl_regexp.beam ../ebin/xmerl_sgml.beam ../ebin/xmerl_simple.beam ../ebin/xmerl_text.beam ../ebin/xmerl_ucs.beam ../ebin/xmerl_uri.beam ../ebin/xmerl_validate.beam ../ebin/xmerl_xlate.beam ../ebin/xmerl_xml.beam ../ebin/xmerl_xpath_lib.beam ../ebin/xmerl_xpath_parse.beam ../ebin/xmerl_xpath_pred.beam ../ebin/xmerl_xpath_scan.beam ../ebin/xmerl_xsd_type.beam ../ebin/xmerl_sax_parser.beam ../ebin/xmerl_sax_parser_list.beam ../ebin/xmerl_sax_parser_latin1.beam ../ebin/xmerl_sax_parser_utf8.beam ../ebin/xmerl_sax_parser_utf16be.beam ../ebin/xmerl_sax_parser_utf16le.beam ../ebin/xmerl_sax_simple_dom.beam ../ebin/xmerl_sax_old_dom.beam ../ebin/xmerl.app ../ebin/xmerl.appup "/usr/local/lib/erlang/lib/xmerl-1.3.34.3/ebin"
#7 106.8 /usr/bin/install -c -d "/usr/local/lib/erlang/lib/xmerl-1.3.34.3/src"
#7 106.8 /usr/bin/install -c -m 644 xmerl_scan.erl xmerl.erl xmerl_xs.erl xmerl_eventp.erl xmerl_xpath.erl xmerl_xsd.erl xmerl_b64Bin.erl xmerl_b64Bin_scan.erl xmerl_html.erl xmerl_lib.erl xmerl_otpsgml.erl xmerl_regexp.erl xmerl_sgml.erl xmerl_simple.erl xmerl_text.erl xmerl_ucs.erl xmerl_uri.erl xmerl_validate.erl xmerl_xlate.erl xmerl_xml.erl xmerl_xpath_lib.erl xmerl_xpath_parse.erl xmerl_xpath_pred.erl xmerl_xpath_scan.erl xmerl_xsd_type.erl xmerl_sax_parser.erl xmerl_sax_parser_list.erl xmerl_sax_parser_latin1.erl xmerl_sax_parser_utf8.erl xmerl_sax_parser_utf16be.erl xmerl_sax_parser_utf16le.erl xmerl_sax_simple_dom.erl xmerl_sax_old_dom.erl xmerl_internal.hrl xmerl_sax_old_dom.hrl xmerl_sax_parser.hrl xmerl.app.src xmerl.appup.src "/usr/local/lib/erlang/lib/xmerl-1.3.34.3/src"
#7 106.8 /usr/bin/install -c -m 644 xmerl_xpath_parse.yrl "/usr/local/lib/erlang/lib/xmerl-1.3.34.3/src"
#7 106.8 /usr/bin/install -c -m 644 xmerl_b64Bin.yrl "/usr/local/lib/erlang/lib/xmerl-1.3.34.3/src"
#7 106.8 /usr/bin/install -c -d "/usr/local/lib/erlang/lib/xmerl-1.3.34.3/include"
#7 106.8 /usr/bin/install -c -m 644 ../include/xmerl.hrl ../include/xmerl_xpath.hrl ../include/xmerl_xsd.hrl "/usr/local/lib/erlang/lib/xmerl-1.3.34.3/include"
#7 106.9 make[4]: Leaving directory '/build/otp_src_26.2.5.12/lib/xmerl/src'
#7 106.9 make[3]: Leaving directory '/build/otp_src_26.2.5.12/lib/xmerl/src'
#7 106.9 make[3]: Entering directory '/build/otp_src_26.2.5.12/lib/xmerl/doc/src'
#7 106.9 make -w RELEASE_PATH="/usr/local/lib/erlang"   release_spec 
#7 106.9 make[4]: Entering directory '/build/otp_src_26.2.5.12/lib/xmerl/doc/src'
#7 106.9 make[4]: Nothing to be done for 'release_spec'.
#7 106.9 make[4]: Leaving directory '/build/otp_src_26.2.5.12/lib/xmerl/doc/src'
#7 106.9 make[3]: Leaving directory '/build/otp_src_26.2.5.12/lib/xmerl/doc/src'
#7 106.9 make[3]: Entering directory '/build/otp_src_26.2.5.12/lib/xmerl'
#7 106.9 test -d "/usr/local/lib/erlang/releases/26" || mkdir -p "/usr/local/lib/erlang/releases/26" ;			\
#7 106.9 if test ! -f "/usr/local/lib/erlang/releases/26/installed_application_versions" ; then				\
#7 106.9  echo "xmerl-1.3.34.3" > "/usr/local/lib/erlang/releases/26/installed_application_versions" || exit 1;	\
#7 106.9 else								\
#7 106.9  if test x = x`grep xmerl-1.3.34.3 "/usr/local/lib/erlang/releases/26/installed_application_versions"` ; then \
#7 106.9   echo xmerl-1.3.34.3 >> "/usr/local/lib/erlang/releases/26/installed_application_versions" || exit 1;	\
#7 106.9  fi ;								\
#7 106.9 fi
#7 106.9 make[3]: Leaving directory '/build/otp_src_26.2.5.12/lib/xmerl'
#7 106.9 === Leaving application xmerl
#7 106.9 make[2]: Leaving directory '/build/otp_src_26.2.5.12/lib/xmerl'
#7 106.9 make[2]: Entering directory '/build/otp_src_26.2.5.12/lib/edoc'
#7 106.9 === Entering application edoc
#7 106.9 make[3]: Entering directory '/build/otp_src_26.2.5.12/lib/edoc/bin'
#7 106.9 make -w RELEASE_PATH="/usr/local/lib/erlang"   release_spec 
#7 106.9 make[4]: Entering directory '/build/otp_src_26.2.5.12/lib/edoc/bin'
#7 106.9 /usr/bin/install -c -d "/usr/local/lib/erlang/lib/edoc-1.2.1/bin"
#7 106.9 /usr/bin/install -c edoc "/usr/local/lib/erlang/lib/edoc-1.2.1/bin"
#7 106.9 make[4]: Leaving directory '/build/otp_src_26.2.5.12/lib/edoc/bin'
#7 106.9 make[3]: Leaving directory '/build/otp_src_26.2.5.12/lib/edoc/bin'
#7 106.9 make[3]: Entering directory '/build/otp_src_26.2.5.12/lib/edoc/src'
#7 106.9 make -w RELEASE_PATH="/usr/local/lib/erlang"   release_spec 
#7 106.9 make[4]: Entering directory '/build/otp_src_26.2.5.12/lib/edoc/src'
#7 106.9 /usr/bin/install -c -d "/usr/local/lib/erlang/lib/edoc-1.2.1/ebin"
#7 106.9 /usr/bin/install -c -m 644 ../ebin/edoc.beam ../ebin/edoc_cli.beam ../ebin/edoc_data.beam ../ebin/edoc_doclet.beam ../ebin/edoc_doclet_chunks.beam ../ebin/edoc_extract.beam ../ebin/edoc_layout.beam ../ebin/edoc_layout_chunks.beam ../ebin/edoc_lib.beam ../ebin/edoc_macros.beam ../ebin/edoc_parser.beam ../ebin/edoc_refs.beam ../ebin/edoc_report.beam ../ebin/edoc_run.beam ../ebin/edoc_scanner.beam ../ebin/edoc_specs.beam ../ebin/edoc_tags.beam ../ebin/edoc_types.beam ../ebin/edoc_wiki.beam ../ebin/edoc.app ../ebin/edoc.appup "/usr/local/lib/erlang/lib/edoc-1.2.1/ebin"
#7 106.9 /usr/bin/install -c -d "/usr/local/lib/erlang/lib/edoc-1.2.1/src"
#7 106.9 /usr/bin/install -c -m 644 edoc.erl edoc_cli.erl edoc_data.erl edoc_doclet.erl edoc_doclet_chunks.erl edoc_extract.erl edoc_layout.erl edoc_layout_chunks.erl edoc_lib.erl edoc_macros.erl edoc_parser.erl edoc_refs.erl edoc_report.erl edoc_run.erl edoc_scanner.erl edoc_specs.erl edoc_tags.erl edoc_types.erl edoc_wiki.erl edoc.hrl edoc_types.hrl ../include/edoc_doclet.hrl edoc_parser.yrl "/usr/local/lib/erlang/lib/edoc-1.2.1/src"
#7 106.9 make[4]: Leaving directory '/build/otp_src_26.2.5.12/lib/edoc/src'
#7 106.9 make[3]: Leaving directory '/build/otp_src_26.2.5.12/lib/edoc/src'
#7 106.9 make[3]: Entering directory '/build/otp_src_26.2.5.12/lib/edoc/include'
#7 106.9 make -w RELEASE_PATH="/usr/local/lib/erlang"   release_spec 
#7 106.9 make[4]: Entering directory '/build/otp_src_26.2.5.12/lib/edoc/include'
#7 106.9 /usr/bin/install -c -d "/usr/local/lib/erlang/lib/edoc-1.2.1/include"
#7 106.9 /usr/bin/install -c -m 644 edoc_doclet.hrl "/usr/local/lib/erlang/lib/edoc-1.2.1/include"
#7 106.9 make[4]: Leaving directory '/build/otp_src_26.2.5.12/lib/edoc/include'
#7 106.9 make[3]: Leaving directory '/build/otp_src_26.2.5.12/lib/edoc/include'
#7 106.9 make[3]: Entering directory '/build/otp_src_26.2.5.12/lib/edoc/priv'
#7 106.9 make -w RELEASE_PATH="/usr/local/lib/erlang"   release_spec 
#7 106.9 make[4]: Entering directory '/build/otp_src_26.2.5.12/lib/edoc/priv'
#7 106.9 /usr/bin/install -c -d "/usr/local/lib/erlang/lib/edoc-1.2.1/priv"
#7 106.9 /usr/bin/install -c -m 644 stylesheet.css erlang.png edoc.dtd "/usr/local/lib/erlang/lib/edoc-1.2.1/priv"
#7 106.9 /usr/bin/install -c edoc_generate "/usr/local/lib/erlang/lib/edoc-1.2.1/priv"
#7 107.0 make[4]: Leaving directory '/build/otp_src_26.2.5.12/lib/edoc/priv'
#7 107.0 make[3]: Leaving directory '/build/otp_src_26.2.5.12/lib/edoc/priv'
#7 107.0 make[3]: Entering directory '/build/otp_src_26.2.5.12/lib/edoc/doc/src'
#7 107.0 make -w RELEASE_PATH="/usr/local/lib/erlang"   release_spec 
#7 107.0 make[4]: Entering directory '/build/otp_src_26.2.5.12/lib/edoc/doc/src'
#7 107.0 make[4]: Nothing to be done for 'release_spec'.
#7 107.0 make[4]: Leaving directory '/build/otp_src_26.2.5.12/lib/edoc/doc/src'
#7 107.0 make[3]: Leaving directory '/build/otp_src_26.2.5.12/lib/edoc/doc/src'
#7 107.0 make[3]: Entering directory '/build/otp_src_26.2.5.12/lib/edoc'
#7 107.0 test -d "/usr/local/lib/erlang/releases/26" || mkdir -p "/usr/local/lib/erlang/releases/26" ;			\
#7 107.0 if test ! -f "/usr/local/lib/erlang/releases/26/installed_application_versions" ; then				\
#7 107.0  echo "edoc-1.2.1" > "/usr/local/lib/erlang/releases/26/installed_application_versions" || exit 1;	\
#7 107.0 else								\
#7 107.0  if test x = x`grep edoc-1.2.1 "/usr/local/lib/erlang/releases/26/installed_application_versions"` ; then \
#7 107.0   echo edoc-1.2.1 >> "/usr/local/lib/erlang/releases/26/installed_application_versions" || exit 1;	\
#7 107.0  fi ;								\
#7 107.0 fi
#7 107.0 make[3]: Leaving directory '/build/otp_src_26.2.5.12/lib/edoc'
#7 107.0 === Leaving application edoc
#7 107.0 make[2]: Leaving directory '/build/otp_src_26.2.5.12/lib/edoc'
#7 107.0 make[2]: Entering directory '/build/otp_src_26.2.5.12/lib/erl_docgen'
#7 107.0 === Entering application erl_docgen
#7 107.0 make[3]: Entering directory '/build/otp_src_26.2.5.12/lib/erl_docgen/src'
#7 107.0 make -w RELEASE_PATH="/usr/local/lib/erlang"   release_spec 
#7 107.0 make[4]: Entering directory '/build/otp_src_26.2.5.12/lib/erl_docgen/src'
#7 107.0 /usr/bin/install -c -d "/usr/local/lib/erlang/lib/erl_docgen-1.5.2/src"
#7 107.0 /usr/bin/install -c -m 644 docgen_otp_specs.erl docgen_edoc_xml_cb.erl docgen_xmerl_xml_cb.erl docgen_xml_to_chunk.erl "/usr/local/lib/erlang/lib/erl_docgen-1.5.2/src"
#7 107.0 /usr/bin/install -c -d "/usr/local/lib/erlang/lib/erl_docgen-1.5.2/ebin"
#7 107.0 /usr/bin/install -c -m 644 ../ebin/docgen_otp_specs.beam ../ebin/docgen_edoc_xml_cb.beam ../ebin/docgen_xmerl_xml_cb.beam ../ebin/docgen_xml_to_chunk.beam ../ebin/erl_docgen.app ../ebin/erl_docgen.appup "/usr/local/lib/erlang/lib/erl_docgen-1.5.2/ebin"
#7 107.0 make[4]: Leaving directory '/build/otp_src_26.2.5.12/lib/erl_docgen/src'
#7 107.0 make[3]: Leaving directory '/build/otp_src_26.2.5.12/lib/erl_docgen/src'
#7 107.0 make[3]: Entering directory '/build/otp_src_26.2.5.12/lib/erl_docgen/priv'
#7 107.0 make[4]: Entering directory '/build/otp_src_26.2.5.12/lib/erl_docgen/priv/bin'
#7 107.0 make -w RELEASE_PATH="/usr/local/lib/erlang"   release_spec 
#7 107.0 make[5]: Entering directory '/build/otp_src_26.2.5.12/lib/erl_docgen/priv/bin'
#7 107.0 /usr/bin/install -c -d "/usr/local/lib/erlang/lib/erl_docgen-1.5.2/priv/bin"
#7 107.0 /usr/bin/install -c codeline_preprocessing.escript xml_from_edoc.escript "/usr/local/lib/erlang/lib/erl_docgen-1.5.2/priv/bin"
#7 107.0 make[5]: Leaving directory '/build/otp_src_26.2.5.12/lib/erl_docgen/priv/bin'
#7 107.0 make[4]: Leaving directory '/build/otp_src_26.2.5.12/lib/erl_docgen/priv/bin'
#7 107.0 make[4]: Entering directory '/build/otp_src_26.2.5.12/lib/erl_docgen/priv/css'
#7 107.0 make -w RELEASE_PATH="/usr/local/lib/erlang"   release_spec 
#7 107.0 make[5]: Entering directory '/build/otp_src_26.2.5.12/lib/erl_docgen/priv/css'
#7 107.0 /usr/bin/install -c -d "/usr/local/lib/erlang/lib/erl_docgen-1.5.2/priv/css"
#7 107.0 /usr/bin/install -c -m 644 otp_doc.css highlight.css "/usr/local/lib/erlang/lib/erl_docgen-1.5.2/priv/css"
#7 107.0 make[5]: Leaving directory '/build/otp_src_26.2.5.12/lib/erl_docgen/priv/css'
#7 107.0 make[4]: Leaving directory '/build/otp_src_26.2.5.12/lib/erl_docgen/priv/css'
#7 107.0 make[4]: Entering directory '/build/otp_src_26.2.5.12/lib/erl_docgen/priv/dtd'
#7 107.0 make -w RELEASE_PATH="/usr/local/lib/erlang"   release_spec 
#7 107.0 make[5]: Entering directory '/build/otp_src_26.2.5.12/lib/erl_docgen/priv/dtd'
#7 107.0 /usr/bin/install -c -d "/usr/local/lib/erlang/lib/erl_docgen-1.5.2/priv/dtd"
#7 107.1 /usr/bin/install -c -m 644 application.dtd chapter.dtd common.header.dtd comref.dtd fileref.dtd xhtml1-frameset.dtd appref.dtd common.image.dtd cref.dtd part.dtd xhtml1-strict.dtd book.dtd common.dtd common.refs.dtd erlref.dtd xhtml1-transitional.dtd common.entities.dtd common.table.dtd  xhtml-special.ent xhtml-symbol.ent "/usr/local/lib/erlang/lib/erl_docgen-1.5.2/priv/dtd"
#7 107.1 make[5]: Leaving directory '/build/otp_src_26.2.5.12/lib/erl_docgen/priv/dtd'
#7 107.1 make[4]: Leaving directory '/build/otp_src_26.2.5.12/lib/erl_docgen/priv/dtd'
#7 107.1 make[4]: Entering directory '/build/otp_src_26.2.5.12/lib/erl_docgen/priv/dtd_html_entities'
#7 107.1 make -w RELEASE_PATH="/usr/local/lib/erlang"   release_spec 
#7 107.1 make[5]: Entering directory '/build/otp_src_26.2.5.12/lib/erl_docgen/priv/dtd_html_entities'
#7 107.1 /usr/bin/install -c -d "/usr/local/lib/erlang/lib/erl_docgen-1.5.2/priv/dtd_html_entities"
#7 107.1 /usr/bin/install -c -m 644 xhtml-lat1.ent "/usr/local/lib/erlang/lib/erl_docgen-1.5.2/priv/dtd_html_entities"
#7 107.1 make[5]: Leaving directory '/build/otp_src_26.2.5.12/lib/erl_docgen/priv/dtd_html_entities'
#7 107.1 make[4]: Leaving directory '/build/otp_src_26.2.5.12/lib/erl_docgen/priv/dtd_html_entities'
#7 107.1 make[4]: Entering directory '/build/otp_src_26.2.5.12/lib/erl_docgen/priv/dtd_man_entities'
#7 107.1 make -w RELEASE_PATH="/usr/local/lib/erlang"   release_spec 
#7 107.1 make[5]: Entering directory '/build/otp_src_26.2.5.12/lib/erl_docgen/priv/dtd_man_entities'
#7 107.1 /usr/bin/install -c -d "/usr/local/lib/erlang/lib/erl_docgen-1.5.2/priv/dtd_man_entities"
#7 107.1 /usr/bin/install -c -m 644 xhtml-lat1.ent "/usr/local/lib/erlang/lib/erl_docgen-1.5.2/priv/dtd_man_entities"
#7 107.1 make[5]: Leaving directory '/build/otp_src_26.2.5.12/lib/erl_docgen/priv/dtd_man_entities'
#7 107.1 make[4]: Leaving directory '/build/otp_src_26.2.5.12/lib/erl_docgen/priv/dtd_man_entities'
#7 107.1 make[4]: Entering directory '/build/otp_src_26.2.5.12/lib/erl_docgen/priv/images'
#7 107.1 make -w RELEASE_PATH="/usr/local/lib/erlang"   release_spec 
#7 107.1 make[5]: Entering directory '/build/otp_src_26.2.5.12/lib/erl_docgen/priv/images'
#7 107.1 /usr/bin/install -c -d "/usr/local/lib/erlang/lib/erl_docgen-1.5.2/priv/images"
#7 107.1 /usr/bin/install -c -m 644 erlang-logo.gif erlang-logo.png "/usr/local/lib/erlang/lib/erl_docgen-1.5.2/priv/images"
#7 107.1 make[5]: Leaving directory '/build/otp_src_26.2.5.12/lib/erl_docgen/priv/images'
#7 107.1 make[4]: Leaving directory '/build/otp_src_26.2.5.12/lib/erl_docgen/priv/images'
#7 107.1 make[4]: Entering directory '/build/otp_src_26.2.5.12/lib/erl_docgen/priv/js/flipmenu'
#7 107.1 make -w RELEASE_PATH="/usr/local/lib/erlang"   release_spec 
#7 107.1 make[5]: Entering directory '/build/otp_src_26.2.5.12/lib/erl_docgen/priv/js/flipmenu'
#7 107.1 /usr/bin/install -c -d "/usr/local/lib/erlang/lib/erl_docgen-1.5.2/priv/js/flipmenu"
#7 107.1 /usr/bin/install -c -m 644 flipmenu.js flip_closed.gif flip_open.gif flip_static.gif "/usr/local/lib/erlang/lib/erl_docgen-1.5.2/priv/js/flipmenu"
#7 107.1 make[5]: Leaving directory '/build/otp_src_26.2.5.12/lib/erl_docgen/priv/js/flipmenu'
#7 107.1 make[4]: Leaving directory '/build/otp_src_26.2.5.12/lib/erl_docgen/priv/js/flipmenu'
#7 107.1 make[4]: Entering directory '/build/otp_src_26.2.5.12/lib/erl_docgen/priv/xsl'
#7 107.1 make -w RELEASE_PATH="/usr/local/lib/erlang"   release_spec 
#7 107.1 make[5]: Entering directory '/build/otp_src_26.2.5.12/lib/erl_docgen/priv/xsl'
#7 107.1 /usr/bin/install -c -d "/usr/local/lib/erlang/lib/erl_docgen-1.5.2/priv/xsl"
#7 107.1 /usr/bin/install -c -m 644 db_pdf.xsl db_pdf_params.xsl db_html.xsl db_html_params.xsl db_man.xsl db_eix.xsl db_funcs.xsl "/usr/local/lib/erlang/lib/erl_docgen-1.5.2/priv/xsl"
#7 107.1 make[5]: Leaving directory '/build/otp_src_26.2.5.12/lib/erl_docgen/priv/xsl'
#7 107.1 make[4]: Leaving directory '/build/otp_src_26.2.5.12/lib/erl_docgen/priv/xsl'
#7 107.1 make[3]: Leaving directory '/build/otp_src_26.2.5.12/lib/erl_docgen/priv'
#7 107.1 make[3]: Entering directory '/build/otp_src_26.2.5.12/lib/erl_docgen/doc/src'
#7 107.1 make -w RELEASE_PATH="/usr/local/lib/erlang"   release_spec 
#7 107.1 make[4]: Entering directory '/build/otp_src_26.2.5.12/lib/erl_docgen/doc/src'
#7 107.1 make[4]: Nothing to be done for 'release_spec'.
#7 107.1 make[4]: Leaving directory '/build/otp_src_26.2.5.12/lib/erl_docgen/doc/src'
#7 107.1 make[3]: Leaving directory '/build/otp_src_26.2.5.12/lib/erl_docgen/doc/src'
#7 107.2 make[3]: Entering directory '/build/otp_src_26.2.5.12/lib/erl_docgen'
#7 107.2 test -d "/usr/local/lib/erlang/releases/26" || mkdir -p "/usr/local/lib/erlang/releases/26" ;			\
#7 107.2 if test ! -f "/usr/local/lib/erlang/releases/26/installed_application_versions" ; then				\
#7 107.2  echo "erl_docgen-1.5.2" > "/usr/local/lib/erlang/releases/26/installed_application_versions" || exit 1;	\
#7 107.2 else								\
#7 107.2  if test x = x`grep erl_docgen-1.5.2 "/usr/local/lib/erlang/releases/26/installed_application_versions"` ; then \
#7 107.2   echo erl_docgen-1.5.2 >> "/usr/local/lib/erlang/releases/26/installed_application_versions" || exit 1;	\
#7 107.2  fi ;								\
#7 107.2 fi
#7 107.2 make[3]: Leaving directory '/build/otp_src_26.2.5.12/lib/erl_docgen'
#7 107.2 === Leaving application erl_docgen
#7 107.2 make[2]: Leaving directory '/build/otp_src_26.2.5.12/lib/erl_docgen'
#7 107.2 make[2]: Entering directory '/build/otp_src_26.2.5.12/lib/snmp'
#7 107.2 === Entering application snmp
#7 107.2 make[3]: Entering directory '/build/otp_src_26.2.5.12/lib/snmp/src/compile'
#7 107.2 make -w RELEASE_PATH="/usr/local/lib/erlang"   release_spec 
#7 107.2 make[4]: Entering directory '/build/otp_src_26.2.5.12/lib/snmp/src/compile'
#7 107.2 /usr/bin/install -c -d "/usr/local/lib/erlang/lib/snmp-5.15/src"
#7 107.2 /usr/bin/install -c -d "/usr/local/lib/erlang/lib/snmp-5.15/src/compiler"
#7 107.2 /usr/bin/install -c -m 644 snmpc.src snmpc_mib_gram.yrl snmpc_mib_gram.erl snmpc.erl snmpc_lib.erl snmpc_mib_to_hrl.erl snmpc_misc.erl snmpc_tok.erl snmpc.hrl snmpc_lib.hrl snmpc_misc.hrl "/usr/local/lib/erlang/lib/snmp-5.15/src/compiler"
#7 107.2 /usr/bin/install -c -d "/usr/local/lib/erlang/lib/snmp-5.15/ebin"
#7 107.2 /usr/bin/install -c -m 644 ../../ebin/snmpc_mib_gram.beam ../../ebin/snmpc.beam ../../ebin/snmpc_lib.beam ../../ebin/snmpc_mib_to_hrl.beam ../../ebin/snmpc_misc.beam ../../ebin/snmpc_tok.beam  "/usr/local/lib/erlang/lib/snmp-5.15/ebin"
#7 107.2 /usr/bin/install -c -d "/usr/local/lib/erlang/lib/snmp-5.15/bin"
#7 107.2 /usr/bin/install -c ../../bin/snmpc "/usr/local/lib/erlang/lib/snmp-5.15/bin"
#7 107.2 make[4]: Leaving directory '/build/otp_src_26.2.5.12/lib/snmp/src/compile'
#7 107.2 make[3]: Leaving directory '/build/otp_src_26.2.5.12/lib/snmp/src/compile'
#7 107.2 make[3]: Entering directory '/build/otp_src_26.2.5.12/lib/snmp/mibs'
#7 107.2 make -w RELEASE_PATH="/usr/local/lib/erlang"   release_spec 
#7 107.2 make[4]: Entering directory '/build/otp_src_26.2.5.12/lib/snmp/mibs'
#7 107.2 /usr/bin/install -c -d "/usr/local/lib/erlang/lib/snmp-5.15/mibs"
#7 107.2 /usr/bin/install -c -d "/usr/local/lib/erlang/lib/snmp-5.15/mibs/v1"
#7 107.2 /usr/bin/install -c -m 644 RFC1213-MIB.mib STANDARD-MIB.mib SNMPv2-TM.mib SNMPv2-MIB.mib SNMP-FRAMEWORK-MIB.mib SNMP-MPD-MIB.mib SNMP-TARGET-MIB.mib SNMP-NOTIFICATION-MIB.mib SNMP-COMMUNITY-MIB.mib SNMP-USER-BASED-SM-MIB.mib SNMP-VIEW-BASED-ACM-MIB.mib SNMP-USM-AES-MIB.mib INET-ADDRESS-MIB.mib TRANSPORT-ADDRESS-MIB.mib SNMP-USM-HMAC-SHA2-MIB.mib OTP-REG.mib OTP-TC.mib OTP-SNMPEA-MIB.mib "/usr/local/lib/erlang/lib/snmp-5.15/mibs"
#7 107.2 /usr/bin/install -c -m 644 SNMPv2-SMI.mib SNMPv2-TC.mib SNMPv2-CONF.mib  "/usr/local/lib/erlang/lib/snmp-5.15/mibs"
#7 107.2 /usr/bin/install -c -m 644 STANDARD-MIB.funcs SNMPv2-MIB.funcs SNMP-NOTIFICATION-MIB.funcs SNMP-TARGET-MIB.funcs "/usr/local/lib/erlang/lib/snmp-5.15/mibs"
#7 107.2 /usr/bin/install -c -m 644 RFC1155-SMI.mib RFC-1212.mib RFC-1215.mib "/usr/local/lib/erlang/lib/snmp-5.15/mibs/v1"
#7 107.2 /usr/bin/install -c -m 644 v1/OTP-SNMPEA-MIB.mib.v1 "/usr/local/lib/erlang/lib/snmp-5.15/mibs/v1"
#7 107.2 /usr/bin/install -c -d "/usr/local/lib/erlang/lib/snmp-5.15/include"
#7 107.2 /usr/bin/install -c -m 644 ../include/SNMPv2-TC.hrl ../include/RFC1213-MIB.hrl ../include/STANDARD-MIB.hrl ../include/SNMPv2-TM.hrl ../include/SNMPv2-MIB.hrl ../include/SNMP-FRAMEWORK-MIB.hrl ../include/SNMP-MPD-MIB.hrl ../include/SNMP-TARGET-MIB.hrl ../include/SNMP-NOTIFICATION-MIB.hrl ../include/SNMP-COMMUNITY-MIB.hrl ../include/SNMP-USER-BASED-SM-MIB.hrl ../include/SNMP-VIEW-BASED-ACM-MIB.hrl ../include/SNMP-USM-AES-MIB.hrl ../include/INET-ADDRESS-MIB.hrl ../include/TRANSPORT-ADDRESS-MIB.hrl ../include/SNMP-USM-HMAC-SHA2-MIB.hrl ../include/OTP-REG.hrl ../include/OTP-TC.hrl ../include/OTP-SNMPEA-MIB.hrl "/usr/local/lib/erlang/lib/snmp-5.15/include"
#7 107.2 /usr/bin/install -c -d "/usr/local/lib/erlang/lib/snmp-5.15/priv/mibs"
#7 107.2 /usr/bin/install -c -m 644 ../priv/mibs/RFC1213-MIB.bin ../priv/mibs/STANDARD-MIB.bin ../priv/mibs/SNMPv2-TM.bin ../priv/mibs/SNMPv2-MIB.bin ../priv/mibs/SNMP-FRAMEWORK-MIB.bin ../priv/mibs/SNMP-MPD-MIB.bin ../priv/mibs/SNMP-TARGET-MIB.bin ../priv/mibs/SNMP-NOTIFICATION-MIB.bin ../priv/mibs/SNMP-COMMUNITY-MIB.bin ../priv/mibs/SNMP-USER-BASED-SM-MIB.bin ../priv/mibs/SNMP-VIEW-BASED-ACM-MIB.bin ../priv/mibs/SNMP-USM-AES-MIB.bin ../priv/mibs/INET-ADDRESS-MIB.bin ../priv/mibs/TRANSPORT-ADDRESS-MIB.bin ../priv/mibs/SNMP-USM-HMAC-SHA2-MIB.bin ../priv/mibs/OTP-REG.bin ../priv/mibs/OTP-TC.bin ../priv/mibs/OTP-SNMPEA-MIB.bin "/usr/local/lib/erlang/lib/snmp-5.15/priv/mibs"
#7 107.2 make[4]: Leaving directory '/build/otp_src_26.2.5.12/lib/snmp/mibs'
#7 107.2 make[3]: Leaving directory '/build/otp_src_26.2.5.12/lib/snmp/mibs'
#7 107.2 make[3]: Entering directory '/build/otp_src_26.2.5.12/lib/snmp/src'
#7 107.2 make[4]: Entering directory '/build/otp_src_26.2.5.12/lib/snmp/src/compile'
#7 107.2 make -w RELEASE_PATH="/usr/local/lib/erlang"   release_spec 
#7 107.2 make[5]: Entering directory '/build/otp_src_26.2.5.12/lib/snmp/src/compile'
#7 107.2 /usr/bin/install -c -d "/usr/local/lib/erlang/lib/snmp-5.15/src"
#7 107.2 /usr/bin/install -c -d "/usr/local/lib/erlang/lib/snmp-5.15/src/compiler"
#7 107.2 /usr/bin/install -c -m 644 snmpc.src snmpc_mib_gram.yrl snmpc_mib_gram.erl snmpc.erl snmpc_lib.erl snmpc_mib_to_hrl.erl snmpc_misc.erl snmpc_tok.erl snmpc.hrl snmpc_lib.hrl snmpc_misc.hrl "/usr/local/lib/erlang/lib/snmp-5.15/src/compiler"
#7 107.2 /usr/bin/install -c -d "/usr/local/lib/erlang/lib/snmp-5.15/ebin"
#7 107.2 /usr/bin/install -c -m 644 ../../ebin/snmpc_mib_gram.beam ../../ebin/snmpc.beam ../../ebin/snmpc_lib.beam ../../ebin/snmpc_mib_to_hrl.beam ../../ebin/snmpc_misc.beam ../../ebin/snmpc_tok.beam  "/usr/local/lib/erlang/lib/snmp-5.15/ebin"
#7 107.2 /usr/bin/install -c -d "/usr/local/lib/erlang/lib/snmp-5.15/bin"
#7 107.2 /usr/bin/install -c ../../bin/snmpc "/usr/local/lib/erlang/lib/snmp-5.15/bin"
#7 107.2 make[5]: Leaving directory '/build/otp_src_26.2.5.12/lib/snmp/src/compile'
#7 107.2 make[4]: Leaving directory '/build/otp_src_26.2.5.12/lib/snmp/src/compile'
#7 107.2 make[4]: Entering directory '/build/otp_src_26.2.5.12/lib/snmp/src/app'
#7 107.3 make -w RELEASE_PATH="/usr/local/lib/erlang"   release_spec 
#7 107.3 make[5]: Entering directory '/build/otp_src_26.2.5.12/lib/snmp/src/app'
#7 107.3 /usr/bin/install -c -d "/usr/local/lib/erlang/lib/snmp-5.15/src"
#7 107.3 /usr/bin/install -c -d "/usr/local/lib/erlang/lib/snmp-5.15/src/app"
#7 107.3 /usr/bin/install -c -m 644 snmp.erl snmp_app.erl snmp_app_sup.erl snmp_internal.hrl "/usr/local/lib/erlang/lib/snmp-5.15/src/app"
#7 107.3 /usr/bin/install -c -d "/usr/local/lib/erlang/lib/snmp-5.15/ebin"
#7 107.3 /usr/bin/install -c -m 644 ../../ebin/snmp.beam ../../ebin/snmp_app.beam ../../ebin/snmp_app_sup.beam ../../ebin/snmp.app ../../ebin/snmp.appup \
#7 107.3 	"/usr/local/lib/erlang/lib/snmp-5.15/ebin"
#7 107.3 /usr/bin/install -c -d "/usr/local/lib/erlang/lib/snmp-5.15/include"
#7 107.3 /usr/bin/install -c -m 644 ../../include/snmp_types.hrl ../../include/snmp_tables.hrl "/usr/local/lib/erlang/lib/snmp-5.15/include"
#7 107.3 make[5]: Leaving directory '/build/otp_src_26.2.5.12/lib/snmp/src/app'
#7 107.3 make[4]: Leaving directory '/build/otp_src_26.2.5.12/lib/snmp/src/app'
#7 107.3 make[4]: Entering directory '/build/otp_src_26.2.5.12/lib/snmp/src/misc'
#7 107.3 make -w RELEASE_PATH="/usr/local/lib/erlang"   release_spec 
#7 107.3 make[5]: Entering directory '/build/otp_src_26.2.5.12/lib/snmp/src/misc'
#7 107.3 /usr/bin/install -c -d "/usr/local/lib/erlang/lib/snmp-5.15/src"
#7 107.3 /usr/bin/install -c -d "/usr/local/lib/erlang/lib/snmp-5.15/src/misc"
#7 107.3 /usr/bin/install -c -m 644 snmp_conf.erl snmp_config.erl snmp_log.erl snmp_mini_mib.erl snmp_misc.erl snmp_note_store.erl snmp_pdus.erl snmp_usm.erl snmp_verbosity.erl snmp_verbosity.hrl snmp_debug.hrl snmp_usm.hrl "/usr/local/lib/erlang/lib/snmp-5.15/src/misc"
#7 107.3 /usr/bin/install -c -d "/usr/local/lib/erlang/lib/snmp-5.15/ebin"
#7 107.3 /usr/bin/install -c -m 644 ../../ebin/snmp_conf.beam ../../ebin/snmp_config.beam ../../ebin/snmp_log.beam ../../ebin/snmp_mini_mib.beam ../../ebin/snmp_misc.beam ../../ebin/snmp_note_store.beam ../../ebin/snmp_pdus.beam ../../ebin/snmp_usm.beam ../../ebin/snmp_verbosity.beam "/usr/local/lib/erlang/lib/snmp-5.15/ebin"
#7 107.3 make[5]: Leaving directory '/build/otp_src_26.2.5.12/lib/snmp/src/misc'
#7 107.3 make[4]: Leaving directory '/build/otp_src_26.2.5.12/lib/snmp/src/misc'
#7 107.3 make[4]: Entering directory '/build/otp_src_26.2.5.12/lib/snmp/src/agent'
#7 107.3 make -w RELEASE_PATH="/usr/local/lib/erlang"   release_spec 
#7 107.3 make[5]: Entering directory '/build/otp_src_26.2.5.12/lib/snmp/src/agent'
#7 107.3 make[6]: Entering directory '/build/otp_src_26.2.5.12/lib/snmp/src/agent'
#7 107.3 make[6]: Nothing to be done for 'behaviour_targets'.
#7 107.3 make[6]: Leaving directory '/build/otp_src_26.2.5.12/lib/snmp/src/agent'
#7 107.3 make[6]: Entering directory '/build/otp_src_26.2.5.12/lib/snmp/src/agent'
#7 107.3 make[6]: Nothing to be done for 'targets'.
#7 107.3 make[6]: Leaving directory '/build/otp_src_26.2.5.12/lib/snmp/src/agent'
#7 107.3 /usr/bin/install -c -d "/usr/local/lib/erlang/lib/snmp-5.15/src"
#7 107.3 /usr/bin/install -c -d "/usr/local/lib/erlang/lib/snmp-5.15/src/agent"
#7 107.3 /usr/bin/install -c -m 644 snmpa_authentication_service.erl snmpa_discovery_handler.erl snmpa_error_report.erl snmpa_get_mechanism.erl snmpa_mib_storage.erl snmpa_mib_data.erl snmpa_network_interface.erl snmpa_network_interface_filter.erl snmpa_notification_delivery_info_receiver.erl snmpa_notification_filter.erl snmpa_set_mechanism.erl snmpa.erl snmp_community_mib.erl snmp_framework_mib.erl snmp_notification_mib.erl snmp_standard_mib.erl snmp_target_mib.erl snmp_user_based_sm_mib.erl snmp_view_based_acm_mib.erl snmpa_acm.erl snmpa_agent.erl snmpa_agent_sup.erl snmpa_app.erl snmpa_conf.erl snmpa_discovery_handler_default.erl snmpa_error.erl snmpa_error_io.erl snmpa_error_logger.erl snmpa_get.erl snmpa_get_lib.erl snmpa_local_db.erl snmpa_mib_storage_ets.erl snmpa_mib_storage_dets.erl snmpa_mib_storage_mnesia.erl snmpa_mib.erl snmpa_mib_data_tttn.erl snmpa_mib_lib.erl snmpa_misc_sup.erl snmpa_mpd.erl snmpa_net_if.erl snmpa_net_if_filter.erl snmpa_set.erl snmpa_set_lib.erl snmpa_supervisor.erl snmpa_svbl.erl snmpa_symbolic_store.erl snmpa_target_cache.erl snmpa_trap.erl snmpa_usm.erl snmpa_vacm.erl snmp_generic.erl snmp_generic_mnesia.erl snmp_index.erl snmp_shadow_table.erl snmpa_vacm.hrl snmpa_atl.hrl snmpa_internal.hrl "/usr/local/lib/erlang/lib/snmp-5.15/src/agent"
#7 107.3 /usr/bin/install -c -d "/usr/local/lib/erlang/lib/snmp-5.15/ebin"
#7 107.3 /usr/bin/install -c -m 644 ../../ebin/snmpa_authentication_service.beam ../../ebin/snmpa_discovery_handler.beam ../../ebin/snmpa_error_report.beam ../../ebin/snmpa_get_mechanism.beam ../../ebin/snmpa_mib_storage.beam ../../ebin/snmpa_mib_data.beam ../../ebin/snmpa_network_interface.beam ../../ebin/snmpa_network_interface_filter.beam ../../ebin/snmpa_notification_delivery_info_receiver.beam ../../ebin/snmpa_notification_filter.beam ../../ebin/snmpa_set_mechanism.beam ../../ebin/snmpa.beam ../../ebin/snmp_community_mib.beam ../../ebin/snmp_framework_mib.beam ../../ebin/snmp_notification_mib.beam ../../ebin/snmp_standard_mib.beam ../../ebin/snmp_target_mib.beam ../../ebin/snmp_user_based_sm_mib.beam ../../ebin/snmp_view_based_acm_mib.beam ../../ebin/snmpa_acm.beam ../../ebin/snmpa_agent.beam ../../ebin/snmpa_agent_sup.beam ../../ebin/snmpa_app.beam ../../ebin/snmpa_conf.beam ../../ebin/snmpa_discovery_handler_default.beam ../../ebin/snmpa_error.beam ../../ebin/snmpa_error_io.beam ../../ebin/snmpa_error_logger.beam ../../ebin/snmpa_get.beam ../../ebin/snmpa_get_lib.beam ../../ebin/snmpa_local_db.beam ../../ebin/snmpa_mib_storage_ets.beam ../../ebin/snmpa_mib_storage_dets.beam ../../ebin/snmpa_mib_storage_mnesia.beam ../../ebin/snmpa_mib.beam ../../ebin/snmpa_mib_data_tttn.beam ../../ebin/snmpa_mib_lib.beam ../../ebin/snmpa_misc_sup.beam ../../ebin/snmpa_mpd.beam ../../ebin/snmpa_net_if.beam ../../ebin/snmpa_net_if_filter.beam ../../ebin/snmpa_set.beam ../../ebin/snmpa_set_lib.beam ../../ebin/snmpa_supervisor.beam ../../ebin/snmpa_svbl.beam ../../ebin/snmpa_symbolic_store.beam ../../ebin/snmpa_target_cache.beam ../../ebin/snmpa_trap.beam ../../ebin/snmpa_usm.beam ../../ebin/snmpa_vacm.beam ../../ebin/snmp_generic.beam ../../ebin/snmp_generic_mnesia.beam ../../ebin/snmp_index.beam ../../ebin/snmp_shadow_table.beam   \
#7 107.3 	"/usr/local/lib/erlang/lib/snmp-5.15/ebin"
#7 107.3 make[5]: Leaving directory '/build/otp_src_26.2.5.12/lib/snmp/src/agent'
#7 107.3 make[4]: Leaving directory '/build/otp_src_26.2.5.12/lib/snmp/src/agent'
#7 107.3 make[4]: Entering directory '/build/otp_src_26.2.5.12/lib/snmp/src/manager'
#7 107.3 make -w RELEASE_PATH="/usr/local/lib/erlang"   release_spec 
#7 107.3 make[5]: Entering directory '/build/otp_src_26.2.5.12/lib/snmp/src/manager'
#7 107.3 make[6]: Entering directory '/build/otp_src_26.2.5.12/lib/snmp/src/manager'
#7 107.3 make[6]: Nothing to be done for 'behaviour_targets'.
#7 107.3 make[6]: Leaving directory '/build/otp_src_26.2.5.12/lib/snmp/src/manager'
#7 107.3 make[6]: Entering directory '/build/otp_src_26.2.5.12/lib/snmp/src/manager'
#7 107.3 make[6]: Nothing to be done for 'targets'.
#7 107.3 make[6]: Leaving directory '/build/otp_src_26.2.5.12/lib/snmp/src/manager'
#7 107.3 /usr/bin/install -c -d "/usr/local/lib/erlang/lib/snmp-5.15/src"
#7 107.4 /usr/bin/install -c -d "/usr/local/lib/erlang/lib/snmp-5.15/src/manager"
#7 107.4 /usr/bin/install -c -m 644 snmpm_user.erl snmpm_user_old.erl snmpm_network_interface.erl snmpm_network_interface_filter.erl snmpm.erl snmpm_conf.erl snmpm_config.erl snmpm_mpd.erl snmpm_misc_sup.erl snmpm_net_if.erl snmpm_net_if_mt.erl snmpm_net_if_filter.erl snmpm_server.erl snmpm_server_sup.erl snmpm_supervisor.erl snmpm_user_default.erl snmpm_usm.erl snmpm_usm.hrl snmpm_atl.hrl snmpm_internal.hrl "/usr/local/lib/erlang/lib/snmp-5.15/src/manager"
#7 107.4 /usr/bin/install -c -d "/usr/local/lib/erlang/lib/snmp-5.15/ebin"
#7 107.4 /usr/bin/install -c -m 644 ../../ebin/snmpm_user.beam ../../ebin/snmpm_user_old.beam ../../ebin/snmpm_network_interface.beam ../../ebin/snmpm_network_interface_filter.beam ../../ebin/snmpm.beam ../../ebin/snmpm_conf.beam ../../ebin/snmpm_config.beam ../../ebin/snmpm_mpd.beam ../../ebin/snmpm_misc_sup.beam ../../ebin/snmpm_net_if.beam ../../ebin/snmpm_net_if_mt.beam ../../ebin/snmpm_net_if_filter.beam ../../ebin/snmpm_server.beam ../../ebin/snmpm_server_sup.beam ../../ebin/snmpm_supervisor.beam ../../ebin/snmpm_user_default.beam ../../ebin/snmpm_usm.beam "/usr/local/lib/erlang/lib/snmp-5.15/ebin"
#7 107.4 make[5]: Leaving directory '/build/otp_src_26.2.5.12/lib/snmp/src/manager'
#7 107.4 make[4]: Leaving directory '/build/otp_src_26.2.5.12/lib/snmp/src/manager'
#7 107.4 make[3]: Leaving directory '/build/otp_src_26.2.5.12/lib/snmp/src'
#7 107.4 make[3]: Entering directory '/build/otp_src_26.2.5.12/lib/snmp/examples'
#7 107.4 make[4]: Entering directory '/build/otp_src_26.2.5.12/lib/snmp/examples/ex1'
#7 107.4 make -w RELEASE_PATH="/usr/local/lib/erlang"   release_spec 
#7 107.4 make[5]: Entering directory '/build/otp_src_26.2.5.12/lib/snmp/examples/ex1'
#7 107.4 /usr/bin/install -c -d "/usr/local/lib/erlang/lib/snmp-5.15/examples"
#7 107.4 /usr/bin/install -c -d "/usr/local/lib/erlang/lib/snmp-5.15/examples"/ex1
#7 107.4 /usr/bin/install -c -m 644 EX1-MIB.funcs EX1-MIB.mib "/usr/local/lib/erlang/lib/snmp-5.15/examples"/ex1
#7 107.4 /usr/bin/install -c -m 644 ex1.erl "/usr/local/lib/erlang/lib/snmp-5.15/examples"/ex1
#7 107.4 /usr/bin/install -c -m 644 EX1-MIB.bin ex1.beam "/usr/local/lib/erlang/lib/snmp-5.15/examples"/ex1
#7 107.4 make[5]: Leaving directory '/build/otp_src_26.2.5.12/lib/snmp/examples/ex1'
#7 107.4 make[4]: Leaving directory '/build/otp_src_26.2.5.12/lib/snmp/examples/ex1'
#7 107.4 make[4]: Entering directory '/build/otp_src_26.2.5.12/lib/snmp/examples/ex2'
#7 107.4 make -w RELEASE_PATH="/usr/local/lib/erlang"   release_spec 
#7 107.4 make[5]: Entering directory '/build/otp_src_26.2.5.12/lib/snmp/examples/ex2'
#7 107.4 /usr/bin/install -c -d "/usr/local/lib/erlang/lib/snmp-5.15/examples"
#7 107.4 /usr/bin/install -c -d "/usr/local/lib/erlang/lib/snmp-5.15/examples"/ex2
#7 107.4 /usr/bin/install -c -m 644 snmp_ex2_manager.erl snmp_ex2_simple_standard_test.erl "/usr/local/lib/erlang/lib/snmp-5.15/examples"/ex2
#7 107.4 /usr/bin/install -c -m 644 snmp_ex2_manager.beam snmp_ex2_simple_standard_test.beam "/usr/local/lib/erlang/lib/snmp-5.15/examples"/ex2
#7 107.4 make[5]: Leaving directory '/build/otp_src_26.2.5.12/lib/snmp/examples/ex2'
#7 107.4 make[4]: Leaving directory '/build/otp_src_26.2.5.12/lib/snmp/examples/ex2'
#7 107.4 make[3]: Leaving directory '/build/otp_src_26.2.5.12/lib/snmp/examples'
#7 107.4 make[3]: Entering directory '/build/otp_src_26.2.5.12/lib/snmp/priv/conf'
#7 107.4 make[4]: Entering directory '/build/otp_src_26.2.5.12/lib/snmp/priv/conf/agent'
#7 107.4 make -w RELEASE_PATH="/usr/local/lib/erlang"   release_spec 
#7 107.4 make[5]: Entering directory '/build/otp_src_26.2.5.12/lib/snmp/priv/conf/agent'
#7 107.4 /usr/bin/install -c -d "/usr/local/lib/erlang/lib/snmp-5.15/priv/conf"
#7 107.4 /usr/bin/install -c -d "/usr/local/lib/erlang/lib/snmp-5.15/priv/conf/agent"
#7 107.4 /usr/bin/install -c -m 644 agent.conf community.conf context.conf notify.conf standard.conf target_addr.conf target_params.conf usm.conf vacm.conf "/usr/local/lib/erlang/lib/snmp-5.15/priv/conf/agent"
#7 107.4 make[5]: Leaving directory '/build/otp_src_26.2.5.12/lib/snmp/priv/conf/agent'
#7 107.4 make[4]: Leaving directory '/build/otp_src_26.2.5.12/lib/snmp/priv/conf/agent'
#7 107.4 make[4]: Entering directory '/build/otp_src_26.2.5.12/lib/snmp/priv/conf/manager'
#7 107.4 make -w RELEASE_PATH="/usr/local/lib/erlang"   release_spec 
#7 107.4 make[5]: Entering directory '/build/otp_src_26.2.5.12/lib/snmp/priv/conf/manager'
#7 107.4 /usr/bin/install -c -d "/usr/local/lib/erlang/lib/snmp-5.15/priv/conf"
#7 107.4 /usr/bin/install -c -d "/usr/local/lib/erlang/lib/snmp-5.15/priv/conf/manager"
#7 107.4 /usr/bin/install -c -m 644 manager.conf agents.conf users.conf "/usr/local/lib/erlang/lib/snmp-5.15/priv/conf/manager"
#7 107.4 make[5]: Leaving directory '/build/otp_src_26.2.5.12/lib/snmp/priv/conf/manager'
#7 107.4 make[4]: Leaving directory '/build/otp_src_26.2.5.12/lib/snmp/priv/conf/manager'
#7 107.4 make[3]: Leaving directory '/build/otp_src_26.2.5.12/lib/snmp/priv/conf'
#7 107.4 make[3]: Entering directory '/build/otp_src_26.2.5.12/lib/snmp/doc/src'
#7 107.4 make -w RELEASE_PATH="/usr/local/lib/erlang"   release_spec 
#7 107.4 make[4]: Entering directory '/build/otp_src_26.2.5.12/lib/snmp/doc/src'
#7 107.5 make[4]: Nothing to be done for 'release_spec'.
#7 107.5 make[4]: Leaving directory '/build/otp_src_26.2.5.12/lib/snmp/doc/src'
#7 107.5 make[3]: Leaving directory '/build/otp_src_26.2.5.12/lib/snmp/doc/src'
#7 107.5 make[3]: Entering directory '/build/otp_src_26.2.5.12/lib/snmp'
#7 107.5 test -d "/usr/local/lib/erlang/releases/26" || mkdir -p "/usr/local/lib/erlang/releases/26" ;			\
#7 107.5 if test ! -f "/usr/local/lib/erlang/releases/26/installed_application_versions" ; then				\
#7 107.5  echo "snmp-5.15" > "/usr/local/lib/erlang/releases/26/installed_application_versions" || exit 1;	\
#7 107.5 else								\
#7 107.5  if test x = x`grep snmp-5.15 "/usr/local/lib/erlang/releases/26/installed_application_versions"` ; then \
#7 107.5   echo snmp-5.15 >> "/usr/local/lib/erlang/releases/26/installed_application_versions" || exit 1;	\
#7 107.5  fi ;								\
#7 107.5 fi
#7 107.5 make[3]: Leaving directory '/build/otp_src_26.2.5.12/lib/snmp'
#7 107.5 === Leaving application snmp
#7 107.5 make[2]: Leaving directory '/build/otp_src_26.2.5.12/lib/snmp'
#7 107.5 make[2]: Entering directory '/build/otp_src_26.2.5.12/lib/erl_interface'
#7 107.5 === Entering application erl_interface
#7 107.5 make[3]: Entering directory '/build/otp_src_26.2.5.12/lib/erl_interface/src'
#7 107.5  MAKE	release
#7 107.5 make[4]: Entering directory '/build/otp_src_26.2.5.12/lib/erl_interface/src'
#7 107.5 /usr/bin/install -c -d "/usr/local/lib/erlang/lib/erl_interface-5.5.1/include"
#7 107.5 /usr/bin/install -c -d "/usr/local/lib/erlang/lib/erl_interface-5.5.1/lib"
#7 107.5 /usr/bin/install -c -d "/usr/local/lib/erlang/lib/erl_interface-5.5.1/bin"
#7 107.5 /usr/bin/install -c -d "/usr/local/lib/erlang/lib/erl_interface-5.5.1/ebin"
#7 107.5 /usr/bin/install -c -d "/usr/local/lib/erlang/lib/erl_interface-5.5.1/src/auxdir"
#7 107.5 /usr/bin/install -c -d "/usr/local/lib/erlang/lib/erl_interface-5.5.1/src/connect"
#7 107.5 /usr/bin/install -c -d "/usr/local/lib/erlang/lib/erl_interface-5.5.1/src/decode"
#7 107.5 /usr/bin/install -c -d "/usr/local/lib/erlang/lib/erl_interface-5.5.1/src/encode"
#7 107.5 /usr/bin/install -c -d "/usr/local/lib/erlang/lib/erl_interface-5.5.1/src/epmd"
#7 107.5 /usr/bin/install -c -d "/usr/local/lib/erlang/lib/erl_interface-5.5.1/src/global"
#7 107.5 /usr/bin/install -c -d "/usr/local/lib/erlang/lib/erl_interface-5.5.1/src/misc"
#7 107.5 /usr/bin/install -c -d "/usr/local/lib/erlang/lib/erl_interface-5.5.1/src/prog"
#7 107.5 /usr/bin/install -c -d "/usr/local/lib/erlang/usr/include"
#7 107.5 /usr/bin/install -c -d "/usr/local/lib/erlang/usr/lib"
#7 107.5 /usr/bin/install -c -m 644 ../ebin/erl_interface.app  "/usr/local/lib/erlang/lib/erl_interface-5.5.1/ebin/erl_interface.app"
#7 107.5 /usr/bin/install -c -m 644 ../ebin/erl_interface.appup  "/usr/local/lib/erlang/lib/erl_interface-5.5.1/ebin/erl_interface.appup"
#7 107.5 /usr/bin/install -c -m 644 ../include/ei.h ../include/ei_connect.h ../include/eicode.h     "/usr/local/lib/erlang/lib/erl_interface-5.5.1/include"
#7 107.5 /usr/bin/install -c -m 644 ../include/ei.h ../include/ei_connect.h ../include/eicode.h     "/usr/local/lib/erlang/usr/include"
#7 107.5 /usr/bin/install -c -m 644 /build/otp_src_26.2.5.12/lib/erl_interface/obj/x86_64-pc-linux-gnu/libei_st.a /build/otp_src_26.2.5.12/lib/erl_interface/obj/x86_64-pc-linux-gnu/libei.a "/usr/local/lib/erlang/lib/erl_interface-5.5.1/lib"
#7 107.5 /usr/bin/install -c -m 644 /build/otp_src_26.2.5.12/lib/erl_interface/obj/x86_64-pc-linux-gnu/libei_st.a /build/otp_src_26.2.5.12/lib/erl_interface/obj/x86_64-pc-linux-gnu/libei.a "/usr/local/lib/erlang/usr/lib"
#7 107.5 /usr/bin/install -c /build/otp_src_26.2.5.12/lib/erl_interface/bin/x86_64-pc-linux-gnu/erl_call "/usr/local/lib/erlang/lib/erl_interface-5.5.1/bin"
#7 107.5 /usr/bin/install -c -m 644 INSTALL Makefile Makefile.in README README.internal x86_64-pc-linux-gnu/eidefs.mk        "/usr/local/lib/erlang/lib/erl_interface-5.5.1/src"
#7 107.5 /usr/bin/install -c -m 644 connect/*.[ch]  "/usr/local/lib/erlang/lib/erl_interface-5.5.1/src/connect"
#7 107.5 /usr/bin/install -c -m 644 decode/*.[ch]   "/usr/local/lib/erlang/lib/erl_interface-5.5.1/src/decode"
#7 107.5 /usr/bin/install -c -m 644 encode/*.[ch]   "/usr/local/lib/erlang/lib/erl_interface-5.5.1/src/encode"
#7 107.5 /usr/bin/install -c -m 644 epmd/*.[ch]     "/usr/local/lib/erlang/lib/erl_interface-5.5.1/src/epmd"
#7 107.5 /usr/bin/install -c -m 644 misc/*.[ch]     "/usr/local/lib/erlang/lib/erl_interface-5.5.1/src/misc"
#7 107.5 /usr/bin/install -c -m 644 global/*.[ch]   "/usr/local/lib/erlang/lib/erl_interface-5.5.1/src/global"
#7 107.5 /usr/bin/install -c -m 644 prog/*.[ch]     "/usr/local/lib/erlang/lib/erl_interface-5.5.1/src/prog"
#7 107.5 make[4]: Leaving directory '/build/otp_src_26.2.5.12/lib/erl_interface/src'
#7 107.5 make[3]: Leaving directory '/build/otp_src_26.2.5.12/lib/erl_interface/src'
#7 107.5 make[3]: Entering directory '/build/otp_src_26.2.5.12/lib/erl_interface/doc/src'
#7 107.6 make -w RELEASE_PATH="/usr/local/lib/erlang"   release_spec 
#7 107.6 make[4]: Entering directory '/build/otp_src_26.2.5.12/lib/erl_interface/doc/src'
#7 107.6 make[4]: Nothing to be done for 'release_spec'.
#7 107.6 make[4]: Leaving directory '/build/otp_src_26.2.5.12/lib/erl_interface/doc/src'
#7 107.6 make[3]: Leaving directory '/build/otp_src_26.2.5.12/lib/erl_interface/doc/src'
#7 107.6 make[3]: Entering directory '/build/otp_src_26.2.5.12/lib/erl_interface'
#7 107.6 test -d "/usr/local/lib/erlang/releases/26" || mkdir -p "/usr/local/lib/erlang/releases/26" ;			\
#7 107.6 if test ! -f "/usr/local/lib/erlang/releases/26/installed_application_versions" ; then				\
#7 107.6  echo "erl_interface-5.5.1" > "/usr/local/lib/erlang/releases/26/installed_application_versions" || exit 1;	\
#7 107.6 else								\
#7 107.6  if test x = x`grep erl_interface-5.5.1 "/usr/local/lib/erlang/releases/26/installed_application_versions"` ; then \
#7 107.6   echo erl_interface-5.5.1 >> "/usr/local/lib/erlang/releases/26/installed_application_versions" || exit 1;	\
#7 107.6  fi ;								\
#7 107.6 fi
#7 107.6 make[3]: Leaving directory '/build/otp_src_26.2.5.12/lib/erl_interface'
#7 107.6 === Leaving application erl_interface
#7 107.6 make[2]: Leaving directory '/build/otp_src_26.2.5.12/lib/erl_interface'
#7 107.6 make[2]: Entering directory '/build/otp_src_26.2.5.12/lib/asn1'
#7 107.6 === Entering application asn1
#7 107.6 make[3]: Entering directory '/build/otp_src_26.2.5.12/lib/asn1/src'
#7 107.6 make -w RELEASE_PATH="/usr/local/lib/erlang"   release_spec 
#7 107.6 make[4]: Entering directory '/build/otp_src_26.2.5.12/lib/asn1/src'
#7 107.6 /usr/bin/install -c -d "/usr/local/lib/erlang/lib/asn1-5.2.2/ebin"
#7 107.6 /usr/bin/install -c -m 644 ../ebin/asn1ct.beam ../ebin/asn1ct_check.beam ../ebin/asn1_db.beam ../ebin/asn1ct_pretty_format.beam ../ebin/asn1ct_func.beam ../ebin/asn1ct_gen.beam ../ebin/asn1ct_gen_check.beam ../ebin/asn1ct_gen_per.beam ../ebin/asn1ct_name.beam ../ebin/asn1ct_constructed_per.beam ../ebin/asn1ct_constructed_ber_bin_v2.beam ../ebin/asn1ct_gen_ber_bin_v2.beam ../ebin/asn1ct_gen_jer.beam ../ebin/asn1ct_imm.beam ../ebin/asn1ct_rtt.beam ../ebin/asn1ct_value.beam ../ebin/asn1ct_tok.beam ../ebin/asn1ct_parser2.beam ../ebin/asn1ct_table.beam ../ebin/asn1ct_eval_ext.beam ../ebin/asn1rt_nif.beam ../ebin/asn1.app ../ebin/asn1.appup "/usr/local/lib/erlang/lib/asn1-5.2.2/ebin"
#7 107.6 /usr/bin/install -c -d "/usr/local/lib/erlang/lib/asn1-5.2.2/src"
#7 107.6 /usr/bin/install -c -m 644  asn1ct.erl asn1ct_check.erl asn1_db.erl asn1ct_pretty_format.erl asn1ct_func.erl asn1ct_gen.erl asn1ct_gen_check.erl asn1ct_gen_per.erl asn1ct_name.erl asn1ct_constructed_per.erl asn1ct_constructed_ber_bin_v2.erl asn1ct_gen_ber_bin_v2.erl asn1ct_gen_jer.erl asn1ct_imm.erl asn1ct_rtt.erl asn1ct_value.erl asn1ct_tok.erl asn1ct_parser2.erl asn1ct_table.erl asn1ct_eval_ext.erl asn1rt_nif.erl asn1_records.hrl asn1.app.src asn1.appup.src "/usr/local/lib/erlang/lib/asn1-5.2.2/src"
#7 107.6 /usr/bin/install -c -d "/usr/local/lib/erlang/lib/asn1-5.2.2/examples"
#7 107.6 /usr/bin/install -c -m 644 ../examples/P-Record.asn "/usr/local/lib/erlang/lib/asn1-5.2.2/examples"
#7 107.6 make[4]: Leaving directory '/build/otp_src_26.2.5.12/lib/asn1/src'
#7 107.6 make[3]: Leaving directory '/build/otp_src_26.2.5.12/lib/asn1/src'
#7 107.6 make[3]: Entering directory '/build/otp_src_26.2.5.12/lib/asn1/doc/src'
#7 107.6 make -w RELEASE_PATH="/usr/local/lib/erlang"   release_spec 
#7 107.6 make[4]: Entering directory '/build/otp_src_26.2.5.12/lib/asn1/doc/src'
#7 107.6 make[4]: Nothing to be done for 'release_spec'.
#7 107.6 make[4]: Leaving directory '/build/otp_src_26.2.5.12/lib/asn1/doc/src'
#7 107.6 make[3]: Leaving directory '/build/otp_src_26.2.5.12/lib/asn1/doc/src'
#7 107.6 make[3]: Entering directory '/build/otp_src_26.2.5.12/lib/asn1/c_src'
#7 107.6 make -w RELEASE_PATH="/usr/local/lib/erlang"   release_spec 
#7 107.6 make[4]: Entering directory '/build/otp_src_26.2.5.12/lib/asn1/c_src'
#7 107.6 /usr/bin/install -c -d "/usr/local/lib/erlang/lib/asn1-5.2.2/priv/lib"
#7 107.6 /usr/bin/install -c ../priv/lib/x86_64-pc-linux-gnu/asn1rt_nif.so "/usr/local/lib/erlang/lib/asn1-5.2.2/priv/lib"
#7 107.6 /usr/bin/install -c -d "/usr/local/lib/erlang/lib/asn1-5.2.2/c_src"
#7 107.6 /usr/bin/install -c -m 644 *.c "/usr/local/lib/erlang/lib/asn1-5.2.2/c_src"
#7 107.6 make[4]: Leaving directory '/build/otp_src_26.2.5.12/lib/asn1/c_src'
#7 107.6 make[3]: Leaving directory '/build/otp_src_26.2.5.12/lib/asn1/c_src'
#7 107.7 make[3]: Entering directory '/build/otp_src_26.2.5.12/lib/asn1'
#7 107.7 test -d "/usr/local/lib/erlang/releases/26" || mkdir -p "/usr/local/lib/erlang/releases/26" ;			\
#7 107.7 if test ! -f "/usr/local/lib/erlang/releases/26/installed_application_versions" ; then				\
#7 107.7  echo "asn1-5.2.2" > "/usr/local/lib/erlang/releases/26/installed_application_versions" || exit 1;	\
#7 107.7 else								\
#7 107.7  if test x = x`grep asn1-5.2.2 "/usr/local/lib/erlang/releases/26/installed_application_versions"` ; then \
#7 107.7   echo asn1-5.2.2 >> "/usr/local/lib/erlang/releases/26/installed_application_versions" || exit 1;	\
#7 107.7  fi ;								\
#7 107.7 fi
#7 107.7 make[3]: Leaving directory '/build/otp_src_26.2.5.12/lib/asn1'
#7 107.7 === Leaving application asn1
#7 107.7 make[2]: Leaving directory '/build/otp_src_26.2.5.12/lib/asn1'
#7 107.7 === Skipping subdir jinterface, reason:
#7 107.7 Java compiler disabled by user
#7 107.7 ===
#7 107.7 make[2]: Entering directory '/build/otp_src_26.2.5.12/lib/wx'
#7 107.7 === Entering application wx
#7 107.7 make[3]: Entering directory '/build/otp_src_26.2.5.12/lib/wx/src'
#7 107.7 make -w RELEASE_PATH="/usr/local/lib/erlang"   release_spec 
#7 107.7 make[4]: Entering directory '/build/otp_src_26.2.5.12/lib/wx/src'
#7 107.7 /usr/bin/install -c -d "/usr/local/lib/erlang/lib/wx-2.4.1/src"
#7 107.7 /usr/bin/install -c -m 644 wxe.hrl        wx.erl wx_object.erl wxe_master.erl wxe_server.erl wxe_util.erl "/usr/local/lib/erlang/lib/wx-2.4.1/src"
#7 107.7 /usr/bin/install -c -d "/usr/local/lib/erlang/lib/wx-2.4.1/src/gen"
#7 107.7 /usr/bin/install -c -m 644 gen/wxe_funcs.hrl gen/wxAcceleratorEntry.erl gen/wxAcceleratorTable.erl gen/wxActivateEvent.erl gen/wxArtProvider.erl gen/wxAuiDockArt.erl gen/wxAuiManager.erl gen/wxAuiManagerEvent.erl gen/wxAuiNotebook.erl gen/wxAuiNotebookEvent.erl gen/wxAuiPaneInfo.erl gen/wxAuiSimpleTabArt.erl gen/wxAuiTabArt.erl gen/wxBitmap.erl gen/wxBitmapButton.erl gen/wxBitmapDataObject.erl gen/wxBookCtrlBase.erl gen/wxBookCtrlEvent.erl gen/wxBoxSizer.erl gen/wxBrush.erl gen/wxBufferedDC.erl gen/wxBufferedPaintDC.erl gen/wxButton.erl gen/wxCalendarCtrl.erl gen/wxCalendarDateAttr.erl gen/wxCalendarEvent.erl gen/wxCaret.erl gen/wxCheckBox.erl gen/wxCheckListBox.erl gen/wxChildFocusEvent.erl gen/wxChoice.erl gen/wxChoicebook.erl gen/wxClientDC.erl gen/wxClipboard.erl gen/wxClipboardTextEvent.erl gen/wxCloseEvent.erl gen/wxColourData.erl gen/wxColourDialog.erl gen/wxColourPickerCtrl.erl gen/wxColourPickerEvent.erl gen/wxComboBox.erl gen/wxCommandEvent.erl gen/wxContextMenuEvent.erl gen/wxControl.erl gen/wxControlWithItems.erl gen/wxCursor.erl gen/wxDC.erl gen/wxDCOverlay.erl gen/wxDataObject.erl gen/wxDateEvent.erl gen/wxDatePickerCtrl.erl gen/wxDialog.erl gen/wxDirDialog.erl gen/wxDirPickerCtrl.erl gen/wxDisplay.erl gen/wxDisplayChangedEvent.erl gen/wxDropFilesEvent.erl gen/wxEraseEvent.erl gen/wxEvent.erl gen/wxEvtHandler.erl gen/wxFileDataObject.erl gen/wxFileDialog.erl gen/wxFileDirPickerEvent.erl gen/wxFilePickerCtrl.erl gen/wxFindReplaceData.erl gen/wxFindReplaceDialog.erl gen/wxFlexGridSizer.erl gen/wxFocusEvent.erl gen/wxFont.erl gen/wxFontData.erl gen/wxFontDialog.erl gen/wxFontPickerCtrl.erl gen/wxFontPickerEvent.erl gen/wxFrame.erl gen/wxGBSizerItem.erl gen/wxGCDC.erl gen/wxGLCanvas.erl gen/wxGLContext.erl gen/wxGauge.erl gen/wxGenericDirCtrl.erl gen/wxGraphicsBrush.erl gen/wxGraphicsContext.erl gen/wxGraphicsFont.erl gen/wxGraphicsGradientStops.erl gen/wxGraphicsMatrix.erl gen/wxGraphicsObject.erl gen/wxGraphicsPath.erl gen/wxGraphicsPen.erl gen/wxGraphicsRenderer.erl gen/wxGrid.erl gen/wxGridBagSizer.erl gen/wxGridCellAttr.erl gen/wxGridCellBoolEditor.erl gen/wxGridCellBoolRenderer.erl gen/wxGridCellChoiceEditor.erl gen/wxGridCellEditor.erl gen/wxGridCellFloatEditor.erl gen/wxGridCellFloatRenderer.erl gen/wxGridCellNumberEditor.erl gen/wxGridCellNumberRenderer.erl gen/wxGridCellRenderer.erl gen/wxGridCellStringRenderer.erl gen/wxGridCellTextEditor.erl gen/wxGridEvent.erl gen/wxGridSizer.erl gen/wxHelpEvent.erl gen/wxHtmlEasyPrinting.erl gen/wxHtmlLinkEvent.erl gen/wxHtmlWindow.erl gen/wxIcon.erl gen/wxIconBundle.erl gen/wxIconizeEvent.erl gen/wxIdleEvent.erl gen/wxImage.erl gen/wxImageList.erl gen/wxInitDialogEvent.erl gen/wxJoystickEvent.erl gen/wxKeyEvent.erl gen/wxLayoutAlgorithm.erl gen/wxListBox.erl gen/wxListCtrl.erl gen/wxListEvent.erl gen/wxListItem.erl gen/wxListItemAttr.erl gen/wxListView.erl gen/wxListbook.erl gen/wxLocale.erl gen/wxLogNull.erl gen/wxMDIChildFrame.erl gen/wxMDIClientWindow.erl gen/wxMDIParentFrame.erl gen/wxMask.erl gen/wxMaximizeEvent.erl gen/wxMemoryDC.erl gen/wxMenu.erl gen/wxMenuBar.erl gen/wxMenuEvent.erl gen/wxMenuItem.erl gen/wxMessageDialog.erl gen/wxMiniFrame.erl gen/wxMirrorDC.erl gen/wxMouseCaptureChangedEvent.erl gen/wxMouseCaptureLostEvent.erl gen/wxMouseEvent.erl gen/wxMoveEvent.erl gen/wxMultiChoiceDialog.erl gen/wxNavigationKeyEvent.erl gen/wxNotebook.erl gen/wxNotificationMessage.erl gen/wxNotifyEvent.erl gen/wxOverlay.erl gen/wxPageSetupDialog.erl gen/wxPageSetupDialogData.erl gen/wxPaintDC.erl gen/wxPaintEvent.erl gen/wxPalette.erl gen/wxPaletteChangedEvent.erl gen/wxPanel.erl gen/wxPasswordEntryDialog.erl gen/wxPen.erl gen/wxPickerBase.erl gen/wxPopupTransientWindow.erl gen/wxPopupWindow.erl gen/wxPostScriptDC.erl gen/wxPreviewCanvas.erl gen/wxPreviewControlBar.erl gen/wxPreviewFrame.erl gen/wxPrintData.erl gen/wxPrintDialog.erl gen/wxPrintDialogData.erl gen/wxPrintPreview.erl gen/wxPrinter.erl gen/wxPrintout.erl gen/wxProgressDialog.erl gen/wxQueryNewPaletteEvent.erl gen/wxRadioBox.erl gen/wxRadioButton.erl gen/wxRegion.erl gen/wxSashEvent.erl gen/wxSashLayoutWindow.erl gen/wxSashWindow.erl gen/wxScreenDC.erl gen/wxScrollBar.erl gen/wxScrollEvent.erl gen/wxScrollWinEvent.erl gen/wxScrolledWindow.erl gen/wxSetCursorEvent.erl gen/wxShowEvent.erl gen/wxSingleChoiceDialog.erl gen/wxSizeEvent.erl gen/wxSizer.erl gen/wxSizerFlags.erl gen/wxSizerItem.erl gen/wxSlider.erl gen/wxSpinButton.erl gen/wxSpinCtrl.erl gen/wxSpinEvent.erl gen/wxSplashScreen.erl gen/wxSplitterEvent.erl gen/wxSplitterWindow.erl gen/wxStaticBitmap.erl gen/wxStaticBox.erl gen/wxStaticBoxSizer.erl gen/wxStaticLine.erl gen/wxStaticText.erl gen/wxStatusBar.erl gen/wxStdDialogButtonSizer.erl gen/wxStyledTextCtrl.erl gen/wxStyledTextEvent.erl gen/wxSysColourChangedEvent.erl gen/wxSystemOptions.erl gen/wxSystemSettings.erl gen/wxTaskBarIcon.erl gen/wxTaskBarIconEvent.erl gen/wxTextAttr.erl gen/wxTextCtrl.erl gen/wxTextDataObject.erl gen/wxTextEntryDialog.erl gen/wxToggleButton.erl gen/wxToolBar.erl gen/wxToolTip.erl gen/wxToolbook.erl gen/wxTopLevelWindow.erl gen/wxTreeCtrl.erl gen/wxTreeEvent.erl gen/wxTreebook.erl gen/wxUpdateUIEvent.erl gen/wxWebView.erl gen/wxWebViewEvent.erl gen/wxWindow.erl gen/wxWindowCreateEvent.erl gen/wxWindowDC.erl gen/wxWindowDestroyEvent.erl gen/wxXmlResource.erl gen/wx_misc.erl gen/glu.erl gen/gl.erl "/usr/local/lib/erlang/lib/wx-2.4.1/src/gen"
#7 107.7 /usr/bin/install -c -d "/usr/local/lib/erlang/lib/wx-2.4.1/include"
#7 107.7 /usr/bin/install -c -m 644 ../include/wx.hrl ../include/gl.hrl ../include/glu.hrl "/usr/local/lib/erlang/lib/wx-2.4.1/include"
#7 107.7 /usr/bin/install -c -d "/usr/local/lib/erlang/lib/wx-2.4.1/ebin"
#7 107.7 /usr/bin/install -c -m 644 ../ebin/wx.beam ../ebin/wx_object.beam ../ebin/wxe_master.beam ../ebin/wxe_server.beam ../ebin/wxe_util.beam ../ebin/wxAcceleratorEntry.beam ../ebin/wxAcceleratorTable.beam ../ebin/wxActivateEvent.beam ../ebin/wxArtProvider.beam ../ebin/wxAuiDockArt.beam ../ebin/wxAuiManager.beam ../ebin/wxAuiManagerEvent.beam ../ebin/wxAuiNotebook.beam ../ebin/wxAuiNotebookEvent.beam ../ebin/wxAuiPaneInfo.beam ../ebin/wxAuiSimpleTabArt.beam ../ebin/wxAuiTabArt.beam ../ebin/wxBitmap.beam ../ebin/wxBitmapButton.beam ../ebin/wxBitmapDataObject.beam ../ebin/wxBookCtrlBase.beam ../ebin/wxBookCtrlEvent.beam ../ebin/wxBoxSizer.beam ../ebin/wxBrush.beam ../ebin/wxBufferedDC.beam ../ebin/wxBufferedPaintDC.beam ../ebin/wxButton.beam ../ebin/wxCalendarCtrl.beam ../ebin/wxCalendarDateAttr.beam ../ebin/wxCalendarEvent.beam ../ebin/wxCaret.beam ../ebin/wxCheckBox.beam ../ebin/wxCheckListBox.beam ../ebin/wxChildFocusEvent.beam ../ebin/wxChoice.beam ../ebin/wxChoicebook.beam ../ebin/wxClientDC.beam ../ebin/wxClipboard.beam ../ebin/wxClipboardTextEvent.beam ../ebin/wxCloseEvent.beam ../ebin/wxColourData.beam ../ebin/wxColourDialog.beam ../ebin/wxColourPickerCtrl.beam ../ebin/wxColourPickerEvent.beam ../ebin/wxComboBox.beam ../ebin/wxCommandEvent.beam ../ebin/wxContextMenuEvent.beam ../ebin/wxControl.beam ../ebin/wxControlWithItems.beam ../ebin/wxCursor.beam ../ebin/wxDC.beam ../ebin/wxDCOverlay.beam ../ebin/wxDataObject.beam ../ebin/wxDateEvent.beam ../ebin/wxDatePickerCtrl.beam ../ebin/wxDialog.beam ../ebin/wxDirDialog.beam ../ebin/wxDirPickerCtrl.beam ../ebin/wxDisplay.beam ../ebin/wxDisplayChangedEvent.beam ../ebin/wxDropFilesEvent.beam ../ebin/wxEraseEvent.beam ../ebin/wxEvent.beam ../ebin/wxEvtHandler.beam ../ebin/wxFileDataObject.beam ../ebin/wxFileDialog.beam ../ebin/wxFileDirPickerEvent.beam ../ebin/wxFilePickerCtrl.beam ../ebin/wxFindReplaceData.beam ../ebin/wxFindReplaceDialog.beam ../ebin/wxFlexGridSizer.beam ../ebin/wxFocusEvent.beam ../ebin/wxFont.beam ../ebin/wxFontData.beam ../ebin/wxFontDialog.beam ../ebin/wxFontPickerCtrl.beam ../ebin/wxFontPickerEvent.beam ../ebin/wxFrame.beam ../ebin/wxGBSizerItem.beam ../ebin/wxGCDC.beam ../ebin/wxGLCanvas.beam ../ebin/wxGLContext.beam ../ebin/wxGauge.beam ../ebin/wxGenericDirCtrl.beam ../ebin/wxGraphicsBrush.beam ../ebin/wxGraphicsContext.beam ../ebin/wxGraphicsFont.beam ../ebin/wxGraphicsGradientStops.beam ../ebin/wxGraphicsMatrix.beam ../ebin/wxGraphicsObject.beam ../ebin/wxGraphicsPath.beam ../ebin/wxGraphicsPen.beam ../ebin/wxGraphicsRenderer.beam ../ebin/wxGrid.beam ../ebin/wxGridBagSizer.beam ../ebin/wxGridCellAttr.beam ../ebin/wxGridCellBoolEditor.beam ../ebin/wxGridCellBoolRenderer.beam ../ebin/wxGridCellChoiceEditor.beam ../ebin/wxGridCellEditor.beam ../ebin/wxGridCellFloatEditor.beam ../ebin/wxGridCellFloatRenderer.beam ../ebin/wxGridCellNumberEditor.beam ../ebin/wxGridCellNumberRenderer.beam ../ebin/wxGridCellRenderer.beam ../ebin/wxGridCellStringRenderer.beam ../ebin/wxGridCellTextEditor.beam ../ebin/wxGridEvent.beam ../ebin/wxGridSizer.beam ../ebin/wxHelpEvent.beam ../ebin/wxHtmlEasyPrinting.beam ../ebin/wxHtmlLinkEvent.beam ../ebin/wxHtmlWindow.beam ../ebin/wxIcon.beam ../ebin/wxIconBundle.beam ../ebin/wxIconizeEvent.beam ../ebin/wxIdleEvent.beam ../ebin/wxImage.beam ../ebin/wxImageList.beam ../ebin/wxInitDialogEvent.beam ../ebin/wxJoystickEvent.beam ../ebin/wxKeyEvent.beam ../ebin/wxLayoutAlgorithm.beam ../ebin/wxListBox.beam ../ebin/wxListCtrl.beam ../ebin/wxListEvent.beam ../ebin/wxListItem.beam ../ebin/wxListItemAttr.beam ../ebin/wxListView.beam ../ebin/wxListbook.beam ../ebin/wxLocale.beam ../ebin/wxLogNull.beam ../ebin/wxMDIChildFrame.beam ../ebin/wxMDIClientWindow.beam ../ebin/wxMDIParentFrame.beam ../ebin/wxMask.beam ../ebin/wxMaximizeEvent.beam ../ebin/wxMemoryDC.beam ../ebin/wxMenu.beam ../ebin/wxMenuBar.beam ../ebin/wxMenuEvent.beam ../ebin/wxMenuItem.beam ../ebin/wxMessageDialog.beam ../ebin/wxMiniFrame.beam ../ebin/wxMirrorDC.beam ../ebin/wxMouseCaptureChangedEvent.beam ../ebin/wxMouseCaptureLostEvent.beam ../ebin/wxMouseEvent.beam ../ebin/wxMoveEvent.beam ../ebin/wxMultiChoiceDialog.beam ../ebin/wxNavigationKeyEvent.beam ../ebin/wxNotebook.beam ../ebin/wxNotificationMessage.beam ../ebin/wxNotifyEvent.beam ../ebin/wxOverlay.beam ../ebin/wxPageSetupDialog.beam ../ebin/wxPageSetupDialogData.beam ../ebin/wxPaintDC.beam ../ebin/wxPaintEvent.beam ../ebin/wxPalette.beam ../ebin/wxPaletteChangedEvent.beam ../ebin/wxPanel.beam ../ebin/wxPasswordEntryDialog.beam ../ebin/wxPen.beam ../ebin/wxPickerBase.beam ../ebin/wxPopupTransientWindow.beam ../ebin/wxPopupWindow.beam ../ebin/wxPostScriptDC.beam ../ebin/wxPreviewCanvas.beam ../ebin/wxPreviewControlBar.beam ../ebin/wxPreviewFrame.beam ../ebin/wxPrintData.beam ../ebin/wxPrintDialog.beam ../ebin/wxPrintDialogData.beam ../ebin/wxPrintPreview.beam ../ebin/wxPrinter.beam ../ebin/wxPrintout.beam ../ebin/wxProgressDialog.beam ../ebin/wxQueryNewPaletteEvent.beam ../ebin/wxRadioBox.beam ../ebin/wxRadioButton.beam ../ebin/wxRegion.beam ../ebin/wxSashEvent.beam ../ebin/wxSashLayoutWindow.beam ../ebin/wxSashWindow.beam ../ebin/wxScreenDC.beam ../ebin/wxScrollBar.beam ../ebin/wxScrollEvent.beam ../ebin/wxScrollWinEvent.beam ../ebin/wxScrolledWindow.beam ../ebin/wxSetCursorEvent.beam ../ebin/wxShowEvent.beam ../ebin/wxSingleChoiceDialog.beam ../ebin/wxSizeEvent.beam ../ebin/wxSizer.beam ../ebin/wxSizerFlags.beam ../ebin/wxSizerItem.beam ../ebin/wxSlider.beam ../ebin/wxSpinButton.beam ../ebin/wxSpinCtrl.beam ../ebin/wxSpinEvent.beam ../ebin/wxSplashScreen.beam ../ebin/wxSplitterEvent.beam ../ebin/wxSplitterWindow.beam ../ebin/wxStaticBitmap.beam ../ebin/wxStaticBox.beam ../ebin/wxStaticBoxSizer.beam ../ebin/wxStaticLine.beam ../ebin/wxStaticText.beam ../ebin/wxStatusBar.beam ../ebin/wxStdDialogButtonSizer.beam ../ebin/wxStyledTextCtrl.beam ../ebin/wxStyledTextEvent.beam ../ebin/wxSysColourChangedEvent.beam ../ebin/wxSystemOptions.beam ../ebin/wxSystemSettings.beam ../ebin/wxTaskBarIcon.beam ../ebin/wxTaskBarIconEvent.beam ../ebin/wxTextAttr.beam ../ebin/wxTextCtrl.beam ../ebin/wxTextDataObject.beam ../ebin/wxTextEntryDialog.beam ../ebin/wxToggleButton.beam ../ebin/wxToolBar.beam ../ebin/wxToolTip.beam ../ebin/wxToolbook.beam ../ebin/wxTopLevelWindow.beam ../ebin/wxTreeCtrl.beam ../ebin/wxTreeEvent.beam ../ebin/wxTreebook.beam ../ebin/wxUpdateUIEvent.beam ../ebin/wxWebView.beam ../ebin/wxWebViewEvent.beam ../ebin/wxWindow.beam ../ebin/wxWindowCreateEvent.beam ../ebin/wxWindowDC.beam ../ebin/wxWindowDestroyEvent.beam ../ebin/wxXmlResource.beam ../ebin/wx_misc.beam ../ebin/glu.beam ../ebin/gl.beam  "/usr/local/lib/erlang/lib/wx-2.4.1/ebin"
#7 107.7 /usr/bin/install -c -m 644 ../ebin/wx.app ../ebin/wx.appup "/usr/local/lib/erlang/lib/wx-2.4.1/ebin"
#7 107.7 make[4]: Leaving directory '/build/otp_src_26.2.5.12/lib/wx/src'
#7 107.7 make[3]: Leaving directory '/build/otp_src_26.2.5.12/lib/wx/src'
#7 107.7 make[3]: Entering directory '/build/otp_src_26.2.5.12/lib/wx/c_src'
#7 107.7 make -w RELEASE_PATH="/usr/local/lib/erlang"   release_spec 
#7 107.7 make[4]: Entering directory '/build/otp_src_26.2.5.12/lib/wx/c_src'
#7 107.7 /usr/bin/install -c -d "/usr/local/lib/erlang/lib/wx-2.4.1/priv"
#7 107.7 /usr/bin/install -c -m 644 ../priv/erlang-logo32.png "/usr/local/lib/erlang/lib/wx-2.4.1/priv/"
#7 107.7 /usr/bin/install -c -m 644 ../priv/erlang-logo64.png "/usr/local/lib/erlang/lib/wx-2.4.1/priv/"
#7 107.8 /usr/bin/install -c -m 644 ../priv/erlang-logo128.png "/usr/local/lib/erlang/lib/wx-2.4.1/priv/"
#7 107.8 /usr/bin/install -c ../priv/x86_64-pc-linux-gnu/wxe_driver.so "/usr/local/lib/erlang/lib/wx-2.4.1/priv/"
#7 107.8 /usr/bin/install -c ../priv/x86_64-pc-linux-gnu/erl_gl.so "/usr/local/lib/erlang/lib/wx-2.4.1/priv/"
#7 107.8 make[4]: Leaving directory '/build/otp_src_26.2.5.12/lib/wx/c_src'
#7 107.8 make[3]: Leaving directory '/build/otp_src_26.2.5.12/lib/wx/c_src'
#7 107.8 make[3]: Entering directory '/build/otp_src_26.2.5.12/lib/wx/examples'
#7 107.8 make[4]: Entering directory '/build/otp_src_26.2.5.12/lib/wx/examples/demo'
#7 107.8 make -w RELEASE_PATH="/usr/local/lib/erlang"   release_spec 
#7 107.8 make[5]: Entering directory '/build/otp_src_26.2.5.12/lib/wx/examples/demo'
#7 107.8 /usr/bin/install -c -d "/usr/local/lib/erlang/lib/wx-2.4.1/examples/demo"
#7 107.8 /usr/bin/install -c -m 644 demo.erl demo_html_tagger.erl ex_aui.erl ex_button.erl ex_canvas.erl ex_canvas_paint.erl ex_choices.erl ex_cursor.erl ex_dialogs.erl ex_frame_utils.erl ex_gauge.erl ex_gl.erl ex_grid.erl ex_htmlWindow.erl ex_listCtrl.erl ex_notebook.erl ex_notificationMessage.erl ex_pickers.erl ex_popupMenu.erl ex_radioBox.erl ex_sashWindow.erl ex_sizers.erl ex_slider.erl ex_splitterWindow.erl ex_static.erl ex_textCtrl.erl ex_treeCtrl.erl ex_graphicsContext.erl ex_webview.erl  "/usr/local/lib/erlang/lib/wx-2.4.1/examples/demo"
#7 107.8 /usr/bin/install -c -m 644 demo.beam demo_html_tagger.beam ex_aui.beam ex_button.beam ex_canvas.beam ex_canvas_paint.beam ex_choices.beam ex_cursor.beam ex_dialogs.beam ex_frame_utils.beam ex_gauge.beam ex_gl.beam ex_grid.beam ex_htmlWindow.beam ex_listCtrl.beam ex_notebook.beam ex_notificationMessage.beam ex_pickers.beam ex_popupMenu.beam ex_radioBox.beam ex_sashWindow.beam ex_sizers.beam ex_slider.beam ex_splitterWindow.beam ex_static.beam ex_textCtrl.beam ex_treeCtrl.beam ex_graphicsContext.beam ex_webview.beam "/usr/local/lib/erlang/lib/wx-2.4.1/examples/demo"
#7 107.8 /usr/bin/install -c -m 644 image.jpg erlang.png ex_htmlWindow.html "/usr/local/lib/erlang/lib/wx-2.4.1/examples/demo"
#7 107.8 make[5]: Leaving directory '/build/otp_src_26.2.5.12/lib/wx/examples/demo'
#7 107.8 make[4]: Leaving directory '/build/otp_src_26.2.5.12/lib/wx/examples/demo'
#7 107.8 make[4]: Entering directory '/build/otp_src_26.2.5.12/lib/wx/examples/sudoku'
#7 107.8 make -w RELEASE_PATH="/usr/local/lib/erlang"   release_spec 
#7 107.8 make[5]: Entering directory '/build/otp_src_26.2.5.12/lib/wx/examples/sudoku'
#7 107.8 /usr/bin/install -c -d "/usr/local/lib/erlang/lib/wx-2.4.1/examples/sudoku"
#7 107.8 /usr/bin/install -c -m 644 sudoku.erl sudoku_board.erl sudoku_game.erl sudoku_gui.erl sudoku.hrl "/usr/local/lib/erlang/lib/wx-2.4.1/examples/sudoku"
#7 107.8 /usr/bin/install -c -m 644 sudoku.beam sudoku_board.beam sudoku_game.beam sudoku_gui.beam "/usr/local/lib/erlang/lib/wx-2.4.1/examples/sudoku"
#7 107.8 make[5]: Leaving directory '/build/otp_src_26.2.5.12/lib/wx/examples/sudoku'
#7 107.8 make[4]: Leaving directory '/build/otp_src_26.2.5.12/lib/wx/examples/sudoku'
#7 107.8 make[4]: Entering directory '/build/otp_src_26.2.5.12/lib/wx/examples/simple'
#7 107.8 make -w RELEASE_PATH="/usr/local/lib/erlang"   release_spec 
#7 107.8 make[5]: Entering directory '/build/otp_src_26.2.5.12/lib/wx/examples/simple'
#7 107.8 /usr/bin/install -c -d "/usr/local/lib/erlang/lib/wx-2.4.1/examples/simple"
#7 107.8 /usr/bin/install -c -m 644 hello.erl hello2.erl minimal.erl menu.erl "/usr/local/lib/erlang/lib/wx-2.4.1/examples/simple"
#7 107.8 make[5]: Leaving directory '/build/otp_src_26.2.5.12/lib/wx/examples/simple'
#7 107.8 make[4]: Leaving directory '/build/otp_src_26.2.5.12/lib/wx/examples/simple'
#7 107.8 make[3]: Leaving directory '/build/otp_src_26.2.5.12/lib/wx/examples'
#7 107.8 make[3]: Entering directory '/build/otp_src_26.2.5.12/lib/wx/doc/src'
#7 108.0 make -w RELEASE_PATH="/usr/local/lib/erlang"   release_spec 
#7 108.0 make[4]: Entering directory '/build/otp_src_26.2.5.12/lib/wx/doc/src'
#7 108.1 make[4]: Nothing to be done for 'release_spec'.
#7 108.1 make[4]: Leaving directory '/build/otp_src_26.2.5.12/lib/wx/doc/src'
#7 108.1 make[3]: Leaving directory '/build/otp_src_26.2.5.12/lib/wx/doc/src'
#7 108.1 make[3]: Entering directory '/build/otp_src_26.2.5.12/lib/wx'
#7 108.1 test -d "/usr/local/lib/erlang/releases/26" || mkdir -p "/usr/local/lib/erlang/releases/26" ;			\
#7 108.1 if test ! -f "/usr/local/lib/erlang/releases/26/installed_application_versions" ; then				\
#7 108.1  echo "wx-2.4.1" > "/usr/local/lib/erlang/releases/26/installed_application_versions" || exit 1;	\
#7 108.1 else								\
#7 108.1  if test x = x`grep wx-2.4.1 "/usr/local/lib/erlang/releases/26/installed_application_versions"` ; then \
#7 108.1   echo wx-2.4.1 >> "/usr/local/lib/erlang/releases/26/installed_application_versions" || exit 1;	\
#7 108.1  fi ;								\
#7 108.1 fi
#7 108.1 make[3]: Leaving directory '/build/otp_src_26.2.5.12/lib/wx'
#7 108.1 === Leaving application wx
#7 108.1 make[2]: Leaving directory '/build/otp_src_26.2.5.12/lib/wx'
#7 108.1 make[2]: Entering directory '/build/otp_src_26.2.5.12/lib/debugger'
#7 108.1 === Entering application debugger
#7 108.1 make[3]: Entering directory '/build/otp_src_26.2.5.12/lib/debugger/src'
#7 108.1 make -w RELEASE_PATH="/usr/local/lib/erlang"   release_spec 
#7 108.1 make[4]: Entering directory '/build/otp_src_26.2.5.12/lib/debugger/src'
#7 108.1 /usr/bin/install -c -d "/usr/local/lib/erlang/lib/debugger-5.3.4/src"
#7 108.1 /usr/bin/install -c -m 644 debugger.erl i.erl int.erl dbg_debugged.erl dbg_icmd.erl dbg_idb.erl dbg_ieval.erl dbg_iload.erl dbg_iserver.erl dbg_istk.erl dbg_wx_break.erl dbg_wx_break_win.erl dbg_wx_code.erl dbg_wx_filedialog_win.erl dbg_wx_interpret.erl dbg_wx_mon.erl dbg_wx_mon_win.erl dbg_wx_settings.erl dbg_wx_src_view.erl dbg_wx_trace.erl dbg_wx_trace_win.erl dbg_wx_view.erl dbg_wx_win.erl dbg_wx_winman.erl dbg_ieval.hrl dbg_wx_filedialog_win.hrl  "/usr/local/lib/erlang/lib/debugger-5.3.4/src"
#7 108.1 /usr/bin/install -c -d "/usr/local/lib/erlang/lib/debugger-5.3.4/ebin"
#7 108.1 /usr/bin/install -c -m 644 ../ebin/debugger.beam ../ebin/i.beam ../ebin/int.beam ../ebin/dbg_debugged.beam ../ebin/dbg_icmd.beam ../ebin/dbg_idb.beam ../ebin/dbg_ieval.beam ../ebin/dbg_iload.beam ../ebin/dbg_iserver.beam ../ebin/dbg_istk.beam ../ebin/dbg_wx_break.beam ../ebin/dbg_wx_break_win.beam ../ebin/dbg_wx_code.beam ../ebin/dbg_wx_filedialog_win.beam ../ebin/dbg_wx_interpret.beam ../ebin/dbg_wx_mon.beam ../ebin/dbg_wx_mon_win.beam ../ebin/dbg_wx_settings.beam ../ebin/dbg_wx_src_view.beam ../ebin/dbg_wx_trace.beam ../ebin/dbg_wx_trace_win.beam ../ebin/dbg_wx_view.beam ../ebin/dbg_wx_win.beam ../ebin/dbg_wx_winman.beam ../ebin/debugger.app ../ebin/debugger.appup  "/usr/local/lib/erlang/lib/debugger-5.3.4/ebin"
#7 108.1 make[4]: Leaving directory '/build/otp_src_26.2.5.12/lib/debugger/src'
#7 108.1 make[3]: Leaving directory '/build/otp_src_26.2.5.12/lib/debugger/src'
#7 108.1 make[3]: Entering directory '/build/otp_src_26.2.5.12/lib/debugger/priv'
#7 108.1 make -w RELEASE_PATH="/usr/local/lib/erlang"   release_spec 
#7 108.1 make[4]: Entering directory '/build/otp_src_26.2.5.12/lib/debugger/priv'
#7 108.1 /usr/bin/install -c -d "/usr/local/lib/erlang/lib/debugger-5.3.4/priv"
#7 108.1 /usr/bin/install -c -m 644 debugger.tool debugger.gif erlang_bug.png  "/usr/local/lib/erlang/lib/debugger-5.3.4/priv"
#7 108.1 make[4]: Leaving directory '/build/otp_src_26.2.5.12/lib/debugger/priv'
#7 108.1 make[3]: Leaving directory '/build/otp_src_26.2.5.12/lib/debugger/priv'
#7 108.1 make[3]: Entering directory '/build/otp_src_26.2.5.12/lib/debugger/doc/src'
#7 108.1 make -w RELEASE_PATH="/usr/local/lib/erlang"   release_spec 
#7 108.1 make[4]: Entering directory '/build/otp_src_26.2.5.12/lib/debugger/doc/src'
#7 108.2 make[4]: Nothing to be done for 'release_spec'.
#7 108.2 make[4]: Leaving directory '/build/otp_src_26.2.5.12/lib/debugger/doc/src'
#7 108.2 make[3]: Leaving directory '/build/otp_src_26.2.5.12/lib/debugger/doc/src'
#7 108.2 make[3]: Entering directory '/build/otp_src_26.2.5.12/lib/debugger'
#7 108.2 test -d "/usr/local/lib/erlang/releases/26" || mkdir -p "/usr/local/lib/erlang/releases/26" ;			\
#7 108.2 if test ! -f "/usr/local/lib/erlang/releases/26/installed_application_versions" ; then				\
#7 108.2  echo "debugger-5.3.4" > "/usr/local/lib/erlang/releases/26/installed_application_versions" || exit 1;	\
#7 108.2 else								\
#7 108.2  if test x = x`grep debugger-5.3.4 "/usr/local/lib/erlang/releases/26/installed_application_versions"` ; then \
#7 108.2   echo debugger-5.3.4 >> "/usr/local/lib/erlang/releases/26/installed_application_versions" || exit 1;	\
#7 108.2  fi ;								\
#7 108.2 fi
#7 108.2 make[3]: Leaving directory '/build/otp_src_26.2.5.12/lib/debugger'
#7 108.2 === Leaving application debugger
#7 108.2 make[2]: Leaving directory '/build/otp_src_26.2.5.12/lib/debugger'
#7 108.2 make[2]: Entering directory '/build/otp_src_26.2.5.12/lib/reltool'
#7 108.2 === Entering application reltool
#7 108.2 make[3]: Entering directory '/build/otp_src_26.2.5.12/lib/reltool/src'
#7 108.2 make -w RELEASE_PATH="/usr/local/lib/erlang"   release_spec 
#7 108.2 make[4]: Entering directory '/build/otp_src_26.2.5.12/lib/reltool/src'
#7 108.2 /usr/bin/install -c -d "/usr/local/lib/erlang/lib/reltool-1.0/src"
#7 108.2 /usr/bin/install -c -m 644 reltool.hrl reltool_fgraph.hrl reltool.erl reltool_app_win.erl reltool_fgraph.erl reltool_fgraph_win.erl reltool_mod_win.erl reltool_sys_win.erl reltool_server.erl reltool_target.erl reltool_utils.erl "/usr/local/lib/erlang/lib/reltool-1.0/src"
#7 108.2 /usr/bin/install -c -d "/usr/local/lib/erlang/lib/reltool-1.0/ebin"
#7 108.2 /usr/bin/install -c -m 644 ../ebin/reltool.beam ../ebin/reltool_app_win.beam ../ebin/reltool_fgraph.beam ../ebin/reltool_fgraph_win.beam ../ebin/reltool_mod_win.beam ../ebin/reltool_sys_win.beam ../ebin/reltool_server.beam ../ebin/reltool_target.beam ../ebin/reltool_utils.beam "/usr/local/lib/erlang/lib/reltool-1.0/ebin"
#7 108.2 /usr/bin/install -c -m 644 ../ebin/reltool.app ../ebin/reltool.appup "/usr/local/lib/erlang/lib/reltool-1.0/ebin"
#7 108.2 make[4]: Leaving directory '/build/otp_src_26.2.5.12/lib/reltool/src'
#7 108.2 make[3]: Leaving directory '/build/otp_src_26.2.5.12/lib/reltool/src'
#7 108.2 make[3]: Entering directory '/build/otp_src_26.2.5.12/lib/reltool/examples'
#7 108.2 make -w RELEASE_PATH="/usr/local/lib/erlang"   release_spec 
#7 108.2 make[4]: Entering directory '/build/otp_src_26.2.5.12/lib/reltool/examples'
#7 108.2 /usr/bin/install -c -d "/usr/local/lib/erlang/lib/reltool-1.0/examples"
#7 108.2 /usr/bin/install -c -m 644  display_args mnesia_core_dump_viewer  "/usr/local/lib/erlang/lib/reltool-1.0/examples"
#7 108.2 make[4]: Leaving directory '/build/otp_src_26.2.5.12/lib/reltool/examples'
#7 108.2 make[3]: Leaving directory '/build/otp_src_26.2.5.12/lib/reltool/examples'
#7 108.2 make[3]: Entering directory '/build/otp_src_26.2.5.12/lib/reltool/doc/src'
#7 108.2 make -w RELEASE_PATH="/usr/local/lib/erlang"   release_spec 
#7 108.2 make[4]: Entering directory '/build/otp_src_26.2.5.12/lib/reltool/doc/src'
#7 108.2 make[4]: Nothing to be done for 'release_spec'.
#7 108.2 make[4]: Leaving directory '/build/otp_src_26.2.5.12/lib/reltool/doc/src'
#7 108.2 make[3]: Leaving directory '/build/otp_src_26.2.5.12/lib/reltool/doc/src'
#7 108.2 make[3]: Entering directory '/build/otp_src_26.2.5.12/lib/reltool'
#7 108.2 test -d "/usr/local/lib/erlang/releases/26" || mkdir -p "/usr/local/lib/erlang/releases/26" ;			\
#7 108.2 if test ! -f "/usr/local/lib/erlang/releases/26/installed_application_versions" ; then				\
#7 108.2  echo "reltool-1.0" > "/usr/local/lib/erlang/releases/26/installed_application_versions" || exit 1;	\
#7 108.2 else								\
#7 108.2  if test x = x`grep reltool-1.0 "/usr/local/lib/erlang/releases/26/installed_application_versions"` ; then \
#7 108.2   echo reltool-1.0 >> "/usr/local/lib/erlang/releases/26/installed_application_versions" || exit 1;	\
#7 108.2  fi ;								\
#7 108.2 fi
#7 108.2 make[3]: Leaving directory '/build/otp_src_26.2.5.12/lib/reltool'
#7 108.2 === Leaving application reltool
#7 108.2 make[2]: Leaving directory '/build/otp_src_26.2.5.12/lib/reltool'
#7 108.2 make[2]: Entering directory '/build/otp_src_26.2.5.12/lib/mnesia'
#7 108.2 === Entering application mnesia
#7 108.2 make[3]: Entering directory '/build/otp_src_26.2.5.12/lib/mnesia/src'
#7 108.2 make -w RELEASE_PATH="/usr/local/lib/erlang"   release_spec 
#7 108.2 make[4]: Entering directory '/build/otp_src_26.2.5.12/lib/mnesia/src'
#7 108.2 /usr/bin/install -c -d "/usr/local/lib/erlang/lib/mnesia-4.23.1.2/src"
#7 108.3 /usr/bin/install -c -m 644 mnesia.hrl mnesia.erl mnesia_app.erl mnesia_backend_type.erl mnesia_backup.erl mnesia_bup.erl mnesia_checkpoint.erl mnesia_checkpoint_sup.erl mnesia_controller.erl mnesia_dumper.erl mnesia_event.erl mnesia_ext_sup.erl mnesia_frag.erl mnesia_frag_hash.erl mnesia_index.erl mnesia_kernel_sup.erl mnesia_late_loader.erl mnesia_lib.erl mnesia_loader.erl mnesia_locker.erl mnesia_log.erl mnesia_monitor.erl mnesia_recover.erl mnesia_registry.erl mnesia_rpc.erl mnesia_schema.erl mnesia_snmp_hook.erl mnesia_subscr.erl mnesia_sup.erl mnesia_sp.erl mnesia_text.erl mnesia_tm.erl "/usr/local/lib/erlang/lib/mnesia-4.23.1.2/src"
#7 108.3 /usr/bin/install -c -d "/usr/local/lib/erlang/lib/mnesia-4.23.1.2/ebin"
#7 108.3 /usr/bin/install -c -m 644 ../ebin/mnesia.beam ../ebin/mnesia_app.beam ../ebin/mnesia_backend_type.beam ../ebin/mnesia_backup.beam ../ebin/mnesia_bup.beam ../ebin/mnesia_checkpoint.beam ../ebin/mnesia_checkpoint_sup.beam ../ebin/mnesia_controller.beam ../ebin/mnesia_dumper.beam ../ebin/mnesia_event.beam ../ebin/mnesia_ext_sup.beam ../ebin/mnesia_frag.beam ../ebin/mnesia_frag_hash.beam ../ebin/mnesia_index.beam ../ebin/mnesia_kernel_sup.beam ../ebin/mnesia_late_loader.beam ../ebin/mnesia_lib.beam ../ebin/mnesia_loader.beam ../ebin/mnesia_locker.beam ../ebin/mnesia_log.beam ../ebin/mnesia_monitor.beam ../ebin/mnesia_recover.beam ../ebin/mnesia_registry.beam ../ebin/mnesia_rpc.beam ../ebin/mnesia_schema.beam ../ebin/mnesia_snmp_hook.beam ../ebin/mnesia_subscr.beam ../ebin/mnesia_sup.beam ../ebin/mnesia_sp.beam ../ebin/mnesia_text.beam ../ebin/mnesia_tm.beam ../ebin/mnesia.app ../ebin/mnesia.appup "/usr/local/lib/erlang/lib/mnesia-4.23.1.2/ebin"
#7 108.3 make[4]: Leaving directory '/build/otp_src_26.2.5.12/lib/mnesia/src'
#7 108.3 make[3]: Leaving directory '/build/otp_src_26.2.5.12/lib/mnesia/src'
#7 108.3 make[3]: Entering directory '/build/otp_src_26.2.5.12/lib/mnesia/include'
#7 108.3 make -w RELEASE_PATH="/usr/local/lib/erlang"   release_spec 
#7 108.3 make[4]: Entering directory '/build/otp_src_26.2.5.12/lib/mnesia/include'
#7 108.3 /usr/bin/install -c -d "/usr/local/lib/erlang/lib/mnesia-4.23.1.2/include"
#7 108.3 make[4]: Leaving directory '/build/otp_src_26.2.5.12/lib/mnesia/include'
#7 108.3 make[3]: Leaving directory '/build/otp_src_26.2.5.12/lib/mnesia/include'
#7 108.3 make[3]: Entering directory '/build/otp_src_26.2.5.12/lib/mnesia/examples'
#7 108.3 make -w RELEASE_PATH="/usr/local/lib/erlang"   release_spec 
#7 108.3 make[4]: Entering directory '/build/otp_src_26.2.5.12/lib/mnesia/examples'
#7 108.3 /usr/bin/install -c -d "/usr/local/lib/erlang/lib/mnesia-4.23.1.2/examples"
#7 108.3 /usr/bin/install -c -m 644 company.erl company_o.erl bup.erl mnesia_meter.erl mnesia_tpcb.erl DATA company.hrl company_o.hrl "/usr/local/lib/erlang/lib/mnesia-4.23.1.2/examples"
#7 108.3 /usr/bin/install -c -d "/usr/local/lib/erlang/lib/mnesia-4.23.1.2/examples/bench"
#7 108.3 (cd bench; /usr/bin/install -c -m 644 \
#7 108.3           Makefile \
#7 108.3           README \
#7 108.3           bench.erl \
#7 108.3           bench.hrl \
#7 108.3           bench_generate.erl \
#7 108.3           bench_populate.erl \
#7 108.3           bench_trans.erl \
#7 108.3           bench.config1 \
#7 108.3           bench.config2 \
#7 108.3           bench.config3 \
#7 108.3           bench.config4 \
#7 108.3           bench.config5 \
#7 108.3           bench.config6 \
#7 108.3           bench.config7 \
#7 108.3           "/usr/local/lib/erlang/lib/mnesia-4.23.1.2/examples/bench")
#7 108.3 (cd bench; /usr/bin/install -c bench.sh "/usr/local/lib/erlang/lib/mnesia-4.23.1.2/examples/bench")
#7 108.3 make[4]: Leaving directory '/build/otp_src_26.2.5.12/lib/mnesia/examples'
#7 108.3 make[3]: Leaving directory '/build/otp_src_26.2.5.12/lib/mnesia/examples'
#7 108.3 make[3]: Entering directory '/build/otp_src_26.2.5.12/lib/mnesia/doc/src'
#7 108.3 make -w RELEASE_PATH="/usr/local/lib/erlang"   release_spec 
#7 108.3 make[4]: Entering directory '/build/otp_src_26.2.5.12/lib/mnesia/doc/src'
#7 108.3 make[4]: Nothing to be done for 'release_spec'.
#7 108.3 make[4]: Leaving directory '/build/otp_src_26.2.5.12/lib/mnesia/doc/src'
#7 108.3 make[3]: Leaving directory '/build/otp_src_26.2.5.12/lib/mnesia/doc/src'
#7 108.3 make[3]: Entering directory '/build/otp_src_26.2.5.12/lib/mnesia'
#7 108.3 test -d "/usr/local/lib/erlang/releases/26" || mkdir -p "/usr/local/lib/erlang/releases/26" ;			\
#7 108.3 if test ! -f "/usr/local/lib/erlang/releases/26/installed_application_versions" ; then				\
#7 108.3  echo "mnesia-4.23.1.2" > "/usr/local/lib/erlang/releases/26/installed_application_versions" || exit 1;	\
#7 108.3 else								\
#7 108.3  if test x = x`grep mnesia-4.23.1.2 "/usr/local/lib/erlang/releases/26/installed_application_versions"` ; then \
#7 108.3   echo mnesia-4.23.1.2 >> "/usr/local/lib/erlang/releases/26/installed_application_versions" || exit 1;	\
#7 108.3  fi ;								\
#7 108.3 fi
#7 108.3 make[3]: Leaving directory '/build/otp_src_26.2.5.12/lib/mnesia'
#7 108.3 === Leaving application mnesia
#7 108.3 make[2]: Leaving directory '/build/otp_src_26.2.5.12/lib/mnesia'
#7 108.3 make[2]: Entering directory '/build/otp_src_26.2.5.12/lib/crypto'
#7 108.3 === Entering application crypto
#7 108.3 make[3]: Entering directory '/build/otp_src_26.2.5.12/lib/crypto/src'
#7 108.3 make -w RELEASE_PATH="/usr/local/lib/erlang"   release_spec 
#7 108.3 make[4]: Entering directory '/build/otp_src_26.2.5.12/lib/crypto/src'
#7 108.3 /usr/bin/install -c -d "/usr/local/lib/erlang/lib/crypto-5.4.2.3/src"
#7 108.3 /usr/bin/install -c -m 644 crypto.erl crypto_ec_curves.erl "/usr/local/lib/erlang/lib/crypto-5.4.2.3/src"
#7 108.3 /usr/bin/install -c -d "/usr/local/lib/erlang/lib/crypto-5.4.2.3/ebin"
#7 108.3 /usr/bin/install -c -m 644 ../ebin/crypto.beam ../ebin/crypto_ec_curves.beam ../ebin/crypto.app \
#7 108.3 	../ebin/crypto.appup "/usr/local/lib/erlang/lib/crypto-5.4.2.3/ebin"
#7 108.3 make[4]: Leaving directory '/build/otp_src_26.2.5.12/lib/crypto/src'
#7 108.3 make[3]: Leaving directory '/build/otp_src_26.2.5.12/lib/crypto/src'
#7 108.3 make[3]: Entering directory '/build/otp_src_26.2.5.12/lib/crypto/c_src'
#7 108.4  MAKE	release
#7 108.4 make[4]: Entering directory '/build/otp_src_26.2.5.12/lib/crypto/c_src'
#7 108.4 make -w RELEASE_PATH="/usr/local/lib/erlang"   release_spec 
#7 108.4 make[5]: Entering directory '/build/otp_src_26.2.5.12/lib/crypto/c_src'
#7 108.4  MAKE	release_spec
#7 108.4 make[6]: Entering directory '/build/otp_src_26.2.5.12/lib/crypto/c_src'
#7 108.4 /usr/bin/install -c -d "/usr/local/lib/erlang/lib/crypto-5.4.2.3/priv/lib"
#7 108.4 /usr/bin/install -c ../priv/lib/x86_64-pc-linux-gnu/crypto.so "/usr/local/lib/erlang/lib/crypto-5.4.2.3/priv/lib"
#7 108.4 /usr/bin/install -c ../priv/lib/x86_64-pc-linux-gnu/crypto_callback.so "/usr/local/lib/erlang/lib/crypto-5.4.2.3/priv/lib"
#7 108.4 /usr/bin/install -c ../priv/lib/x86_64-pc-linux-gnu/otp_test_engine.so "/usr/local/lib/erlang/lib/crypto-5.4.2.3/priv/lib"
#7 108.4 make[6]: Leaving directory '/build/otp_src_26.2.5.12/lib/crypto/c_src'
#7 108.4 make[5]: Leaving directory '/build/otp_src_26.2.5.12/lib/crypto/c_src'
#7 108.4 make[4]: Leaving directory '/build/otp_src_26.2.5.12/lib/crypto/c_src'
#7 108.4 make[3]: Leaving directory '/build/otp_src_26.2.5.12/lib/crypto/c_src'
#7 108.4 make[3]: Entering directory '/build/otp_src_26.2.5.12/lib/crypto/doc/src'
#7 108.4 make -w RELEASE_PATH="/usr/local/lib/erlang"   release_spec 
#7 108.4 make[4]: Entering directory '/build/otp_src_26.2.5.12/lib/crypto/doc/src'
#7 108.4 make[4]: Nothing to be done for 'release_spec'.
#7 108.4 make[4]: Leaving directory '/build/otp_src_26.2.5.12/lib/crypto/doc/src'
#7 108.4 make[3]: Leaving directory '/build/otp_src_26.2.5.12/lib/crypto/doc/src'
#7 108.4 make[3]: Entering directory '/build/otp_src_26.2.5.12/lib/crypto'
#7 108.4 test -d "/usr/local/lib/erlang/releases/26" || mkdir -p "/usr/local/lib/erlang/releases/26" ;			\
#7 108.4 if test ! -f "/usr/local/lib/erlang/releases/26/installed_application_versions" ; then				\
#7 108.4  echo "crypto-5.4.2.3" > "/usr/local/lib/erlang/releases/26/installed_application_versions" || exit 1;	\
#7 108.4 else								\
#7 108.4  if test x = x`grep crypto-5.4.2.3 "/usr/local/lib/erlang/releases/26/installed_application_versions"` ; then \
#7 108.4   echo crypto-5.4.2.3 >> "/usr/local/lib/erlang/releases/26/installed_application_versions" || exit 1;	\
#7 108.4  fi ;								\
#7 108.4 fi
#7 108.4 make[3]: Leaving directory '/build/otp_src_26.2.5.12/lib/crypto'
#7 108.4 === Leaving application crypto
#7 108.4 make[2]: Leaving directory '/build/otp_src_26.2.5.12/lib/crypto'
#7 108.4 make[2]: Entering directory '/build/otp_src_26.2.5.12/lib/os_mon'
#7 108.4 === Entering application os_mon
#7 108.4 make[3]: Entering directory '/build/otp_src_26.2.5.12/lib/os_mon/src'
#7 108.4 make -w RELEASE_PATH="/usr/local/lib/erlang"   release_spec 
#7 108.4 make[4]: Entering directory '/build/otp_src_26.2.5.12/lib/os_mon/src'
#7 108.4 /usr/bin/install -c -d "/usr/local/lib/erlang/lib/os_mon-2.9.1/src"
#7 108.4 /usr/bin/install -c -m 644 disksup.erl memsup.erl cpu_sup.erl os_mon.erl os_mon_mib.erl os_sup.erl os_mon_sysinfo.erl nteventlog.erl "/usr/local/lib/erlang/lib/os_mon-2.9.1/src"
#7 108.4 /usr/bin/install -c -m 644 ../include/memsup.hrl "/usr/local/lib/erlang/lib/os_mon-2.9.1/src"
#7 108.4 /usr/bin/install -c -d "/usr/local/lib/erlang/lib/os_mon-2.9.1/ebin"
#7 108.4 /usr/bin/install -c -m 644 ../ebin/disksup.beam ../ebin/memsup.beam ../ebin/cpu_sup.beam ../ebin/os_mon.beam ../ebin/os_mon_mib.beam ../ebin/os_sup.beam ../ebin/os_mon_sysinfo.beam ../ebin/nteventlog.beam ../ebin/os_mon.app ../ebin/os_mon.appup "/usr/local/lib/erlang/lib/os_mon-2.9.1/ebin"
#7 108.4 make[4]: Leaving directory '/build/otp_src_26.2.5.12/lib/os_mon/src'
#7 108.4 make[3]: Leaving directory '/build/otp_src_26.2.5.12/lib/os_mon/src'
#7 108.4 make[3]: Entering directory '/build/otp_src_26.2.5.12/lib/os_mon/c_src'
#7 108.4  MAKE	release
#7 108.4 make[4]: Entering directory '/build/otp_src_26.2.5.12/lib/os_mon/c_src'
#7 108.5 make -w RELEASE_PATH="/usr/local/lib/erlang"   release_spec 
#7 108.5 make[5]: Entering directory '/build/otp_src_26.2.5.12/lib/os_mon/c_src'
#7 108.5  MAKE	release_spec
#7 108.5 make[6]: Entering directory '/build/otp_src_26.2.5.12/lib/os_mon/c_src'
#7 108.5 /usr/bin/install -c -d "/usr/local/lib/erlang/lib/os_mon-2.9.1/src"
#7 108.5 /usr/bin/install -c -m 644 memsup.c cpu_sup.c "/usr/local/lib/erlang/lib/os_mon-2.9.1/src"
#7 108.5 /usr/bin/install -c -d "/usr/local/lib/erlang/lib/os_mon-2.9.1/priv/bin"
#7 108.5 /usr/bin/install -c ../priv/bin/x86_64-pc-linux-gnu/memsup ../priv/bin/x86_64-pc-linux-gnu/cpu_sup "/usr/local/lib/erlang/lib/os_mon-2.9.1/priv/bin"
#7 108.5 make[6]: Leaving directory '/build/otp_src_26.2.5.12/lib/os_mon/c_src'
#7 108.5 make[5]: Leaving directory '/build/otp_src_26.2.5.12/lib/os_mon/c_src'
#7 108.5 make[4]: Leaving directory '/build/otp_src_26.2.5.12/lib/os_mon/c_src'
#7 108.5 make[3]: Leaving directory '/build/otp_src_26.2.5.12/lib/os_mon/c_src'
#7 108.5 make[3]: Entering directory '/build/otp_src_26.2.5.12/lib/os_mon/doc/src'
#7 108.5 make -w RELEASE_PATH="/usr/local/lib/erlang"   release_spec 
#7 108.5 make[4]: Entering directory '/build/otp_src_26.2.5.12/lib/os_mon/doc/src'
#7 108.5 make[4]: Nothing to be done for 'release_spec'.
#7 108.5 make[4]: Leaving directory '/build/otp_src_26.2.5.12/lib/os_mon/doc/src'
#7 108.5 make[3]: Leaving directory '/build/otp_src_26.2.5.12/lib/os_mon/doc/src'
#7 108.5 make[3]: Entering directory '/build/otp_src_26.2.5.12/lib/os_mon'
#7 108.5 test -d "/usr/local/lib/erlang/releases/26" || mkdir -p "/usr/local/lib/erlang/releases/26" ;			\
#7 108.5 if test ! -f "/usr/local/lib/erlang/releases/26/installed_application_versions" ; then				\
#7 108.5  echo "os_mon-2.9.1" > "/usr/local/lib/erlang/releases/26/installed_application_versions" || exit 1;	\
#7 108.5 else								\
#7 108.5  if test x = x`grep os_mon-2.9.1 "/usr/local/lib/erlang/releases/26/installed_application_versions"` ; then \
#7 108.5   echo os_mon-2.9.1 >> "/usr/local/lib/erlang/releases/26/installed_application_versions" || exit 1;	\
#7 108.5  fi ;								\
#7 108.5 fi
#7 108.5 make[3]: Leaving directory '/build/otp_src_26.2.5.12/lib/os_mon'
#7 108.5 === Leaving application os_mon
#7 108.5 make[2]: Leaving directory '/build/otp_src_26.2.5.12/lib/os_mon'
#7 108.5 make[2]: Entering directory '/build/otp_src_26.2.5.12/lib/syntax_tools'
#7 108.5 === Entering application syntax_tools
#7 108.5 make[3]: Entering directory '/build/otp_src_26.2.5.12/lib/syntax_tools/src'
#7 108.5 make -w RELEASE_PATH="/usr/local/lib/erlang"   release_spec 
#7 108.5 make[4]: Entering directory '/build/otp_src_26.2.5.12/lib/syntax_tools/src'
#7 108.5 /usr/bin/install -c -d "/usr/local/lib/erlang/lib/syntax_tools-3.1/ebin"
#7 108.5 /usr/bin/install -c -m 644 ../ebin/erl_syntax.beam ../ebin/erl_prettypr.beam ../ebin/erl_syntax_lib.beam ../ebin/erl_comment_scan.beam ../ebin/erl_recomment.beam ../ebin/epp_dodger.beam ../ebin/prettypr.beam ../ebin/merl.beam ../ebin/merl_transform.beam ../ebin/syntax_tools.app ../ebin/syntax_tools.appup "/usr/local/lib/erlang/lib/syntax_tools-3.1/ebin"
#7 108.5 /usr/bin/install -c -d "/usr/local/lib/erlang/lib/syntax_tools-3.1/src"
#7 108.5 /usr/bin/install -c -m 644 erl_syntax.erl erl_prettypr.erl erl_syntax_lib.erl erl_comment_scan.erl erl_recomment.erl epp_dodger.erl prettypr.erl merl.erl merl_transform.erl "/usr/local/lib/erlang/lib/syntax_tools-3.1/src"
#7 108.5 /usr/bin/install -c -d "/usr/local/lib/erlang/lib/syntax_tools-3.1/include"
#7 108.5 /usr/bin/install -c -m 644 ../include/merl.hrl "/usr/local/lib/erlang/lib/syntax_tools-3.1/include"
#7 108.5 make[4]: Leaving directory '/build/otp_src_26.2.5.12/lib/syntax_tools/src'
#7 108.5 make[3]: Leaving directory '/build/otp_src_26.2.5.12/lib/syntax_tools/src'
#7 108.5 make[3]: Entering directory '/build/otp_src_26.2.5.12/lib/syntax_tools/examples'
#7 108.5 make -w RELEASE_PATH="/usr/local/lib/erlang"   release_spec 
#7 108.5 make[4]: Entering directory '/build/otp_src_26.2.5.12/lib/syntax_tools/examples'
#7 108.5 /usr/bin/install -c -d "/usr/local/lib/erlang/lib/syntax_tools-3.1/examples"
#7 108.5 /usr/bin/install -c -m 644 demo.erl "/usr/local/lib/erlang/lib/syntax_tools-3.1/examples"
#7 108.5 make[4]: Leaving directory '/build/otp_src_26.2.5.12/lib/syntax_tools/examples'
#7 108.5 make[3]: Leaving directory '/build/otp_src_26.2.5.12/lib/syntax_tools/examples'
#7 108.5 make[3]: Entering directory '/build/otp_src_26.2.5.12/lib/syntax_tools/doc/src'
#7 108.5 make -w RELEASE_PATH="/usr/local/lib/erlang"   release_spec 
#7 108.6 make[4]: Entering directory '/build/otp_src_26.2.5.12/lib/syntax_tools/doc/src'
#7 108.6 make[4]: Nothing to be done for 'release_spec'.
#7 108.6 make[4]: Leaving directory '/build/otp_src_26.2.5.12/lib/syntax_tools/doc/src'
#7 108.6 make[3]: Leaving directory '/build/otp_src_26.2.5.12/lib/syntax_tools/doc/src'
#7 108.6 make[3]: Entering directory '/build/otp_src_26.2.5.12/lib/syntax_tools'
#7 108.6 test -d "/usr/local/lib/erlang/releases/26" || mkdir -p "/usr/local/lib/erlang/releases/26" ;			\
#7 108.6 if test ! -f "/usr/local/lib/erlang/releases/26/installed_application_versions" ; then				\
#7 108.6  echo "syntax_tools-3.1" > "/usr/local/lib/erlang/releases/26/installed_application_versions" || exit 1;	\
#7 108.6 else								\
#7 108.6  if test x = x`grep syntax_tools-3.1 "/usr/local/lib/erlang/releases/26/installed_application_versions"` ; then \
#7 108.6   echo syntax_tools-3.1 >> "/usr/local/lib/erlang/releases/26/installed_application_versions" || exit 1;	\
#7 108.6  fi ;								\
#7 108.6 fi
#7 108.6 make[3]: Leaving directory '/build/otp_src_26.2.5.12/lib/syntax_tools'
#7 108.6 === Leaving application syntax_tools
#7 108.6 make[2]: Leaving directory '/build/otp_src_26.2.5.12/lib/syntax_tools'
#7 108.6 make[2]: Entering directory '/build/otp_src_26.2.5.12/lib/public_key'
#7 108.6 === Entering application public_key
#7 108.6 make[3]: Entering directory '/build/otp_src_26.2.5.12/lib/public_key/asn1'
#7 108.6 make -w RELEASE_PATH="/usr/local/lib/erlang"   release_spec 
#7 108.6 make[4]: Entering directory '/build/otp_src_26.2.5.12/lib/public_key/asn1'
#7 108.6 /usr/bin/install -c -d "/usr/local/lib/erlang/lib/public_key-1.15.1.5/include"
#7 108.6 /usr/bin/install -c -m 644 ../include/OTP-PUB-KEY.hrl ../include/PKCS-FRAME.hrl "/usr/local/lib/erlang/lib/public_key-1.15.1.5/include"
#7 108.6 /usr/bin/install -c -d "/usr/local/lib/erlang/lib/public_key-1.15.1.5/asn1"
#7 108.6 /usr/bin/install -c -m 644 PKIX1Explicit88.asn1 PKIX1Implicit88.asn1 PKIX1Algorithms88.asn1 PKIXAttributeCertificate.asn1 PKCS-1.asn1 PKCS-3.asn1 PKCS-7.asn1 PKCS-8.asn1 PKCS-10.asn1 PKCS5v2-0.asn1 OTP-PKIX.asn1 InformationFramework.asn1 RFC5639.asn1 CMSAesRsaesOaep.asn1 OTP-PUB-KEY.asn1config \
#7 108.6 	  "/usr/local/lib/erlang/lib/public_key-1.15.1.5/asn1"
#7 108.6 /usr/bin/install -c -d "/usr/local/lib/erlang/lib/public_key-1.15.1.5/src"
#7 108.6 /usr/bin/install -c -m 644 ../src/OTP-PUB-KEY.erl ../src/PKCS-FRAME.erl "/usr/local/lib/erlang/lib/public_key-1.15.1.5/src"
#7 108.6 /usr/bin/install -c -d "/usr/local/lib/erlang/lib/public_key-1.15.1.5/ebin"
#7 108.6 /usr/bin/install -c -m 644 ../ebin/OTP-PUB-KEY.beam ../ebin/PKCS-FRAME.beam "/usr/local/lib/erlang/lib/public_key-1.15.1.5/ebin"
#7 108.6 make[4]: Leaving directory '/build/otp_src_26.2.5.12/lib/public_key/asn1'
#7 108.6 make[3]: Leaving directory '/build/otp_src_26.2.5.12/lib/public_key/asn1'
#7 108.6 make[3]: Entering directory '/build/otp_src_26.2.5.12/lib/public_key/src'
#7 108.6 make -w RELEASE_PATH="/usr/local/lib/erlang"   release_spec 
#7 108.6 make[4]: Entering directory '/build/otp_src_26.2.5.12/lib/public_key/src'
#7 108.6 /usr/bin/install -c -d "/usr/local/lib/erlang/lib/public_key-1.15.1.5/src"
#7 108.6 /usr/bin/install -c -m 644 pubkey_moduli.hrl public_key.erl pubkey_pem.erl pubkey_ssh.erl pubkey_pbe.erl pubkey_cert.erl pubkey_policy_tree.erl pubkey_cert_records.erl pubkey_crl.erl pubkey_ocsp.erl pubkey_os_cacerts.erl "/usr/local/lib/erlang/lib/public_key-1.15.1.5/src"
#7 108.6 /usr/bin/install -c -d "/usr/local/lib/erlang/lib/public_key-1.15.1.5/include"
#7 108.6 /usr/bin/install -c -m 644 ../include/public_key.hrl  "/usr/local/lib/erlang/lib/public_key-1.15.1.5/include"
#7 108.6 /usr/bin/install -c -d "/usr/local/lib/erlang/lib/public_key-1.15.1.5/ebin"
#7 108.6 /usr/bin/install -c -m 644 ../ebin/public_key.beam ../ebin/pubkey_pem.beam ../ebin/pubkey_ssh.beam ../ebin/pubkey_pbe.beam ../ebin/pubkey_cert.beam ../ebin/pubkey_policy_tree.beam ../ebin/pubkey_cert_records.beam ../ebin/pubkey_crl.beam ../ebin/pubkey_ocsp.beam ../ebin/pubkey_os_cacerts.beam ../ebin/public_key.app ../ebin/public_key.appup "/usr/local/lib/erlang/lib/public_key-1.15.1.5/ebin"
#7 108.6 make[4]: Leaving directory '/build/otp_src_26.2.5.12/lib/public_key/src'
#7 108.6 make[3]: Leaving directory '/build/otp_src_26.2.5.12/lib/public_key/src'
#7 108.6 make[3]: Entering directory '/build/otp_src_26.2.5.12/lib/public_key/c_src'
#7 108.6 make -w RELEASE_PATH="/usr/local/lib/erlang"   release_spec 
#7 108.6 make[4]: Entering directory '/build/otp_src_26.2.5.12/lib/public_key/c_src'
#7 108.6 make[4]: Nothing to be done for 'release_spec'.
#7 108.6 make[4]: Leaving directory '/build/otp_src_26.2.5.12/lib/public_key/c_src'
#7 108.6 make[3]: Leaving directory '/build/otp_src_26.2.5.12/lib/public_key/c_src'
#7 108.6 make[3]: Entering directory '/build/otp_src_26.2.5.12/lib/public_key/doc/src'
#7 108.6 make -w RELEASE_PATH="/usr/local/lib/erlang"   release_spec 
#7 108.6 make[4]: Entering directory '/build/otp_src_26.2.5.12/lib/public_key/doc/src'
#7 108.7 make[4]: Nothing to be done for 'release_spec'.
#7 108.7 make[4]: Leaving directory '/build/otp_src_26.2.5.12/lib/public_key/doc/src'
#7 108.7 make[3]: Leaving directory '/build/otp_src_26.2.5.12/lib/public_key/doc/src'
#7 108.7 make[3]: Entering directory '/build/otp_src_26.2.5.12/lib/public_key'
#7 108.7 test -d "/usr/local/lib/erlang/releases/26" || mkdir -p "/usr/local/lib/erlang/releases/26" ;			\
#7 108.7 if test ! -f "/usr/local/lib/erlang/releases/26/installed_application_versions" ; then				\
#7 108.7  echo "public_key-1.15.1.5" > "/usr/local/lib/erlang/releases/26/installed_application_versions" || exit 1;	\
#7 108.7 else								\
#7 108.7  if test x = x`grep public_key-1.15.1.5 "/usr/local/lib/erlang/releases/26/installed_application_versions"` ; then \
#7 108.7   echo public_key-1.15.1.5 >> "/usr/local/lib/erlang/releases/26/installed_application_versions" || exit 1;	\
#7 108.7  fi ;								\
#7 108.7 fi
#7 108.7 make[3]: Leaving directory '/build/otp_src_26.2.5.12/lib/public_key'
#7 108.7 === Leaving application public_key
#7 108.7 make[2]: Leaving directory '/build/otp_src_26.2.5.12/lib/public_key'
#7 108.7 make[2]: Entering directory '/build/otp_src_26.2.5.12/lib/ssl'
#7 108.7 === Entering application ssl
#7 108.7 make[3]: Entering directory '/build/otp_src_26.2.5.12/lib/ssl/src'
#7 108.7 make -w RELEASE_PATH="/usr/local/lib/erlang"   release_spec 
#7 108.7 make[4]: Entering directory '/build/otp_src_26.2.5.12/lib/ssl/src'
#7 108.7 /usr/bin/install -c -d "/usr/local/lib/erlang/lib/ssl-11.1.4.8/src"
#7 108.7 /usr/bin/install -c -m 644 dtls_connection.erl dtls_connection_sup.erl dtls_handshake.erl dtls_gen_connection.erl dtls_listener_sup.erl dtls_packet_demux.erl dtls_record.erl dtls_server_sup.erl dtls_server_session_cache_sup.erl dtls_sup.erl dtls_socket.erl dtls_v1.erl inet_tls_dist.erl inet6_tls_dist.erl ssl.erl ssl_admin_sup.erl ssl_alert.erl ssl_app.erl ssl_certificate.erl ssl_cipher.erl ssl_cipher_format.erl ssl_client_session_cache_db.erl ssl_config.erl ssl_connection_sup.erl ssl_crl.erl ssl_crl_cache.erl ssl_crl_hash_dir.erl ssl_dh_groups.erl ssl_dist_admin_sup.erl ssl_dist_connection_sup.erl ssl_dist_sup.erl ssl_gen_statem.erl ssl_handshake.erl ssl_listen_tracker_sup.erl ssl_logger.erl ssl_manager.erl ssl_pem_cache.erl ssl_pkix_db.erl ssl_record.erl ssl_server_session_cache.erl ssl_server_session_cache_db.erl ssl_server_session_cache_sup.erl ssl_upgrade_server_session_cache_sup.erl ssl_session.erl ssl_srp_primes.erl ssl_sup.erl tls_bloom_filter.erl tls_dtls_connection.erl tls_connection.erl tls_connection_sup.erl tls_server_connection_1_3.erl tls_client_connection_1_3.erl tls_gen_connection_1_3.erl tls_gen_connection.erl tls_handshake.erl tls_handshake_1_3.erl tls_record.erl tls_record_1_3.erl tls_client_ticket_store.erl tls_dist_sup.erl tls_dist_server_sup.erl tls_dyn_connection_sup.erl tls_sender.erl tls_server_session_ticket.erl tls_server_session_ticket_sup.erl tls_server_sup.erl tls_socket.erl tls_sup.erl tls_v1.erl ssl_trace.erl ssl_crl_cache_api.erl ssl_session_cache_api.erl dtls_connection.hrl dtls_handshake.hrl dtls_record.hrl ssl_alert.hrl ssl_api.hrl ssl_cipher.hrl ssl_connection.hrl ssl_handshake.hrl ssl_internal.hrl ssl_record.hrl ssl_srp.hrl tls_connection.hrl tls_handshake.hrl tls_handshake_1_3.hrl tls_record.hrl tls_record_1_3.hrl "/usr/local/lib/erlang/lib/ssl-11.1.4.8/src"
#7 108.7 /usr/bin/install -c -d "/usr/local/lib/erlang/lib/ssl-11.1.4.8/ebin"
#7 108.7 /usr/bin/install -c -m 644 ../ebin/ssl_trace.beam ../ebin/ssl_crl_cache_api.beam ../ebin/ssl_session_cache_api.beam ../ebin/dtls_connection.beam ../ebin/dtls_connection_sup.beam ../ebin/dtls_handshake.beam ../ebin/dtls_gen_connection.beam ../ebin/dtls_listener_sup.beam ../ebin/dtls_packet_demux.beam ../ebin/dtls_record.beam ../ebin/dtls_server_sup.beam ../ebin/dtls_server_session_cache_sup.beam ../ebin/dtls_sup.beam ../ebin/dtls_socket.beam ../ebin/dtls_v1.beam ../ebin/inet_tls_dist.beam ../ebin/inet6_tls_dist.beam ../ebin/ssl.beam ../ebin/ssl_admin_sup.beam ../ebin/ssl_alert.beam ../ebin/ssl_app.beam ../ebin/ssl_certificate.beam ../ebin/ssl_cipher.beam ../ebin/ssl_cipher_format.beam ../ebin/ssl_client_session_cache_db.beam ../ebin/ssl_config.beam ../ebin/ssl_connection_sup.beam ../ebin/ssl_crl.beam ../ebin/ssl_crl_cache.beam ../ebin/ssl_crl_hash_dir.beam ../ebin/ssl_dh_groups.beam ../ebin/ssl_dist_admin_sup.beam ../ebin/ssl_dist_connection_sup.beam ../ebin/ssl_dist_sup.beam ../ebin/ssl_gen_statem.beam ../ebin/ssl_handshake.beam ../ebin/ssl_listen_tracker_sup.beam ../ebin/ssl_logger.beam ../ebin/ssl_manager.beam ../ebin/ssl_pem_cache.beam ../ebin/ssl_pkix_db.beam ../ebin/ssl_record.beam ../ebin/ssl_server_session_cache.beam ../ebin/ssl_server_session_cache_db.beam ../ebin/ssl_server_session_cache_sup.beam ../ebin/ssl_upgrade_server_session_cache_sup.beam ../ebin/ssl_session.beam ../ebin/ssl_srp_primes.beam ../ebin/ssl_sup.beam ../ebin/tls_bloom_filter.beam ../ebin/tls_dtls_connection.beam ../ebin/tls_connection.beam ../ebin/tls_connection_sup.beam ../ebin/tls_server_connection_1_3.beam ../ebin/tls_client_connection_1_3.beam ../ebin/tls_gen_connection_1_3.beam ../ebin/tls_gen_connection.beam ../ebin/tls_handshake.beam ../ebin/tls_handshake_1_3.beam ../ebin/tls_record.beam ../ebin/tls_record_1_3.beam ../ebin/tls_client_ticket_store.beam ../ebin/tls_dist_sup.beam ../ebin/tls_dist_server_sup.beam ../ebin/tls_dyn_connection_sup.beam ../ebin/tls_sender.beam ../ebin/tls_server_session_ticket.beam ../ebin/tls_server_session_ticket_sup.beam ../ebin/tls_server_sup.beam ../ebin/tls_socket.beam ../ebin/tls_sup.beam ../ebin/tls_v1.beam ../ebin/ssl.app \
#7 108.7 ../ebin/ssl.appup "/usr/local/lib/erlang/lib/ssl-11.1.4.8/ebin"
#7 108.7 make[4]: Leaving directory '/build/otp_src_26.2.5.12/lib/ssl/src'
#7 108.7 make[3]: Leaving directory '/build/otp_src_26.2.5.12/lib/ssl/src'
#7 108.7 make[3]: Entering directory '/build/otp_src_26.2.5.12/lib/ssl/doc/src'
#7 108.7 make -w RELEASE_PATH="/usr/local/lib/erlang"   release_spec 
#7 108.7 make[4]: Entering directory '/build/otp_src_26.2.5.12/lib/ssl/doc/src'
#7 108.7 make[4]: Nothing to be done for 'release_spec'.
#7 108.7 make[4]: Leaving directory '/build/otp_src_26.2.5.12/lib/ssl/doc/src'
#7 108.7 make[3]: Leaving directory '/build/otp_src_26.2.5.12/lib/ssl/doc/src'
#7 108.7 make[3]: Entering directory '/build/otp_src_26.2.5.12/lib/ssl/examples/certs'
#7 108.7 make -w RELEASE_PATH="/usr/local/lib/erlang"   release_spec 
#7 108.7 make[4]: Entering directory '/build/otp_src_26.2.5.12/lib/ssl/examples/certs'
#7 108.7 /usr/bin/install -c -d "/usr/local/lib/erlang/lib/ssl-11.1.4.8/examples/certs"
#7 108.7 tar cf - etc | \
#7 108.7 	(cd "/usr/local/lib/erlang/lib/ssl-11.1.4.8/examples/certs"; tar xf -)
#7 108.7 chmod -R ug+rw "/usr/local/lib/erlang/lib/ssl-11.1.4.8/examples"
#7 108.8 make[4]: Leaving directory '/build/otp_src_26.2.5.12/lib/ssl/examples/certs'
#7 108.8 make[3]: Leaving directory '/build/otp_src_26.2.5.12/lib/ssl/examples/certs'
#7 108.8 make[3]: Entering directory '/build/otp_src_26.2.5.12/lib/ssl/examples/src'
#7 108.8 make -w RELEASE_PATH="/usr/local/lib/erlang"   release_spec 
#7 108.8 make[4]: Entering directory '/build/otp_src_26.2.5.12/lib/ssl/examples/src'
#7 108.8 /usr/bin/install -c -d "/usr/local/lib/erlang/lib/ssl-11.1.4.8/examples/src"
#7 108.8 /usr/bin/install -c -d "/usr/local/lib/erlang/lib/ssl-11.1.4.8/examples/ebin"
#7 108.8 (cd ..; tar cf - src ebin  | (cd "/usr/local/lib/erlang/lib/ssl-11.1.4.8/examples"; tar xf -))
#7 108.8 chmod -R ug+w "/usr/local/lib/erlang/lib/ssl-11.1.4.8/examples"
#7 108.8 make[4]: Leaving directory '/build/otp_src_26.2.5.12/lib/ssl/examples/src'
#7 108.8 make[3]: Leaving directory '/build/otp_src_26.2.5.12/lib/ssl/examples/src'
#7 108.8 make[3]: Entering directory '/build/otp_src_26.2.5.12/lib/ssl'
#7 108.8 test -d "/usr/local/lib/erlang/releases/26" || mkdir -p "/usr/local/lib/erlang/releases/26" ;			\
#7 108.8 if test ! -f "/usr/local/lib/erlang/releases/26/installed_application_versions" ; then				\
#7 108.8  echo "ssl-11.1.4.8" > "/usr/local/lib/erlang/releases/26/installed_application_versions" || exit 1;	\
#7 108.8 else								\
#7 108.8  if test x = x`grep ssl-11.1.4.8 "/usr/local/lib/erlang/releases/26/installed_application_versions"` ; then \
#7 108.8   echo ssl-11.1.4.8 >> "/usr/local/lib/erlang/releases/26/installed_application_versions" || exit 1;	\
#7 108.8  fi ;								\
#7 108.8 fi
#7 108.8 make[3]: Leaving directory '/build/otp_src_26.2.5.12/lib/ssl'
#7 108.8 === Leaving application ssl
#7 108.8 make[2]: Leaving directory '/build/otp_src_26.2.5.12/lib/ssl'
#7 108.8 make[2]: Entering directory '/build/otp_src_26.2.5.12/lib/observer'
#7 108.8 === Entering application observer
#7 108.8 make[3]: Entering directory '/build/otp_src_26.2.5.12/lib/observer/src'
#7 108.8 make -w RELEASE_PATH="/usr/local/lib/erlang"   release_spec 
#7 108.8 make[4]: Entering directory '/build/otp_src_26.2.5.12/lib/observer/src'
#7 108.8 /usr/bin/install -c -d "/usr/local/lib/erlang/lib/observer-2.15.1/src"
#7 108.8 /usr/bin/install -c -m 644 crashdump_viewer.erl cdv_atom_cb.erl cdv_bin_cb.erl cdv_detail_wx.erl cdv_dist_cb.erl cdv_ets_cb.erl cdv_fun_cb.erl cdv_gen_cb.erl cdv_html_wx.erl cdv_info_wx.erl cdv_int_tab_cb.erl cdv_mem_cb.erl cdv_mod_cb.erl cdv_multi_wx.erl cdv_persistent_cb.erl cdv_port_cb.erl cdv_proc_cb.erl cdv_sched_cb.erl cdv_table_wx.erl cdv_term_cb.erl cdv_timer_cb.erl cdv_virtual_list_wx.erl cdv_wx.erl etop.erl etop_tr.erl etop_txt.erl observer.erl observer_app_wx.erl observer_alloc_wx.erl observer_html_lib.erl observer_lib.erl observer_perf_wx.erl observer_port_wx.erl observer_pro_wx.erl observer_procinfo.erl observer_sock_wx.erl observer_sys_wx.erl observer_trace_wx.erl observer_traceoptions_wx.erl observer_tv_table.erl observer_tv_wx.erl observer_wx.erl ttb.erl ttb_et.erl "/usr/local/lib/erlang/lib/observer-2.15.1/src"
#7 108.8 /usr/bin/install -c -m 644 observer_tv.hrl observer_defs.hrl crashdump_viewer.hrl etop_defs.hrl "/usr/local/lib/erlang/lib/observer-2.15.1/src"
#7 108.8 /usr/bin/install -c -d "/usr/local/lib/erlang/lib/observer-2.15.1/examples"
#7 108.8 /usr/bin/install -c -m 644 multitrace.erl "/usr/local/lib/erlang/lib/observer-2.15.1/examples"
#7 108.8 /usr/bin/install -c -d "/usr/local/lib/erlang/lib/observer-2.15.1/include"
#7 108.8 /usr/bin/install -c -m 644 ../include/etop.hrl "/usr/local/lib/erlang/lib/observer-2.15.1/include"
#7 108.8 /usr/bin/install -c -d "/usr/local/lib/erlang/lib/observer-2.15.1/ebin"
#7 108.8 /usr/bin/install -c -m 644 ../ebin/crashdump_viewer.beam ../ebin/cdv_atom_cb.beam ../ebin/cdv_bin_cb.beam ../ebin/cdv_detail_wx.beam ../ebin/cdv_dist_cb.beam ../ebin/cdv_ets_cb.beam ../ebin/cdv_fun_cb.beam ../ebin/cdv_gen_cb.beam ../ebin/cdv_html_wx.beam ../ebin/cdv_info_wx.beam ../ebin/cdv_int_tab_cb.beam ../ebin/cdv_mem_cb.beam ../ebin/cdv_mod_cb.beam ../ebin/cdv_multi_wx.beam ../ebin/cdv_persistent_cb.beam ../ebin/cdv_port_cb.beam ../ebin/cdv_proc_cb.beam ../ebin/cdv_sched_cb.beam ../ebin/cdv_table_wx.beam ../ebin/cdv_term_cb.beam ../ebin/cdv_timer_cb.beam ../ebin/cdv_virtual_list_wx.beam ../ebin/cdv_wx.beam ../ebin/etop.beam ../ebin/etop_tr.beam ../ebin/etop_txt.beam ../ebin/observer.beam ../ebin/observer_app_wx.beam ../ebin/observer_alloc_wx.beam ../ebin/observer_html_lib.beam ../ebin/observer_lib.beam ../ebin/observer_perf_wx.beam ../ebin/observer_port_wx.beam ../ebin/observer_pro_wx.beam ../ebin/observer_procinfo.beam ../ebin/observer_sock_wx.beam ../ebin/observer_sys_wx.beam ../ebin/observer_trace_wx.beam ../ebin/observer_traceoptions_wx.beam ../ebin/observer_tv_table.beam ../ebin/observer_tv_wx.beam ../ebin/observer_wx.beam ../ebin/ttb.beam ../ebin/ttb_et.beam ../ebin/observer.app ../ebin/observer.appup "/usr/local/lib/erlang/lib/observer-2.15.1/ebin"
#7 108.8 /usr/bin/install -c -d "/usr/local/lib/erlang/lib/observer-2.15.1/priv/bin"
#7 108.8 /usr/bin/install -c ../priv/bin/etop ../priv/bin/cdv  "/usr/local/lib/erlang/lib/observer-2.15.1/priv/bin"
#7 108.8 /usr/bin/install -c -m 644 ../priv/erlang_observer.png "/usr/local/lib/erlang/lib/observer-2.15.1/priv"
#7 108.8 make[4]: Leaving directory '/build/otp_src_26.2.5.12/lib/observer/src'
#7 108.8 make[3]: Leaving directory '/build/otp_src_26.2.5.12/lib/observer/src'
#7 108.8 make[3]: Entering directory '/build/otp_src_26.2.5.12/lib/observer/doc/src'
#7 108.8 make -w RELEASE_PATH="/usr/local/lib/erlang"   release_spec 
#7 108.8 make[4]: Entering directory '/build/otp_src_26.2.5.12/lib/observer/doc/src'
#7 108.8 make[4]: Nothing to be done for 'release_spec'.
#7 108.8 make[4]: Leaving directory '/build/otp_src_26.2.5.12/lib/observer/doc/src'
#7 108.8 make[3]: Leaving directory '/build/otp_src_26.2.5.12/lib/observer/doc/src'
#7 108.8 make[3]: Entering directory '/build/otp_src_26.2.5.12/lib/observer'
#7 108.8 test -d "/usr/local/lib/erlang/releases/26" || mkdir -p "/usr/local/lib/erlang/releases/26" ;			\
#7 108.8 if test ! -f "/usr/local/lib/erlang/releases/26/installed_application_versions" ; then				\
#7 108.8  echo "observer-2.15.1" > "/usr/local/lib/erlang/releases/26/installed_application_versions" || exit 1;	\
#7 108.8 else								\
#7 108.8  if test x = x`grep observer-2.15.1 "/usr/local/lib/erlang/releases/26/installed_application_versions"` ; then \
#7 108.8   echo observer-2.15.1 >> "/usr/local/lib/erlang/releases/26/installed_application_versions" || exit 1;	\
#7 108.8  fi ;								\
#7 108.8 fi
#7 108.8 make[3]: Leaving directory '/build/otp_src_26.2.5.12/lib/observer'
#7 108.8 === Leaving application observer
#7 108.8 make[2]: Leaving directory '/build/otp_src_26.2.5.12/lib/observer'
#7 108.8 make[2]: Entering directory '/build/otp_src_26.2.5.12/lib/diameter'
#7 108.9 === Entering application diameter
#7 108.9 make[3]: Entering directory '/build/otp_src_26.2.5.12/lib/diameter/src'
#7 108.9 make -w RELEASE_PATH="/usr/local/lib/erlang"   release_spec 
#7 108.9 make[4]: Entering directory '/build/otp_src_26.2.5.12/lib/diameter/src'
#7 108.9 for d in bin ebin examples include src/dict; do \
#7 108.9     /usr/bin/install -c -d "/usr/local/lib/erlang/lib/diameter-2.3.2.2/$d"; \
#7 108.9 done
#7 108.9 /usr/bin/install -c ../bin/diameterc "/usr/local/lib/erlang/lib/diameter-2.3.2.2/bin"
#7 108.9 /usr/bin/install -c -m 644  ../ebin/diameter.beam  ../ebin/diameter_app.beam  ../ebin/diameter_callback.beam  ../ebin/diameter_capx.beam  ../ebin/diameter_config.beam  ../ebin/diameter_config_sup.beam  ../ebin/diameter_codec.beam  ../ebin/diameter_dist.beam  ../ebin/diameter_gen.beam  ../ebin/diameter_lib.beam  ../ebin/diameter_misc_sup.beam  ../ebin/diameter_peer.beam  ../ebin/diameter_peer_fsm.beam  ../ebin/diameter_peer_fsm_sup.beam  ../ebin/diameter_reg.beam  ../ebin/diameter_service.beam  ../ebin/diameter_service_sup.beam  ../ebin/diameter_session.beam  ../ebin/diameter_stats.beam  ../ebin/diameter_sup.beam  ../ebin/diameter_sync.beam  ../ebin/diameter_traffic.beam  ../ebin/diameter_types.beam  ../ebin/diameter_watchdog.beam  ../ebin/diameter_watchdog_sup.beam  ../ebin/diameter_etcp.beam  ../ebin/diameter_etcp_sup.beam  ../ebin/diameter_tcp.beam  ../ebin/diameter_tcp_sup.beam  ../ebin/diameter_sctp.beam  ../ebin/diameter_sctp_sup.beam  ../ebin/diameter_transport.beam  ../ebin/diameter_transport_sup.beam  ../ebin/diameter_gen_base_rfc3588.beam  ../ebin/diameter_gen_base_rfc6733.beam  ../ebin/diameter_gen_base_accounting.beam  ../ebin/diameter_gen_acct_rfc6733.beam  ../ebin/diameter_gen_doic_rfc7683.beam  ../ebin/diameter_gen_relay.beam  ../ebin/diameter_codegen.beam  ../ebin/diameter_exprecs.beam  ../ebin/diameter_dict_scanner.beam  ../ebin/diameter_dict_util.beam  ../ebin/diameter_make.beam  ../ebin/diameter_dbg.beam  ../ebin/diameter_info.beam  ../ebin/diameter_dict_parser.beam ../ebin/diameter.app ../ebin/diameter.appup "/usr/local/lib/erlang/lib/diameter-2.3.2.2/ebin"
#7 108.9 /usr/bin/install -c -m 644 ../include/diameter.hrl ../include/diameter_gen.hrl gen/diameter_gen_base_rfc3588.hrl gen/diameter_gen_base_rfc6733.hrl gen/diameter_gen_base_accounting.hrl gen/diameter_gen_acct_rfc6733.hrl gen/diameter_gen_doic_rfc7683.hrl gen/diameter_gen_relay.hrl \
#7 108.9                 "/usr/local/lib/erlang/lib/diameter-2.3.2.2/include"
#7 108.9 /usr/bin/install -c -m 644 dict/base_rfc3588.dia dict/base_rfc6733.dia dict/base_accounting.dia dict/acct_rfc6733.dia dict/doic_rfc7683.dia dict/relay.dia "/usr/local/lib/erlang/lib/diameter-2.3.2.2/src/dict"
#7 108.9 make ERL_DETERMINISTIC=no release_src_base release_src_compiler release_src_gen release_src_info release_src_transport
#7 108.9 make[5]: Entering directory '/build/otp_src_26.2.5.12/lib/diameter/src'
#7 108.9 /usr/bin/install -c -d "/usr/local/lib/erlang/lib/diameter-2.3.2.2/src/base"
#7 108.9 /usr/bin/install -c -m 644 base/diameter.erl base/diameter_app.erl base/diameter_callback.erl base/diameter_capx.erl base/diameter_config.erl base/diameter_config_sup.erl base/diameter_codec.erl base/diameter_dist.erl base/diameter_gen.erl base/diameter_lib.erl base/diameter_misc_sup.erl base/diameter_peer.erl base/diameter_peer_fsm.erl base/diameter_peer_fsm_sup.erl base/diameter_reg.erl base/diameter_service.erl base/diameter_service_sup.erl base/diameter_session.erl base/diameter_stats.erl base/diameter_sup.erl base/diameter_sync.erl base/diameter_traffic.erl base/diameter_types.erl base/diameter_watchdog.erl base/diameter_watchdog_sup.erl base/diameter_internal.hrl \
#7 108.9                  \
#7 108.9                 "/usr/local/lib/erlang/lib/diameter-2.3.2.2/src/base"
#7 108.9 /usr/bin/install -c -d "/usr/local/lib/erlang/lib/diameter-2.3.2.2/src/compiler"
#7 108.9 /usr/bin/install -c -m 644 compiler/diameter_codegen.erl compiler/diameter_exprecs.erl compiler/diameter_dict_scanner.erl compiler/diameter_dict_util.erl compiler/diameter_make.erl compiler/diameter_forms.hrl compiler/diameter_vsn.hrl \
#7 108.9                 compiler/diameter_dict_parser.yrl \
#7 108.9                 "/usr/local/lib/erlang/lib/diameter-2.3.2.2/src/compiler"
#7 108.9 /usr/bin/install -c -d "/usr/local/lib/erlang/lib/diameter-2.3.2.2/src/gen"
#7 108.9 /usr/bin/install -c -m 644 gen/diameter_gen_base_rfc3588.erl gen/diameter_gen_base_rfc6733.erl gen/diameter_gen_base_accounting.erl gen/diameter_gen_acct_rfc6733.erl gen/diameter_gen_doic_rfc7683.erl gen/diameter_gen_relay.erl gen/diameter_dict_parser.erl \
#7 108.9                  \
#7 108.9                 "/usr/local/lib/erlang/lib/diameter-2.3.2.2/src/gen"
#7 108.9 /usr/bin/install -c -d "/usr/local/lib/erlang/lib/diameter-2.3.2.2/src/info"
#7 108.9 /usr/bin/install -c -m 644 info/diameter_dbg.erl info/diameter_info.erl \
#7 108.9                  \
#7 108.9                 "/usr/local/lib/erlang/lib/diameter-2.3.2.2/src/info"
#7 108.9 /usr/bin/install -c -d "/usr/local/lib/erlang/lib/diameter-2.3.2.2/src/transport"
#7 108.9 /usr/bin/install -c -m 644 transport/diameter_etcp.erl transport/diameter_etcp_sup.erl transport/diameter_tcp.erl transport/diameter_tcp_sup.erl transport/diameter_sctp.erl transport/diameter_sctp_sup.erl transport/diameter_transport.erl transport/diameter_transport_sup.erl \
#7 108.9                  \
#7 108.9                 "/usr/local/lib/erlang/lib/diameter-2.3.2.2/src/transport"
#7 108.9 make[5]: Leaving directory '/build/otp_src_26.2.5.12/lib/diameter/src'
#7 108.9 make ERL_DETERMINISTIC=no release_examples_code release_examples_dict
#7 108.9 make[5]: Entering directory '/build/otp_src_26.2.5.12/lib/diameter/src'
#7 108.9 /usr/bin/install -c -d "/usr/local/lib/erlang/lib/diameter-2.3.2.2/examples/code"
#7 108.9 /usr/bin/install -c -m 644  ../examples/code/GNUmakefile  ../examples/code/client.erl  ../examples/code/client_cb.erl  ../examples/code/server.erl  ../examples/code/server_cb.erl  ../examples/code/relay.erl  ../examples/code/relay_cb.erl  ../examples/code/redirect.erl  ../examples/code/redirect_cb.erl \
#7 108.9                 "/usr/local/lib/erlang/lib/diameter-2.3.2.2/examples/code"
#7 108.9 /usr/bin/install -c -d "/usr/local/lib/erlang/lib/diameter-2.3.2.2/examples/dict"
#7 108.9 /usr/bin/install -c -m 644  ../examples/dict/rfc4004_mip.dia  ../examples/dict/rfc4005_nas.dia  ../examples/dict/rfc4006_cc.dia  ../examples/dict/rfc4072_eap.dia  ../examples/dict/rfc4590_digest.dia  ../examples/dict/rfc4740_sip.dia \
#7 108.9                 "/usr/local/lib/erlang/lib/diameter-2.3.2.2/examples/dict"
#7 108.9 make[5]: Leaving directory '/build/otp_src_26.2.5.12/lib/diameter/src'
#7 108.9 make[4]: Leaving directory '/build/otp_src_26.2.5.12/lib/diameter/src'
#7 108.9 make[3]: Leaving directory '/build/otp_src_26.2.5.12/lib/diameter/src'
#7 108.9 make[3]: Entering directory '/build/otp_src_26.2.5.12/lib/diameter/doc/src'
#7 108.9 make -w RELEASE_PATH="/usr/local/lib/erlang"   release_spec 
#7 108.9 make[4]: Entering directory '/build/otp_src_26.2.5.12/lib/diameter/doc/src'
#7 109.0 make[4]: Nothing to be done for 'release_spec'.
#7 109.0 make[4]: Leaving directory '/build/otp_src_26.2.5.12/lib/diameter/doc/src'
#7 109.0 make[3]: Leaving directory '/build/otp_src_26.2.5.12/lib/diameter/doc/src'
#7 109.0 make[3]: Entering directory '/build/otp_src_26.2.5.12/lib/diameter/doc/src'
#7 109.0 make -w RELEASE_PATH="/usr/local/lib/erlang"   release_spec 
#7 109.0 make[4]: Entering directory '/build/otp_src_26.2.5.12/lib/diameter/doc/src'
#7 109.0 make[4]: Nothing to be done for 'release_spec'.
#7 109.0 make[4]: Leaving directory '/build/otp_src_26.2.5.12/lib/diameter/doc/src'
#7 109.0 make[3]: Leaving directory '/build/otp_src_26.2.5.12/lib/diameter/doc/src'
#7 109.0 make[3]: Entering directory '/build/otp_src_26.2.5.12/lib/diameter'
#7 109.0 test -d "/usr/local/lib/erlang/releases/26" || mkdir -p "/usr/local/lib/erlang/releases/26" ;			\
#7 109.0 if test ! -f "/usr/local/lib/erlang/releases/26/installed_application_versions" ; then				\
#7 109.0  echo "diameter-2.3.2.2" > "/usr/local/lib/erlang/releases/26/installed_application_versions" || exit 1;	\
#7 109.0 else								\
#7 109.0  if test x = x`grep diameter-2.3.2.2 "/usr/local/lib/erlang/releases/26/installed_application_versions"` ; then \
#7 109.0   echo diameter-2.3.2.2 >> "/usr/local/lib/erlang/releases/26/installed_application_versions" || exit 1;	\
#7 109.0  fi ;								\
#7 109.0 fi
#7 109.0 make[3]: Leaving directory '/build/otp_src_26.2.5.12/lib/diameter'
#7 109.0 === Leaving application diameter
#7 109.0 make[2]: Leaving directory '/build/otp_src_26.2.5.12/lib/diameter'
#7 109.0 make[2]: Entering directory '/build/otp_src_26.2.5.12/lib/et'
#7 109.0 === Entering application et
#7 109.0 make[3]: Entering directory '/build/otp_src_26.2.5.12/lib/et/src'
#7 109.0 make -w RELEASE_PATH="/usr/local/lib/erlang"   release_spec 
#7 109.0 make[4]: Entering directory '/build/otp_src_26.2.5.12/lib/et/src'
#7 109.0 /usr/bin/install -c -d  "/usr/local/lib/erlang/lib/et-1.7/ebin"
#7 109.0 /usr/bin/install -c -m 644 ../ebin/et.beam ../ebin/et_collector.beam ../ebin/et_selector.beam ../ebin/et_viewer.beam ../ebin/et_wx_contents_viewer.beam ../ebin/et_wx_viewer.beam "/usr/local/lib/erlang/lib/et-1.7/ebin"
#7 109.0 /usr/bin/install -c -m 644 ../ebin/et.app ../ebin/et.appup "/usr/local/lib/erlang/lib/et-1.7/ebin"
#7 109.0 /usr/bin/install -c -d  "/usr/local/lib/erlang/lib/et-1.7/src"
#7 109.0 /usr/bin/install -c -m 644 et.erl et_collector.erl et_selector.erl et_viewer.erl et_wx_contents_viewer.erl et_wx_viewer.erl "/usr/local/lib/erlang/lib/et-1.7/src"
#7 109.0 /usr/bin/install -c -m 644 et_internal.hrl "/usr/local/lib/erlang/lib/et-1.7/src"
#7 109.0 /usr/bin/install -c -d  "/usr/local/lib/erlang/lib/et-1.7/include"
#7 109.0 /usr/bin/install -c -m 644 ../include/et.hrl "/usr/local/lib/erlang/lib/et-1.7/include"
#7 109.0 make[4]: Leaving directory '/build/otp_src_26.2.5.12/lib/et/src'
#7 109.0 make[3]: Leaving directory '/build/otp_src_26.2.5.12/lib/et/src'
#7 109.0 make[3]: Entering directory '/build/otp_src_26.2.5.12/lib/et/examples'
#7 109.0 make -w RELEASE_PATH="/usr/local/lib/erlang"   release_spec 
#7 109.0 make[4]: Entering directory '/build/otp_src_26.2.5.12/lib/et/examples'
#7 109.0 /usr/bin/install -c -d "/usr/local/lib/erlang/lib/et-1.7/examples"
#7 109.0 /usr/bin/install -c -m 644 et_demo.erl et_display_demo.erl et_trace_demo.erl   "/usr/local/lib/erlang/lib/et-1.7/examples"
#7 109.0 make[4]: Leaving directory '/build/otp_src_26.2.5.12/lib/et/examples'
#7 109.0 make[3]: Leaving directory '/build/otp_src_26.2.5.12/lib/et/examples'
#7 109.0 make[3]: Entering directory '/build/otp_src_26.2.5.12/lib/et/doc/src'
#7 109.0 make -w RELEASE_PATH="/usr/local/lib/erlang"   release_spec 
#7 109.0 make[4]: Entering directory '/build/otp_src_26.2.5.12/lib/et/doc/src'
#7 109.1 make[4]: Nothing to be done for 'release_spec'.
#7 109.1 make[4]: Leaving directory '/build/otp_src_26.2.5.12/lib/et/doc/src'
#7 109.1 make[3]: Leaving directory '/build/otp_src_26.2.5.12/lib/et/doc/src'
#7 109.1 make[3]: Entering directory '/build/otp_src_26.2.5.12/lib/et'
#7 109.1 test -d "/usr/local/lib/erlang/releases/26" || mkdir -p "/usr/local/lib/erlang/releases/26" ;			\
#7 109.1 if test ! -f "/usr/local/lib/erlang/releases/26/installed_application_versions" ; then				\
#7 109.1  echo "et-1.7" > "/usr/local/lib/erlang/releases/26/installed_application_versions" || exit 1;	\
#7 109.1 else								\
#7 109.1  if test x = x`grep et-1.7 "/usr/local/lib/erlang/releases/26/installed_application_versions"` ; then \
#7 109.1   echo et-1.7 >> "/usr/local/lib/erlang/releases/26/installed_application_versions" || exit 1;	\
#7 109.1  fi ;								\
#7 109.1 fi
#7 109.1 make[3]: Leaving directory '/build/otp_src_26.2.5.12/lib/et'
#7 109.1 === Leaving application et
#7 109.1 make[2]: Leaving directory '/build/otp_src_26.2.5.12/lib/et'
#7 109.1 make[2]: Entering directory '/build/otp_src_26.2.5.12/lib/megaco'
#7 109.1 === Entering application megaco
#7 109.1 make[3]: Entering directory '/build/otp_src_26.2.5.12/lib/megaco/src'
#7 109.1 make[4]: Entering directory '/build/otp_src_26.2.5.12/lib/megaco/src/app'
#7 109.1 make -w RELEASE_PATH="/usr/local/lib/erlang"   release_spec 
#7 109.1 make[5]: Entering directory '/build/otp_src_26.2.5.12/lib/megaco/src/app'
#7 109.1 /usr/bin/install -c -d  "/usr/local/lib/erlang/lib/megaco-4.5/ebin"
#7 109.1 /usr/bin/install -c -m 644 ../../ebin/megaco.beam "/usr/local/lib/erlang/lib/megaco-4.5/ebin"
#7 109.1 /usr/bin/install -c -m 644 ../../ebin/megaco.app ../../ebin/megaco.appup "/usr/local/lib/erlang/lib/megaco-4.5/ebin"
#7 109.1 /usr/bin/install -c -d  "/usr/local/lib/erlang/lib/megaco-4.5/src"
#7 109.1 /usr/bin/install -c -d  "/usr/local/lib/erlang/lib/megaco-4.5/src/app"
#7 109.1 /usr/bin/install -c -m 644 megaco.erl	 megaco_internal.hrl "/usr/local/lib/erlang/lib/megaco-4.5/src/app"
#7 109.1 /usr/bin/install -c -d  "/usr/local/lib/erlang/lib/megaco-4.5/include"
#7 109.1 /usr/bin/install -c -m 644 ../../include/megaco.hrl ../../include/megaco_message_v1.hrl ../../include/megaco_message_v2.hrl ../../include/megaco_message_v3.hrl ../../include/megaco_sdp.hrl "/usr/local/lib/erlang/lib/megaco-4.5/include"
#7 109.1 make[5]: Leaving directory '/build/otp_src_26.2.5.12/lib/megaco/src/app'
#7 109.1 make[4]: Leaving directory '/build/otp_src_26.2.5.12/lib/megaco/src/app'
#7 109.1 make[4]: Entering directory '/build/otp_src_26.2.5.12/lib/megaco/src/engine'
#7 109.1 make -w RELEASE_PATH="/usr/local/lib/erlang"   release_spec 
#7 109.1 make[5]: Entering directory '/build/otp_src_26.2.5.12/lib/megaco/src/engine'
#7 109.1 /usr/bin/install -c -d  "/usr/local/lib/erlang/lib/megaco-4.5/ebin"
#7 109.1 /usr/bin/install -c -m 644 ../../ebin/megaco_edist_compress.beam ../../ebin/megaco_encoder.beam ../../ebin/megaco_user.beam ../../ebin/megaco_transport.beam ../../ebin/megaco_config_misc.beam ../../ebin/megaco_config.beam ../../ebin/megaco_digit_map.beam ../../ebin/megaco_erl_dist_encoder.beam ../../ebin/megaco_erl_dist_encoder_mc.beam ../../ebin/megaco_filter.beam ../../ebin/megaco_messenger.beam ../../ebin/megaco_messenger_misc.beam ../../ebin/megaco_misc_sup.beam ../../ebin/megaco_monitor.beam ../../ebin/megaco_sdp.beam ../../ebin/megaco_sup.beam ../../ebin/megaco_stats.beam ../../ebin/megaco_timer.beam ../../ebin/megaco_trans_sender.beam ../../ebin/megaco_trans_sup.beam ../../ebin/megaco_user_default.beam "/usr/local/lib/erlang/lib/megaco-4.5/ebin"
#7 109.1 /usr/bin/install -c -d  "/usr/local/lib/erlang/lib/megaco-4.5/src"
#7 109.1 /usr/bin/install -c -d  "/usr/local/lib/erlang/lib/megaco-4.5/src/engine"
#7 109.1 /usr/bin/install -c -m 644 megaco_config_misc.erl megaco_config.erl megaco_digit_map.erl megaco_erl_dist_encoder.erl megaco_erl_dist_encoder_mc.erl megaco_filter.erl megaco_messenger.erl megaco_messenger_misc.erl megaco_misc_sup.erl megaco_monitor.erl megaco_sdp.erl megaco_sup.erl megaco_stats.erl megaco_timer.erl megaco_trans_sender.erl megaco_trans_sup.erl megaco_user_default.erl megaco_edist_compress.erl megaco_encoder.erl megaco_user.erl megaco_transport.erl megaco_message_internal.hrl "/usr/local/lib/erlang/lib/megaco-4.5/src/engine"
#7 109.1 /usr/bin/install -c -d  "/usr/local/lib/erlang/lib/megaco-4.5/include"
#7 109.1 make[5]: Leaving directory '/build/otp_src_26.2.5.12/lib/megaco/src/engine'
#7 109.1 make[4]: Leaving directory '/build/otp_src_26.2.5.12/lib/megaco/src/engine'
#7 109.1 make[4]: Entering directory '/build/otp_src_26.2.5.12/lib/megaco/src/text'
#7 109.1 make -w RELEASE_PATH="/usr/local/lib/erlang"   release_spec 
#7 109.1 make[5]: Entering directory '/build/otp_src_26.2.5.12/lib/megaco/src/text'
#7 109.1 /usr/bin/install -c -d  "/usr/local/lib/erlang/lib/megaco-4.5/ebin"
#7 109.1 /usr/bin/install -c -m 644 ../../ebin/megaco_text_parser_v1.beam ../../ebin/megaco_text_parser_v2.beam ../../ebin/megaco_text_parser_v3.beam ../../ebin/megaco_text_mini_parser.beam ../../ebin/megaco_compact_text_encoder.beam ../../ebin/megaco_compact_text_encoder_v1.beam ../../ebin/megaco_compact_text_encoder_v2.beam ../../ebin/megaco_compact_text_encoder_v3.beam ../../ebin/megaco_pretty_text_encoder.beam ../../ebin/megaco_pretty_text_encoder_v1.beam ../../ebin/megaco_pretty_text_encoder_v2.beam ../../ebin/megaco_pretty_text_encoder_v3.beam ../../ebin/megaco_text_mini_decoder.beam ../../ebin/megaco_text_scanner.beam "/usr/local/lib/erlang/lib/megaco-4.5/ebin"
#7 109.1 /usr/bin/install -c -d  "/usr/local/lib/erlang/lib/megaco-4.5/src"
#7 109.1 /usr/bin/install -c -d  "/usr/local/lib/erlang/lib/megaco-4.5/src/text"
#7 109.1 /usr/bin/install -c -m 644 megaco_compact_text_encoder.erl megaco_compact_text_encoder_v1.erl megaco_compact_text_encoder_v2.erl megaco_compact_text_encoder_v3.erl megaco_pretty_text_encoder.erl megaco_pretty_text_encoder_v1.erl megaco_pretty_text_encoder_v2.erl megaco_pretty_text_encoder_v3.erl megaco_text_mini_decoder.erl megaco_text_scanner.erl megaco_text_parser_v1.erl megaco_text_parser_v2.erl megaco_text_parser_v3.erl megaco_text_mini_parser.erl megaco_text_parser_v1.yrl megaco_text_parser_v2.yrl megaco_text_parser_v3.yrl megaco_text_mini_parser.yrl megaco_text_gen_v1.hrl megaco_text_gen_v2.hrl megaco_text_gen_v3.hrl megaco_text_parser_v1.hrl megaco_text_parser_v2.hrl megaco_text_parser_v3.hrl megaco_text_mini_parser.hrl megaco_text_tokens.hrl "/usr/local/lib/erlang/lib/megaco-4.5/src/text"
#7 109.1 make[5]: Leaving directory '/build/otp_src_26.2.5.12/lib/megaco/src/text'
#7 109.1 make[4]: Leaving directory '/build/otp_src_26.2.5.12/lib/megaco/src/text'
#7 109.1 make[4]: Entering directory '/build/otp_src_26.2.5.12/lib/megaco/src/flex'
#7 109.1  MAKE	release
#7 109.1 make[5]: Entering directory '/build/otp_src_26.2.5.12/lib/megaco/src/flex'
#7 109.2 make -w RELEASE_PATH="/usr/local/lib/erlang"   release_spec 
#7 109.2 make[6]: Entering directory '/build/otp_src_26.2.5.12/lib/megaco/src/flex'
#7 109.2  MAKE	release_spec
#7 109.2 make[7]: Entering directory '/build/otp_src_26.2.5.12/lib/megaco/src/flex'
#7 109.2 /usr/bin/install -c -d  "/usr/local/lib/erlang/lib/megaco-4.5/ebin"
#7 109.2 /usr/bin/install -c -d  "/usr/local/lib/erlang/lib/megaco-4.5/src"
#7 109.2 /usr/bin/install -c -d  "/usr/local/lib/erlang/lib/megaco-4.5/src/flex"
#7 109.2 /usr/bin/install -c -d  "/usr/local/lib/erlang/lib/megaco-4.5/priv/lib"
#7 109.2 /usr/bin/install -c -d  "/usr/local/lib/erlang/lib/megaco-4.5/include"
#7 109.2 /usr/bin/install -c -m 644 megaco_flex_scanner.erl megaco_flex_scanner_handler.erl	  "/usr/local/lib/erlang/lib/megaco-4.5/src/flex"
#7 109.2 /usr/bin/install -c -m 644 ../../ebin/megaco_flex_scanner.beam ../../ebin/megaco_flex_scanner_handler.beam "/usr/local/lib/erlang/lib/megaco-4.5/ebin"
#7 109.2 make[7]: Leaving directory '/build/otp_src_26.2.5.12/lib/megaco/src/flex'
#7 109.2 make[6]: Leaving directory '/build/otp_src_26.2.5.12/lib/megaco/src/flex'
#7 109.2 make[5]: Leaving directory '/build/otp_src_26.2.5.12/lib/megaco/src/flex'
#7 109.2 make[4]: Leaving directory '/build/otp_src_26.2.5.12/lib/megaco/src/flex'
#7 109.2 make[4]: Entering directory '/build/otp_src_26.2.5.12/lib/megaco/src/binary'
#7 109.2 make -w RELEASE_PATH="/usr/local/lib/erlang"   release_spec 
#7 109.2 make[5]: Entering directory '/build/otp_src_26.2.5.12/lib/megaco/src/binary'
#7 109.2 /usr/bin/install -c -d  "/usr/local/lib/erlang/lib/megaco-4.5/ebin"
#7 109.2 /usr/bin/install -c -m 644 ../../ebin/megaco_binary_encoder.beam ../../ebin/megaco_binary_encoder_lib.beam ../../ebin/megaco_ber_encoder.beam ../../ebin/megaco_ber_media_gateway_control_v1.beam ../../ebin/megaco_ber_media_gateway_control_v2.beam ../../ebin/megaco_ber_media_gateway_control_v3.beam ../../ebin/megaco_per_encoder.beam ../../ebin/megaco_per_media_gateway_control_v1.beam ../../ebin/megaco_per_media_gateway_control_v2.beam ../../ebin/megaco_per_media_gateway_control_v3.beam ../../ebin/megaco_binary_name_resolver_v1.beam ../../ebin/megaco_binary_name_resolver_v2.beam ../../ebin/megaco_binary_name_resolver_v3.beam ../../ebin/megaco_binary_term_id.beam ../../ebin/megaco_binary_term_id_gen.beam ../../ebin/megaco_binary_transformer_v1.beam ../../ebin/megaco_binary_transformer_v2.beam ../../ebin/megaco_binary_transformer_v3.beam "/usr/local/lib/erlang/lib/megaco-4.5/ebin"
#7 109.2 /usr/bin/install -c -d  "/usr/local/lib/erlang/lib/megaco-4.5/src"
#7 109.2 /usr/bin/install -c -d  "/usr/local/lib/erlang/lib/megaco-4.5/src/binary"
#7 109.2 /usr/bin/install -c -m 644 megaco_binary_encoder.erl megaco_binary_encoder_lib.erl megaco_ber_encoder.erl megaco_ber_media_gateway_control_v1.erl megaco_ber_media_gateway_control_v2.erl megaco_ber_media_gateway_control_v3.erl megaco_per_encoder.erl megaco_per_media_gateway_control_v1.erl megaco_per_media_gateway_control_v2.erl megaco_per_media_gateway_control_v3.erl megaco_binary_name_resolver_v1.erl megaco_binary_name_resolver_v2.erl megaco_binary_name_resolver_v3.erl megaco_binary_term_id.erl megaco_binary_term_id_gen.erl megaco_binary_transformer_v1.erl megaco_binary_transformer_v2.erl megaco_binary_transformer_v3.erl	  megaco_ber_media_gateway_control_v1.hrl megaco_per_media_gateway_control_v1.hrl megaco_ber_media_gateway_control_v2.hrl megaco_per_media_gateway_control_v2.hrl megaco_ber_media_gateway_control_v3.hrl megaco_per_media_gateway_control_v3.hrl MEDIA-GATEWAY-CONTROL-v1.asn MEDIA-GATEWAY-CONTROL-v2.asn MEDIA-GATEWAY-CONTROL-v3.asn "/usr/local/lib/erlang/lib/megaco-4.5/src/binary"
#7 109.2 make[5]: Leaving directory '/build/otp_src_26.2.5.12/lib/megaco/src/binary'
#7 109.2 make[4]: Leaving directory '/build/otp_src_26.2.5.12/lib/megaco/src/binary'
#7 109.2 make[4]: Entering directory '/build/otp_src_26.2.5.12/lib/megaco/src/tcp'
#7 109.2 make -w RELEASE_PATH="/usr/local/lib/erlang"   release_spec 
#7 109.2 make[5]: Entering directory '/build/otp_src_26.2.5.12/lib/megaco/src/tcp'
#7 109.2 /usr/bin/install -c -d  "/usr/local/lib/erlang/lib/megaco-4.5/ebin"
#7 109.2 /usr/bin/install -c -m 644 ../../ebin/megaco_tcp.beam ../../ebin/megaco_tcp_sup.beam ../../ebin/megaco_tcp_accept.beam ../../ebin/megaco_tcp_accept_sup.beam ../../ebin/megaco_tcp_connection.beam ../../ebin/megaco_tcp_connection_sup.beam "/usr/local/lib/erlang/lib/megaco-4.5/ebin"
#7 109.2 /usr/bin/install -c -d  "/usr/local/lib/erlang/lib/megaco-4.5/src"
#7 109.2 /usr/bin/install -c -d  "/usr/local/lib/erlang/lib/megaco-4.5/src/tcp"
#7 109.2 /usr/bin/install -c -m 644 megaco_tcp.erl megaco_tcp_sup.erl megaco_tcp_accept.erl megaco_tcp_accept_sup.erl megaco_tcp_connection.erl megaco_tcp_connection_sup.erl	 megaco_tcp.hrl "/usr/local/lib/erlang/lib/megaco-4.5/src/tcp"
#7 109.2 make[5]: Leaving directory '/build/otp_src_26.2.5.12/lib/megaco/src/tcp'
#7 109.2 make[4]: Leaving directory '/build/otp_src_26.2.5.12/lib/megaco/src/tcp'
#7 109.2 make[4]: Entering directory '/build/otp_src_26.2.5.12/lib/megaco/src/udp'
#7 109.2 make -w RELEASE_PATH="/usr/local/lib/erlang"   release_spec 
#7 109.2 make[5]: Entering directory '/build/otp_src_26.2.5.12/lib/megaco/src/udp'
#7 109.2 /usr/bin/install -c -d  "/usr/local/lib/erlang/lib/megaco-4.5/ebin"
#7 109.2 /usr/bin/install -c -m 644 ../../ebin/megaco_udp.beam ../../ebin/megaco_udp_sup.beam ../../ebin/megaco_udp_server.beam "/usr/local/lib/erlang/lib/megaco-4.5/ebin"
#7 109.2 /usr/bin/install -c -d  "/usr/local/lib/erlang/lib/megaco-4.5/src"
#7 109.2 /usr/bin/install -c -d  "/usr/local/lib/erlang/lib/megaco-4.5/src/udp"
#7 109.2 /usr/bin/install -c -m 644 megaco_udp.erl megaco_udp_sup.erl megaco_udp_server.erl	 megaco_udp.hrl "/usr/local/lib/erlang/lib/megaco-4.5/src/udp"
#7 109.2 make[5]: Leaving directory '/build/otp_src_26.2.5.12/lib/megaco/src/udp'
#7 109.2 make[4]: Leaving directory '/build/otp_src_26.2.5.12/lib/megaco/src/udp'
#7 109.2 make[3]: Leaving directory '/build/otp_src_26.2.5.12/lib/megaco/src'
#7 109.2 make[3]: Entering directory '/build/otp_src_26.2.5.12/lib/megaco/examples/simple'
#7 109.2 make -w RELEASE_PATH="/usr/local/lib/erlang"   release_spec 
#7 109.2 make[4]: Entering directory '/build/otp_src_26.2.5.12/lib/megaco/examples/simple'
#7 109.2 /usr/bin/install -c -d "/usr/local/lib/erlang/lib/megaco-4.5/examples"
#7 109.2 /usr/bin/install -c -d "/usr/local/lib/erlang/lib/megaco-4.5/examples/simple"
#7 109.3 /usr/bin/install -c -m 644 megaco_simple_mg.erl megaco_simple_mgc.erl	 ./megaco_simple_mg.beam ./megaco_simple_mgc.beam "/usr/local/lib/erlang/lib/megaco-4.5/examples/simple"
#7 109.3 make[4]: Leaving directory '/build/otp_src_26.2.5.12/lib/megaco/examples/simple'
#7 109.3 make[3]: Leaving directory '/build/otp_src_26.2.5.12/lib/megaco/examples/simple'
#7 109.3 make[3]: Entering directory '/build/otp_src_26.2.5.12/lib/megaco/examples/meas'
#7 109.3 make -w RELEASE_PATH="/usr/local/lib/erlang"   release_spec 
#7 109.3 make[4]: Entering directory '/build/otp_src_26.2.5.12/lib/megaco/examples/meas'
#7 109.3 /usr/bin/install -c -d  "/usr/local/lib/erlang/lib/megaco-4.5/examples"
#7 109.3 /usr/bin/install -c -d  "/usr/local/lib/erlang/lib/megaco-4.5/examples/meas"
#7 109.3 /usr/bin/install -c -m 644 time_test.msgs "/usr/local/lib/erlang/lib/megaco-4.5/examples/meas"
#7 109.3 /usr/bin/install -c -m 644 meas.sh.skel mstone1.sh.skel mstone2.sh.skel "/usr/local/lib/erlang/lib/megaco-4.5/examples/meas"
#7 109.3 /usr/bin/install -c -m 644 meas.sh.skel mstone1.sh.skel mstone2.sh.skel ./megaco_codec_transform.beam ./megaco_codec_mstone_lib.beam ./megaco_codec_mstone1.beam ./megaco_codec_mstone2.beam ./megaco_codec_meas.beam "/usr/local/lib/erlang/lib/megaco-4.5/examples/meas"
#7 109.3 /usr/bin/install -c -m 644 megaco_codec_transform.erl megaco_codec_mstone_lib.erl megaco_codec_mstone1.erl megaco_codec_mstone2.erl megaco_codec_meas.erl "/usr/local/lib/erlang/lib/megaco-4.5/examples/meas"
#7 109.3 make[4]: Leaving directory '/build/otp_src_26.2.5.12/lib/megaco/examples/meas'
#7 109.3 make[3]: Leaving directory '/build/otp_src_26.2.5.12/lib/megaco/examples/meas'
#7 109.3 make[3]: Entering directory '/build/otp_src_26.2.5.12/lib/megaco/doc/src'
#7 109.3 make -w RELEASE_PATH="/usr/local/lib/erlang"   release_spec 
#7 109.3 make[4]: Entering directory '/build/otp_src_26.2.5.12/lib/megaco/doc/src'
#7 109.3 make[4]: Nothing to be done for 'release_spec'.
#7 109.3 make[4]: Leaving directory '/build/otp_src_26.2.5.12/lib/megaco/doc/src'
#7 109.3 make[3]: Leaving directory '/build/otp_src_26.2.5.12/lib/megaco/doc/src'
#7 109.3 make[3]: Entering directory '/build/otp_src_26.2.5.12/lib/megaco'
#7 109.3 test -d "/usr/local/lib/erlang/releases/26" || mkdir -p "/usr/local/lib/erlang/releases/26" ;			\
#7 109.3 if test ! -f "/usr/local/lib/erlang/releases/26/installed_application_versions" ; then				\
#7 109.3  echo "megaco-4.5" > "/usr/local/lib/erlang/releases/26/installed_application_versions" || exit 1;	\
#7 109.3 else								\
#7 109.3  if test x = x`grep megaco-4.5 "/usr/local/lib/erlang/releases/26/installed_application_versions"` ; then \
#7 109.3   echo megaco-4.5 >> "/usr/local/lib/erlang/releases/26/installed_application_versions" || exit 1;	\
#7 109.3  fi ;								\
#7 109.3 fi
#7 109.3 make[3]: Leaving directory '/build/otp_src_26.2.5.12/lib/megaco'
#7 109.3 === Leaving application megaco
#7 109.3 make[2]: Leaving directory '/build/otp_src_26.2.5.12/lib/megaco'
#7 109.3 make[2]: Entering directory '/build/otp_src_26.2.5.12/lib/eunit'
#7 109.3 === Entering application eunit
#7 109.3 make[3]: Entering directory '/build/otp_src_26.2.5.12/lib/eunit/src'
#7 109.3 make -w RELEASE_PATH="/usr/local/lib/erlang"   release_spec 
#7 109.3 make[4]: Entering directory '/build/otp_src_26.2.5.12/lib/eunit/src'
#7 109.3 /usr/bin/install -c -d "/usr/local/lib/erlang/lib/eunit-2.9/ebin"
#7 109.3 /usr/bin/install -c -m 644 ../ebin/eunit_autoexport.beam ../ebin/eunit_striptests.beam ../ebin/eunit.beam ../ebin/eunit_tests.beam ../ebin/eunit_server.beam ../ebin/eunit_proc.beam ../ebin/eunit_serial.beam ../ebin/eunit_test.beam ../ebin/eunit_lib.beam ../ebin/eunit_data.beam ../ebin/eunit_tty.beam ../ebin/eunit_surefire.beam ../ebin/eunit_listener.beam ../ebin/eunit.app ../ebin/eunit.appup "/usr/local/lib/erlang/lib/eunit-2.9/ebin"
#7 109.3 /usr/bin/install -c -d "/usr/local/lib/erlang/lib/eunit-2.9/src"
#7 109.3 /usr/bin/install -c -m 644 eunit_autoexport.erl eunit_striptests.erl eunit.erl eunit_tests.erl eunit_server.erl eunit_proc.erl eunit_serial.erl eunit_test.erl eunit_lib.erl eunit_data.erl eunit_tty.erl eunit_surefire.erl  eunit_listener.erl "/usr/local/lib/erlang/lib/eunit-2.9/src"
#7 109.3 /usr/bin/install -c -m 644 eunit_internal.hrl "/usr/local/lib/erlang/lib/eunit-2.9/src"
#7 109.3 /usr/bin/install -c -d "/usr/local/lib/erlang/lib/eunit-2.9/include"
#7 109.3 /usr/bin/install -c -m 644 ../include/eunit.hrl "/usr/local/lib/erlang/lib/eunit-2.9/include"
#7 109.3 make[4]: Leaving directory '/build/otp_src_26.2.5.12/lib/eunit/src'
#7 109.3 make[3]: Leaving directory '/build/otp_src_26.2.5.12/lib/eunit/src'
#7 109.3 make[3]: Entering directory '/build/otp_src_26.2.5.12/lib/eunit/examples'
#7 109.3 make -w RELEASE_PATH="/usr/local/lib/erlang"   release_spec 
#7 109.3 make[4]: Entering directory '/build/otp_src_26.2.5.12/lib/eunit/examples'
#7 109.3 /usr/bin/install -c -d "/usr/local/lib/erlang/lib/eunit-2.9/examples"
#7 109.3 /usr/bin/install -c -m 644 fib.erl tests.txt "/usr/local/lib/erlang/lib/eunit-2.9/examples"
#7 109.3 make[4]: Leaving directory '/build/otp_src_26.2.5.12/lib/eunit/examples'
#7 109.3 make[3]: Leaving directory '/build/otp_src_26.2.5.12/lib/eunit/examples'
#7 109.3 make[3]: Entering directory '/build/otp_src_26.2.5.12/lib/eunit/doc/src'
#7 109.4 make -w RELEASE_PATH="/usr/local/lib/erlang"   release_spec 
#7 109.4 make[4]: Entering directory '/build/otp_src_26.2.5.12/lib/eunit/doc/src'
#7 109.4 make[4]: Nothing to be done for 'release_spec'.
#7 109.4 make[4]: Leaving directory '/build/otp_src_26.2.5.12/lib/eunit/doc/src'
#7 109.4 make[3]: Leaving directory '/build/otp_src_26.2.5.12/lib/eunit/doc/src'
#7 109.4 make[3]: Entering directory '/build/otp_src_26.2.5.12/lib/eunit'
#7 109.4 test -d "/usr/local/lib/erlang/releases/26" || mkdir -p "/usr/local/lib/erlang/releases/26" ;			\
#7 109.4 if test ! -f "/usr/local/lib/erlang/releases/26/installed_application_versions" ; then				\
#7 109.4  echo "eunit-2.9" > "/usr/local/lib/erlang/releases/26/installed_application_versions" || exit 1;	\
#7 109.4 else								\
#7 109.4  if test x = x`grep eunit-2.9 "/usr/local/lib/erlang/releases/26/installed_application_versions"` ; then \
#7 109.4   echo eunit-2.9 >> "/usr/local/lib/erlang/releases/26/installed_application_versions" || exit 1;	\
#7 109.4  fi ;								\
#7 109.4 fi
#7 109.4 make[3]: Leaving directory '/build/otp_src_26.2.5.12/lib/eunit'
#7 109.4 === Leaving application eunit
#7 109.4 make[2]: Leaving directory '/build/otp_src_26.2.5.12/lib/eunit'
#7 109.4 make[2]: Entering directory '/build/otp_src_26.2.5.12/lib/ssh'
#7 109.4 === Entering application ssh
#7 109.4 make[3]: Entering directory '/build/otp_src_26.2.5.12/lib/ssh/src'
#7 109.4 make -w RELEASE_PATH="/usr/local/lib/erlang"   release_spec 
#7 109.4 make[4]: Entering directory '/build/otp_src_26.2.5.12/lib/ssh/src'
#7 109.4 /usr/bin/install -c -d "/usr/local/lib/erlang/lib/ssh-5.1.4.9/src"
#7 109.4 /usr/bin/install -c -m 644 ssh.hrl ssh_agent.hrl ssh_auth.hrl ssh_connect.hrl ssh_fsm.hrl ssh_transport.hrl ssh_xfer.hrl ssh.erl ssh_acceptor.erl ssh_acceptor_sup.erl ssh_agent.erl ssh_app.erl ssh_auth.erl ssh_bits.erl ssh_channel_sup.erl ssh_cli.erl ssh_connection.erl ssh_connection_handler.erl ssh_file.erl ssh_fsm_kexinit.erl ssh_fsm_userauth_client.erl ssh_fsm_userauth_server.erl ssh_info.erl ssh_io.erl ssh_lib.erl ssh_message.erl ssh_no_io.erl ssh_options.erl ssh_sftp.erl ssh_sftpd.erl ssh_sftpd_file.erl ssh_shell.erl ssh_connection_sup.erl ssh_system_sup.erl ssh_tcpip_forward_srv.erl ssh_tcpip_forward_client.erl ssh_tcpip_forward_acceptor_sup.erl ssh_tcpip_forward_acceptor.erl ssh_transport.erl ssh_xfer.erl ssh_dbg.erl ssh_client_key_api.erl ssh_daemon_channel.erl ssh_server_channel.erl ssh_server_key_api.erl ssh_sftpd_file_api.erl ssh_channel.erl ssh_client_channel.erl "/usr/local/lib/erlang/lib/ssh-5.1.4.9/src"
#7 109.4 /usr/bin/install -c -d "/usr/local/lib/erlang/lib/ssh-5.1.4.9/ebin"
#7 109.4 /usr/bin/install -c -m 644 ../ebin/ssh_dbg.beam ../ebin/ssh_client_key_api.beam ../ebin/ssh_daemon_channel.beam ../ebin/ssh_server_channel.beam ../ebin/ssh_server_key_api.beam ../ebin/ssh_sftpd_file_api.beam ../ebin/ssh_channel.beam ../ebin/ssh_client_channel.beam ../ebin/ssh.beam ../ebin/ssh_acceptor.beam ../ebin/ssh_acceptor_sup.beam ../ebin/ssh_agent.beam ../ebin/ssh_app.beam ../ebin/ssh_auth.beam ../ebin/ssh_bits.beam ../ebin/ssh_channel_sup.beam ../ebin/ssh_cli.beam ../ebin/ssh_connection.beam ../ebin/ssh_connection_handler.beam ../ebin/ssh_file.beam ../ebin/ssh_fsm_kexinit.beam ../ebin/ssh_fsm_userauth_client.beam ../ebin/ssh_fsm_userauth_server.beam ../ebin/ssh_info.beam ../ebin/ssh_io.beam ../ebin/ssh_lib.beam ../ebin/ssh_message.beam ../ebin/ssh_no_io.beam ../ebin/ssh_options.beam ../ebin/ssh_sftp.beam ../ebin/ssh_sftpd.beam ../ebin/ssh_sftpd_file.beam ../ebin/ssh_shell.beam ../ebin/ssh_connection_sup.beam ../ebin/ssh_system_sup.beam ../ebin/ssh_tcpip_forward_srv.beam ../ebin/ssh_tcpip_forward_client.beam ../ebin/ssh_tcpip_forward_acceptor_sup.beam ../ebin/ssh_tcpip_forward_acceptor.beam ../ebin/ssh_transport.beam ../ebin/ssh_xfer.beam ../ebin/ssh.app \
#7 109.4 ../ebin/ssh.appup "/usr/local/lib/erlang/lib/ssh-5.1.4.9/ebin"
#7 109.4 /usr/bin/install -c -d "/usr/local/lib/erlang/lib/ssh-5.1.4.9/include"
#7 109.4 make[4]: Leaving directory '/build/otp_src_26.2.5.12/lib/ssh/src'
#7 109.4 make[3]: Leaving directory '/build/otp_src_26.2.5.12/lib/ssh/src'
#7 109.4 make[3]: Entering directory '/build/otp_src_26.2.5.12/lib/ssh/doc/src'
#7 109.4 make -w RELEASE_PATH="/usr/local/lib/erlang"   release_spec 
#7 109.4 make[4]: Entering directory '/build/otp_src_26.2.5.12/lib/ssh/doc/src'
#7 109.4 make[4]: Nothing to be done for 'release_spec'.
#7 109.4 make[4]: Leaving directory '/build/otp_src_26.2.5.12/lib/ssh/doc/src'
#7 109.4 make[3]: Leaving directory '/build/otp_src_26.2.5.12/lib/ssh/doc/src'
#7 109.4 make[3]: Entering directory '/build/otp_src_26.2.5.12/lib/ssh'
#7 109.4 test -d "/usr/local/lib/erlang/releases/26" || mkdir -p "/usr/local/lib/erlang/releases/26" ;			\
#7 109.4 if test ! -f "/usr/local/lib/erlang/releases/26/installed_application_versions" ; then				\
#7 109.4  echo "ssh-5.1.4.9" > "/usr/local/lib/erlang/releases/26/installed_application_versions" || exit 1;	\
#7 109.4 else								\
#7 109.4  if test x = x`grep ssh-5.1.4.9 "/usr/local/lib/erlang/releases/26/installed_application_versions"` ; then \
#7 109.4   echo ssh-5.1.4.9 >> "/usr/local/lib/erlang/releases/26/installed_application_versions" || exit 1;	\
#7 109.4  fi ;								\
#7 109.4 fi
#7 109.4 make[3]: Leaving directory '/build/otp_src_26.2.5.12/lib/ssh'
#7 109.4 === Leaving application ssh
#7 109.4 make[2]: Leaving directory '/build/otp_src_26.2.5.12/lib/ssh'
#7 109.4 make[2]: Entering directory '/build/otp_src_26.2.5.12/lib/eldap'
#7 109.5 === Entering application eldap
#7 109.5 make[3]: Entering directory '/build/otp_src_26.2.5.12/lib/eldap/src'
#7 109.5 make -w RELEASE_PATH="/usr/local/lib/erlang"   release_spec 
#7 109.5 make[4]: Entering directory '/build/otp_src_26.2.5.12/lib/eldap/src'
#7 109.5 /usr/bin/install -c -d "/usr/local/lib/erlang/lib/eldap-1.2.12/ebin"
#7 109.5 /usr/bin/install -c -m 644 ../ebin/ELDAPv3.hrl ../ebin/eldap.beam ../ebin/ELDAPv3.beam ../ebin/eldap.app ../ebin/eldap.appup "/usr/local/lib/erlang/lib/eldap-1.2.12/ebin"
#7 109.5 /usr/bin/install -c -d "/usr/local/lib/erlang/lib/eldap-1.2.12/src"
#7 109.5 /usr/bin/install -c -m 644 eldap.erl "/usr/local/lib/erlang/lib/eldap-1.2.12/src"
#7 109.5 /usr/bin/install -c -d "/usr/local/lib/erlang/lib/eldap-1.2.12/asn1"
#7 109.5 /usr/bin/install -c -m 644 ../asn1/ELDAPv3.asn1 "/usr/local/lib/erlang/lib/eldap-1.2.12/asn1"
#7 109.5 /usr/bin/install -c -d "/usr/local/lib/erlang/lib/eldap-1.2.12/include"
#7 109.5 /usr/bin/install -c -m 644 ../include/eldap.hrl "/usr/local/lib/erlang/lib/eldap-1.2.12/include"
#7 109.5 make[4]: Leaving directory '/build/otp_src_26.2.5.12/lib/eldap/src'
#7 109.5 make[3]: Leaving directory '/build/otp_src_26.2.5.12/lib/eldap/src'
#7 109.5 make[3]: Entering directory '/build/otp_src_26.2.5.12/lib/eldap/doc/src'
#7 109.5 make -w RELEASE_PATH="/usr/local/lib/erlang"   release_spec 
#7 109.5 make[4]: Entering directory '/build/otp_src_26.2.5.12/lib/eldap/doc/src'
#7 109.5 make[4]: Nothing to be done for 'release_spec'.
#7 109.5 make[4]: Leaving directory '/build/otp_src_26.2.5.12/lib/eldap/doc/src'
#7 109.5 make[3]: Leaving directory '/build/otp_src_26.2.5.12/lib/eldap/doc/src'
#7 109.5 make[3]: Entering directory '/build/otp_src_26.2.5.12/lib/eldap'
#7 109.5 test -d "/usr/local/lib/erlang/releases/26" || mkdir -p "/usr/local/lib/erlang/releases/26" ;			\
#7 109.5 if test ! -f "/usr/local/lib/erlang/releases/26/installed_application_versions" ; then				\
#7 109.5  echo "eldap-1.2.12" > "/usr/local/lib/erlang/releases/26/installed_application_versions" || exit 1;	\
#7 109.5 else								\
#7 109.5  if test x = x`grep eldap-1.2.12 "/usr/local/lib/erlang/releases/26/installed_application_versions"` ; then \
#7 109.5   echo eldap-1.2.12 >> "/usr/local/lib/erlang/releases/26/installed_application_versions" || exit 1;	\
#7 109.5  fi ;								\
#7 109.5 fi
#7 109.5 make[3]: Leaving directory '/build/otp_src_26.2.5.12/lib/eldap'
#7 109.5 === Leaving application eldap
#7 109.5 make[2]: Leaving directory '/build/otp_src_26.2.5.12/lib/eldap'
#7 109.5 make[2]: Entering directory '/build/otp_src_26.2.5.12/lib/dialyzer'
#7 109.5 === Entering application dialyzer
#7 109.5 make[3]: Entering directory '/build/otp_src_26.2.5.12/lib/dialyzer/src'
#7 109.5 make -w RELEASE_PATH="/usr/local/lib/erlang"   release_spec 
#7 109.5 make[4]: Entering directory '/build/otp_src_26.2.5.12/lib/dialyzer/src'
#7 109.5 /usr/bin/install -c -d "/usr/local/lib/erlang/lib/dialyzer-5.1.3.1/src"
#7 109.5 /usr/bin/install -c -m 644 cerl_prettypr.erl dialyzer.erl dialyzer_analysis_callgraph.erl dialyzer_behaviours.erl dialyzer_callgraph.erl dialyzer_cl.erl dialyzer_cl_parse.erl dialyzer_clean_core.erl dialyzer_codeserver.erl dialyzer_contracts.erl dialyzer_dataflow.erl dialyzer_dep.erl dialyzer_dot.erl dialyzer_explanation.erl dialyzer_gui_wx.erl dialyzer_incremental.erl dialyzer_options.erl dialyzer_iplt.erl dialyzer_cplt.erl dialyzer_plt.erl dialyzer_succ_typings.erl dialyzer_timing.erl dialyzer_typesig.erl dialyzer_typegraph.erl dialyzer_coordinator.erl dialyzer_worker.erl dialyzer_utils.erl erl_bif_types.erl erl_types.erl typer.erl typer_core.erl dialyzer.hrl dialyzer_gui_wx.hrl  \
#7 109.5 	"/usr/local/lib/erlang/lib/dialyzer-5.1.3.1/src"
#7 109.5 /usr/bin/install -c -d "/usr/local/lib/erlang/lib/dialyzer-5.1.3.1/ebin"
#7 109.5 /usr/bin/install -c -m 644 ../ebin/cerl_prettypr.beam ../ebin/dialyzer.beam ../ebin/dialyzer_analysis_callgraph.beam ../ebin/dialyzer_behaviours.beam ../ebin/dialyzer_callgraph.beam ../ebin/dialyzer_cl.beam ../ebin/dialyzer_cl_parse.beam ../ebin/dialyzer_clean_core.beam ../ebin/dialyzer_codeserver.beam ../ebin/dialyzer_contracts.beam ../ebin/dialyzer_dataflow.beam ../ebin/dialyzer_dep.beam ../ebin/dialyzer_dot.beam ../ebin/dialyzer_explanation.beam ../ebin/dialyzer_gui_wx.beam ../ebin/dialyzer_incremental.beam ../ebin/dialyzer_options.beam ../ebin/dialyzer_iplt.beam ../ebin/dialyzer_cplt.beam ../ebin/dialyzer_plt.beam ../ebin/dialyzer_succ_typings.beam ../ebin/dialyzer_timing.beam ../ebin/dialyzer_typesig.beam ../ebin/dialyzer_typegraph.beam ../ebin/dialyzer_coordinator.beam ../ebin/dialyzer_worker.beam ../ebin/dialyzer_utils.beam ../ebin/erl_bif_types.beam ../ebin/erl_types.beam ../ebin/typer.beam ../ebin/typer_core.beam ../ebin/dialyzer.app ../ebin/dialyzer.appup "/usr/local/lib/erlang/lib/dialyzer-5.1.3.1/ebin"
#7 109.5 make[4]: Leaving directory '/build/otp_src_26.2.5.12/lib/dialyzer/src'
#7 109.5 make[3]: Leaving directory '/build/otp_src_26.2.5.12/lib/dialyzer/src'
#7 109.5 make[3]: Entering directory '/build/otp_src_26.2.5.12/lib/dialyzer/doc/src'
#7 109.5 make -w RELEASE_PATH="/usr/local/lib/erlang"   release_spec 
#7 109.5 make[4]: Entering directory '/build/otp_src_26.2.5.12/lib/dialyzer/doc/src'
#7 109.6 make[4]: Nothing to be done for 'release_spec'.
#7 109.6 make[4]: Leaving directory '/build/otp_src_26.2.5.12/lib/dialyzer/doc/src'
#7 109.6 make[3]: Leaving directory '/build/otp_src_26.2.5.12/lib/dialyzer/doc/src'
#7 109.6 make[3]: Entering directory '/build/otp_src_26.2.5.12/lib/dialyzer'
#7 109.6 test -d "/usr/local/lib/erlang/releases/26" || mkdir -p "/usr/local/lib/erlang/releases/26" ;			\
#7 109.6 if test ! -f "/usr/local/lib/erlang/releases/26/installed_application_versions" ; then				\
#7 109.6  echo "dialyzer-5.1.3.1" > "/usr/local/lib/erlang/releases/26/installed_application_versions" || exit 1;	\
#7 109.6 else								\
#7 109.6  if test x = x`grep dialyzer-5.1.3.1 "/usr/local/lib/erlang/releases/26/installed_application_versions"` ; then \
#7 109.6   echo dialyzer-5.1.3.1 >> "/usr/local/lib/erlang/releases/26/installed_application_versions" || exit 1;	\
#7 109.6  fi ;								\
#7 109.6 fi
#7 109.6 make[3]: Leaving directory '/build/otp_src_26.2.5.12/lib/dialyzer'
#7 109.6 === Leaving application dialyzer
#7 109.6 make[2]: Leaving directory '/build/otp_src_26.2.5.12/lib/dialyzer'
#7 109.6 make[2]: Entering directory '/build/otp_src_26.2.5.12/lib/ftp'
#7 109.6 === Entering application ftp
#7 109.6 make[3]: Entering directory '/build/otp_src_26.2.5.12/lib/ftp/src'
#7 109.6 make -w RELEASE_PATH="/usr/local/lib/erlang"   release_spec 
#7 109.6 make[4]: Entering directory '/build/otp_src_26.2.5.12/lib/ftp/src'
#7 109.6 /usr/bin/install -c -d "/usr/local/lib/erlang/lib/ftp-1.2.1.1/src"
#7 109.6 /usr/bin/install -c -m 644 ftp.erl ftp_internal.erl ftp_app.erl ftp_progress.erl ftp_response.erl ftp_sup.erl   "/usr/local/lib/erlang/lib/ftp-1.2.1.1/src"
#7 109.6 /usr/bin/install -c -d "/usr/local/lib/erlang/lib/ftp-1.2.1.1/ebin"
#7 109.6 /usr/bin/install -c -m 644  ../ebin/ftp.beam ../ebin/ftp_internal.beam ../ebin/ftp_app.beam ../ebin/ftp_progress.beam ../ebin/ftp_response.beam ../ebin/ftp_sup.beam ../ebin/ftp.app \
#7 109.6 ../ebin/ftp.appup "/usr/local/lib/erlang/lib/ftp-1.2.1.1/ebin"
#7 109.6 make[4]: Leaving directory '/build/otp_src_26.2.5.12/lib/ftp/src'
#7 109.6 make[3]: Leaving directory '/build/otp_src_26.2.5.12/lib/ftp/src'
#7 109.6 make[3]: Entering directory '/build/otp_src_26.2.5.12/lib/ftp/doc/src'
#7 109.6 make -w RELEASE_PATH="/usr/local/lib/erlang"   release_spec 
#7 109.6 make[4]: Entering directory '/build/otp_src_26.2.5.12/lib/ftp/doc/src'
#7 109.6 make[4]: Nothing to be done for 'release_spec'.
#7 109.6 make[4]: Leaving directory '/build/otp_src_26.2.5.12/lib/ftp/doc/src'
#7 109.6 make[3]: Leaving directory '/build/otp_src_26.2.5.12/lib/ftp/doc/src'
#7 109.6 make[3]: Entering directory '/build/otp_src_26.2.5.12/lib/ftp'
#7 109.6 test -d "/usr/local/lib/erlang/releases/26" || mkdir -p "/usr/local/lib/erlang/releases/26" ;			\
#7 109.6 if test ! -f "/usr/local/lib/erlang/releases/26/installed_application_versions" ; then				\
#7 109.6  echo "ftp-1.2.1.1" > "/usr/local/lib/erlang/releases/26/installed_application_versions" || exit 1;	\
#7 109.6 else								\
#7 109.6  if test x = x`grep ftp-1.2.1.1 "/usr/local/lib/erlang/releases/26/installed_application_versions"` ; then \
#7 109.6   echo ftp-1.2.1.1 >> "/usr/local/lib/erlang/releases/26/installed_application_versions" || exit 1;	\
#7 109.6  fi ;								\
#7 109.6 fi
#7 109.6 make[3]: Leaving directory '/build/otp_src_26.2.5.12/lib/ftp'
#7 109.6 === Leaving application ftp
#7 109.6 make[2]: Leaving directory '/build/otp_src_26.2.5.12/lib/ftp'
#7 109.6 make[2]: Entering directory '/build/otp_src_26.2.5.12/lib/tftp'
#7 109.6 === Entering application tftp
#7 109.6 make[3]: Entering directory '/build/otp_src_26.2.5.12/lib/tftp/src'
#7 109.6 make -w RELEASE_PATH="/usr/local/lib/erlang"   release_spec 
#7 109.6 make[4]: Entering directory '/build/otp_src_26.2.5.12/lib/tftp/src'
#7 109.6 /usr/bin/install -c -d "/usr/local/lib/erlang/lib/tftp-1.1.1/src"
#7 109.6 /usr/bin/install -c -m 644 tftp_app.erl tftp_binary.erl tftp_engine.erl tftp_file.erl tftp_lib.erl tftp_sup.erl tftp.erl tftp_logger.erl tftp.hrl "/usr/local/lib/erlang/lib/tftp-1.1.1/src"
#7 109.6 /usr/bin/install -c -d "/usr/local/lib/erlang/lib/tftp-1.1.1/ebin"
#7 109.6 /usr/bin/install -c -m 644 ../ebin/tftp.beam ../ebin/tftp_logger.beam ../ebin/tftp_app.beam ../ebin/tftp_binary.beam ../ebin/tftp_engine.beam ../ebin/tftp_file.beam ../ebin/tftp_lib.beam ../ebin/tftp_sup.beam ../ebin/tftp.app \
#7 109.6 ../ebin/tftp.appup "/usr/local/lib/erlang/lib/tftp-1.1.1/ebin"
#7 109.6 make[4]: Leaving directory '/build/otp_src_26.2.5.12/lib/tftp/src'
#7 109.6 make[3]: Leaving directory '/build/otp_src_26.2.5.12/lib/tftp/src'
#7 109.6 make[3]: Entering directory '/build/otp_src_26.2.5.12/lib/tftp/doc/src'
#7 109.7 make -w RELEASE_PATH="/usr/local/lib/erlang"   release_spec 
#7 109.7 make[4]: Entering directory '/build/otp_src_26.2.5.12/lib/tftp/doc/src'
#7 109.7 make[4]: Nothing to be done for 'release_spec'.
#7 109.7 make[4]: Leaving directory '/build/otp_src_26.2.5.12/lib/tftp/doc/src'
#7 109.7 make[3]: Leaving directory '/build/otp_src_26.2.5.12/lib/tftp/doc/src'
#7 109.7 make[3]: Entering directory '/build/otp_src_26.2.5.12/lib/tftp'
#7 109.7 test -d "/usr/local/lib/erlang/releases/26" || mkdir -p "/usr/local/lib/erlang/releases/26" ;			\
#7 109.7 if test ! -f "/usr/local/lib/erlang/releases/26/installed_application_versions" ; then				\
#7 109.7  echo "tftp-1.1.1" > "/usr/local/lib/erlang/releases/26/installed_application_versions" || exit 1;	\
#7 109.7 else								\
#7 109.7  if test x = x`grep tftp-1.1.1 "/usr/local/lib/erlang/releases/26/installed_application_versions"` ; then \
#7 109.7   echo tftp-1.1.1 >> "/usr/local/lib/erlang/releases/26/installed_application_versions" || exit 1;	\
#7 109.7  fi ;								\
#7 109.7 fi
#7 109.7 make[3]: Leaving directory '/build/otp_src_26.2.5.12/lib/tftp'
#7 109.7 === Leaving application tftp
#7 109.7 make[2]: Leaving directory '/build/otp_src_26.2.5.12/lib/tftp'
#7 109.7 make[1]: Leaving directory '/build/otp_src_26.2.5.12/lib'
#7 109.7 (cd "/usr/local/lib/erlang" \
#7 109.7  && ./Install  -minimal "/usr/local/lib/erlang")
#7 109.7 /usr/bin/install -c -m 644 "/build/otp_src_26.2.5.12/OTP_VERSION" "/usr/local/lib/erlang/releases/26"
#7 109.7 cd /usr/local/bin
#7 109.7 rm -f erl
#7 109.7 rm -f erlc
#7 109.7 rm -f epmd
#7 109.7 rm -f run_erl
#7 109.7 rm -f to_erl
#7 109.7 rm -f dialyzer
#7 109.7 rm -f typer
#7 109.7 rm -f escript
#7 109.7 rm -f ct_run
#7 109.7 ln -s ../lib/erlang/bin/erl erl
#7 109.7 ln -s ../lib/erlang/bin/erlc erlc
#7 109.7 ln -s ../lib/erlang/bin/epmd epmd
#7 109.7 ln -s ../lib/erlang/bin/run_erl run_erl
#7 109.7 ln -s ../lib/erlang/bin/to_erl to_erl
#7 109.7 ln -s ../lib/erlang/bin/dialyzer dialyzer
#7 109.7 ln -s ../lib/erlang/bin/typer typer
#7 109.7 ln -s ../lib/erlang/bin/escript escript
#7 109.7 ln -s ../lib/erlang/bin/ct_run ct_run
#7 DONE 110.8s

#8 [5/5] RUN erl -eval 'erlang:display(erlang:system_info(otp_release)), halt().' -noshell
#8 0.482 
#8 0.482 =================================================================
#8 0.482 ==50==ERROR: LeakSanitizer: detected memory leaks
#8 0.482 
#8 0.482 Direct leak of 22 byte(s) in 1 object(s) allocated from:
#8 0.482     #0 0x7fd7de14c9cf in __interceptor_malloc ../../../../src/libsanitizer/asan/asan_malloc_linux.cpp:69
#8 0.482     #1 0x55588a8c7da2 in my_malloc /build/otp_src_26.2.5.12/erts/etc/common/inet_gethost.c:2669
#8 0.482     #2 0x55588a8cc206 in read_request /build/otp_src_26.2.5.12/erts/etc/common/inet_gethost.c:1338
#8 0.482     #3 0x55588a8cc206 in main_loop /build/otp_src_26.2.5.12/erts/etc/common/inet_gethost.c:866
#8 0.482     #4 0x55588a8cd828 in main /build/otp_src_26.2.5.12/erts/etc/common/inet_gethost.c:531
#8 0.482     #5 0x7fd7dddf9249  (/lib/x86_64-linux-gnu/libc.so.6+0x27249)
#8 0.482 
#8 0.482 SUMMARY: AddressSanitizer: 22 byte(s) leaked in 1 allocation(s).
#8 0.579 "26"
#8 0.635 
#8 0.635 =================================================================
#8 0.635 ==7==ERROR: LeakSanitizer: detected memory leaks
#8 0.635 
#8 0.635 Direct leak of 162048 byte(s) in 12 object(s) allocated from:
#8 0.635     #0 0x7f1e315fb9cf in __interceptor_malloc ../../../../src/libsanitizer/asan/asan_malloc_linux.cpp:69
#8 0.635     #1 0x564a4cfadfe2 in sys_thread_init_signal_stack sys/unix/sys_signal_stack.c:278
#8 0.635     #2 0x564a4cf9c8c1 in erts_sys_scheduler_init sys/unix/sys.c:317
#8 0.635     #3 0x564a4c740763 in sched_dirty_cpu_thread_func beam/erl_process.c:8704
#8 0.635     #4 0x564a4d133405 in thr_wrapper pthread/ethread.c:116
#8 0.635     #5 0x7f1e3109b1f4  (/lib/x86_64-linux-gnu/libc.so.6+0x891f4)
#8 0.635 
#8 0.635 Direct leak of 135040 byte(s) in 10 object(s) allocated from:
#8 0.635     #0 0x7f1e315fb9cf in __interceptor_malloc ../../../../src/libsanitizer/asan/asan_malloc_linux.cpp:69
#8 0.635     #1 0x564a4cfadfe2 in sys_thread_init_signal_stack sys/unix/sys_signal_stack.c:278
#8 0.635     #2 0x564a4cf9c8c1 in erts_sys_scheduler_init sys/unix/sys.c:317
#8 0.635     #3 0x564a4c74046f in sched_dirty_io_thread_func beam/erl_process.c:8754
#8 0.635     #4 0x564a4d133405 in thr_wrapper pthread/ethread.c:116
#8 0.635     #5 0x7f1e3109b1f4  (/lib/x86_64-linux-gnu/libc.so.6+0x891f4)
#8 0.635 
#8 0.635 Direct leak of 27008 byte(s) in 2 object(s) allocated from:
#8 0.636     #0 0x7f1e315fb9cf in __interceptor_malloc ../../../../src/libsanitizer/asan/asan_malloc_linux.cpp:69
#8 0.636     #1 0x564a4cfadfe2 in sys_thread_init_signal_stack sys/unix/sys_signal_stack.c:278
#8 0.636     #2 0x564a4cf9c8c1 in erts_sys_scheduler_init sys/unix/sys.c:317
#8 0.636     #3 0x564a4c74e3bd in sched_thread_func beam/erl_process.c:8628
#8 0.636     #4 0x564a4d133405 in thr_wrapper pthread/ethread.c:116
#8 0.636     #5 0x7f1e3109b1f4  (/lib/x86_64-linux-gnu/libc.so.6+0x891f4)
#8 0.636 
#8 0.636 Direct leak of 13504 byte(s) in 1 object(s) allocated from:
#8 0.636     #0 0x7f1e315fb9cf in __interceptor_malloc ../../../../src/libsanitizer/asan/asan_malloc_linux.cpp:69
#8 0.636     #1 0x564a4cfadfe2 in sys_thread_init_signal_stack sys/unix/sys_signal_stack.c:278
#8 0.636     #2 0x564a4cfae1b2 in sys_init_signal_stack sys/unix/sys_signal_stack.c:292
#8 0.636     #3 0x564a4cf9c76d in erts_sys_pre_init sys/unix/sys.c:260
#8 0.636     #4 0x564a4cc2e609 in early_init beam/erl_init.c:882
#8 0.636     #5 0x564a4cc2e609 in erl_start beam/erl_init.c:1347
#8 0.636     #6 0x564a4c73f9e1 in main sys/unix/erl_main.c:30
#8 0.636     #7 0x7f1e31039249  (/lib/x86_64-linux-gnu/libc.so.6+0x27249)
#8 0.636 
#8 0.636 SUMMARY: AddressSanitizer: 337600 byte(s) leaked in 25 allocation(s).
#8 ERROR: process "/bin/sh -c erl -eval 'erlang:display(erlang:system_info(otp_release)), halt().' -noshell" did not complete successfully: exit code: 1
------
 > [5/5] RUN erl -eval 'erlang:display(erlang:system_info(otp_release)), halt().' -noshell:
0.636     #0 0x7f1e315fb9cf in __interceptor_malloc ../../../../src/libsanitizer/asan/asan_malloc_linux.cpp:69
0.636     #1 0x564a4cfadfe2 in sys_thread_init_signal_stack sys/unix/sys_signal_stack.c:278
0.636     #2 0x564a4cfae1b2 in sys_init_signal_stack sys/unix/sys_signal_stack.c:292
0.636     #3 0x564a4cf9c76d in erts_sys_pre_init sys/unix/sys.c:260
0.636     #4 0x564a4cc2e609 in early_init beam/erl_init.c:882
0.636     #5 0x564a4cc2e609 in erl_start beam/erl_init.c:1347
0.636     #6 0x564a4c73f9e1 in main sys/unix/erl_main.c:30
0.636     #7 0x7f1e31039249  (/lib/x86_64-linux-gnu/libc.so.6+0x27249)
0.636 
0.636 SUMMARY: AddressSanitizer: 337600 byte(s) leaked in 25 allocation(s).
------
Dockerfile.erlang-asan:34
--------------------
  32 |     
  33 |     # Verify Erlang installation
  34 | >>> RUN erl -eval 'erlang:display(erlang:system_info(otp_release)), halt().' -noshell
  35 |     
  36 |     ENV ASAN_OPTIONS="detect_leaks=1:abort_on_error=0:halt_on_error=0:print_stats=1:log_path=/logs/asan"
--------------------
ERROR: failed to build: failed to solve: process "/bin/sh -c erl -eval 'erlang:display(erlang:system_info(otp_release)), halt().' -noshell" did not complete successfully: exit code: 1
